Date,Price,Open,High,Low,Change %
2014-09-09,0.0164,0.0165,0.0166,0.0164,-0.61%
2014-09-10,0.0164,0.0164,0.0165,0.0164,0.00%
2014-09-11,0.0164,0.0164,0.0165,0.0164,0.00%
2014-09-12,0.0164,0.0164,0.0165,0.0164,0.00%
2014-09-14,0.0165,0.0165,0.0165,0.0165,0.61%
2014-09-15,0.0164,0.0165,0.0165,0.0163,-0.61%
2014-09-16,0.0164,0.0164,0.0164,0.0163,0.00%
2014-09-17,0.0164,0.0164,0.0165,0.0164,0.00%
2014-09-18,0.0165,0.0164,0.0165,0.0163,0.61%
2014-09-19,0.0164,0.0165,0.0165,0.0164,-0.61%
2014-09-21,0.0164,0.0164,0.0164,0.0164,0.00%
2014-09-22,0.0164,0.0164,0.0165,0.0164,0.00%
2014-09-23,0.0164,0.0164,0.0164,0.0164,0.00%
2014-09-24,0.0164,0.0164,0.0165,0.0164,0.00%
2014-09-25,0.0163,0.0164,0.0164,0.0163,-0.61%
2014-09-26,0.0163,0.0163,0.0164,0.0162,0.00%
2014-09-28,0.0164,0.0163,0.0164,0.0163,0.61%
2014-09-29,0.0162,0.0164,0.0164,0.0161,-1.22%
2014-09-30,0.0162,0.0162,0.0163,0.0161,0.00%
2014-10-01,0.0162,0.0162,0.0162,0.016,0.00%
2014-10-02,0.0163,0.0162,0.0163,0.0162,0.62%
2014-10-03,0.0162,0.0163,0.0163,0.0162,-0.61%
2014-10-05,0.0162,0.0162,0.0162,0.0162,0.00%
2014-10-06,0.0163,0.0162,0.0163,0.0162,0.62%
2014-10-07,0.0163,0.0163,0.0163,0.0162,0.00%
2014-10-08,0.0164,0.0163,0.0164,0.0162,0.61%
2014-10-09,0.0164,0.0164,0.0164,0.0163,0.00%
2014-10-10,0.0163,0.0164,0.0164,0.0163,-0.61%
2014-10-12,0.0163,0.0163,0.0163,0.0163,0.00%
2014-10-13,0.0164,0.0163,0.0164,0.0163,0.61%
2014-10-14,0.0163,0.0164,0.0164,0.0163,-0.61%
2014-10-15,0.0163,0.0163,0.0164,0.0162,0.00%
2014-10-16,0.0162,0.0163,0.0163,0.0161,-0.61%
2014-10-17,0.0163,0.0162,0.0163,0.0162,0.62%
2014-10-19,0.0163,0.0163,0.0163,0.0163,0.00%
2014-10-20,0.0163,0.0163,0.0164,0.0163,0.00%
2014-10-21,0.0164,0.0163,0.0164,0.0163,0.61%
2014-10-22,0.0163,0.0164,0.0164,0.0163,-0.61%
2014-10-23,0.0164,0.0163,0.0164,0.0163,0.61%
2014-10-24,0.0164,0.0164,0.0164,0.0163,0.00%
2014-10-26,0.0163,0.0163,0.0163,0.0163,-0.61%
2014-10-27,0.0163,0.0163,0.0164,0.0163,0.00%
2014-10-28,0.0163,0.0163,0.0164,0.0163,0.00%
2014-10-29,0.0163,0.0163,0.0163,0.0163,0.00%
2014-10-30,0.0163,0.0163,0.0163,0.0162,0.00%
2014-10-31,0.0163,0.0163,0.0163,0.0162,0.00%
2014-11-02,0.0163,0.0163,0.0163,0.0163,0.00%
2014-11-03,0.0163,0.0163,0.0163,0.0163,0.00%
2014-11-04,0.0163,0.0163,0.0163,0.0163,0.00%
2014-11-05,0.0163,0.0163,0.0163,0.0162,0.00%
2014-11-06,0.0163,0.0163,0.0163,0.0162,0.00%
2014-11-07,0.0163,0.0163,0.0163,0.0162,0.00%
2014-11-09,0.0163,0.0163,0.0163,0.0163,0.00%
2014-11-10,0.0162,0.0163,0.0163,0.0162,-0.61%
2014-11-11,0.0163,0.0162,0.0163,0.0162,0.62%
2014-11-12,0.0163,0.0163,0.0163,0.0162,0.00%
2014-11-13,0.0162,0.0163,0.0163,0.0161,-0.61%
2014-11-14,0.0162,0.0162,0.0162,0.0162,0.00%
2014-11-16,0.0162,0.0162,0.0162,0.0162,0.00%
2014-11-17,0.0162,0.0162,0.0163,0.0162,0.00%
2014-11-18,0.0162,0.0162,0.0162,0.0162,0.00%
2014-11-19,0.0161,0.0162,0.0162,0.0161,-0.62%
2014-11-20,0.0161,0.0161,0.0162,0.016,0.00%
2014-11-21,0.0162,0.0161,0.0162,0.0161,0.62%
2014-11-23,0.0162,0.0162,0.0162,0.0162,0.00%
2014-11-24,0.0162,0.0162,0.0162,0.0161,0.00%
2014-11-25,0.0162,0.0162,0.0162,0.0161,0.00%
2014-11-26,0.0162,0.0162,0.0162,0.0162,0.00%
2014-11-27,0.0162,0.0162,0.0162,0.0161,0.00%
2014-11-28,0.0161,0.0162,0.0162,0.0161,-0.62%
2014-11-30,0.0161,0.0161,0.0161,0.0161,0.00%
2014-12-01,0.0161,0.0161,0.0183,0.0161,0.00%
2014-12-02,0.0162,0.0161,0.0162,0.0161,0.62%
2014-12-03,0.0162,0.0162,0.0163,0.0161,0.00%
2014-12-04,0.0162,0.0162,0.0162,0.0161,0.00%
2014-12-05,0.0161,0.0162,0.0162,0.0161,-0.62%
2014-12-07,0.0162,0.0161,0.0162,0.0161,0.62%
2014-12-08,0.0162,0.0162,0.0162,0.0161,0.00%
2014-12-09,0.0162,0.0162,0.0162,0.0161,0.00%
2014-12-10,0.0161,0.0162,0.0162,0.0161,-0.62%
2014-12-11,0.016,0.0161,0.0161,0.016,-0.62%
2014-12-12,0.016,0.016,0.0161,0.0159,0.00%
2014-12-14,0.016,0.016,0.016,0.016,0.00%
2014-12-15,0.0158,0.016,0.016,0.0157,-1.25%
2014-12-16,0.0157,0.0158,0.0159,0.0156,-0.63%
2014-12-17,0.0157,0.0157,0.0158,0.0157,0.00%
2014-12-18,0.0159,0.0157,0.0159,0.0157,1.27%
2014-12-19,0.0158,0.0159,0.0159,0.0157,-0.63%
2014-12-21,0.0158,0.0158,0.0158,0.0158,0.00%
2014-12-22,0.0158,0.0158,0.0158,0.0158,0.00%
2014-12-23,0.0158,0.0158,0.0158,0.0157,0.00%
2014-12-24,0.0158,0.0158,0.0158,0.0157,0.00%
2014-12-25,0.0157,0.0158,0.0158,0.0157,-0.63%
2014-12-26,0.0157,0.0157,0.0158,0.0157,0.00%
2014-12-28,0.0157,0.0157,0.0157,0.0157,0.00%
2014-12-29,0.0157,0.0157,0.0157,0.0157,0.00%
2014-12-30,0.0158,0.0157,0.0158,0.0157,0.64%
2014-12-31,0.0159,0.0158,0.0159,0.0158,0.63%
2015-01-01,0.0159,0.0159,0.0159,0.0158,0.00%
2015-01-02,0.0158,0.0159,0.0159,0.0158,-0.63%
2015-01-04,0.0158,0.0158,0.0158,0.0158,0.00%
2015-01-05,0.0158,0.0158,0.0158,0.0157,0.00%
2015-01-06,0.0157,0.0158,0.0158,0.0157,-0.63%
2015-01-07,0.0158,0.0158,0.0158,0.0157,0.64%
2015-01-08,0.016,0.0158,0.016,0.0158,1.27%
2015-01-09,0.0161,0.016,0.0161,0.016,0.62%
2015-01-11,0.016,0.016,0.016,0.016,-0.62%
2015-01-12,0.0161,0.016,0.0161,0.016,0.62%
2015-01-13,0.0161,0.0161,0.0161,0.0161,0.00%
2015-01-14,0.0161,0.0161,0.0161,0.0161,0.00%
2015-01-15,0.0161,0.0161,0.0163,0.0161,0.00%
2015-01-16,0.0162,0.0161,0.0162,0.0161,0.62%
2015-01-18,0.0162,0.0162,0.0162,0.0162,0.00%
2015-01-19,0.0162,0.0162,0.0162,0.0162,0.00%
2015-01-20,0.0162,0.0162,0.0162,0.0162,0.00%
2015-01-21,0.0162,0.0162,0.0163,0.0162,0.00%
2015-01-22,0.0162,0.0162,0.0163,0.0162,0.00%
2015-01-23,0.0163,0.0162,0.0163,0.0162,0.62%
2015-01-25,0.0163,0.0163,0.0163,0.0163,0.00%
2015-01-26,0.0163,0.0163,0.0163,0.0162,0.00%
2015-01-27,0.0163,0.0163,0.0163,0.0163,0.00%
2015-01-28,0.0163,0.0163,0.0163,0.0162,0.00%
2015-01-29,0.0162,0.0163,0.0163,0.0161,-0.61%
2015-01-30,0.0161,0.0162,0.0162,0.0161,-0.62%
2015-02-01,0.0161,0.0161,0.0161,0.0161,0.00%
2015-02-02,0.0162,0.0161,0.0162,0.0161,0.62%
2015-02-03,0.0162,0.0162,0.0162,0.0162,0.00%
2015-02-04,0.0162,0.0162,0.0162,0.0162,0.00%
2015-02-05,0.0162,0.0162,0.0162,0.0161,0.00%
2015-02-06,0.0161,0.0162,0.0162,0.0161,-0.62%
2015-02-08,0.0161,0.0161,0.0161,0.0161,0.00%
2015-02-09,0.0161,0.0161,0.0161,0.0161,0.00%
2015-02-10,0.016,0.0161,0.0161,0.016,-0.62%
2015-02-11,0.016,0.016,0.0161,0.016,0.00%
2015-02-12,0.0161,0.016,0.0161,0.016,0.62%
2015-02-13,0.0161,0.0161,0.0161,0.0161,0.00%
2015-02-15,0.0161,0.0161,0.0161,0.0161,0.00%
2015-02-16,0.0161,0.0161,0.0161,0.0161,0.00%
2015-02-17,0.0161,0.0161,0.0161,0.016,0.00%
2015-02-18,0.0161,0.0161,0.0161,0.016,0.00%
2015-02-19,0.0161,0.0161,0.0161,0.0161,0.00%
2015-02-20,0.0161,0.0161,0.0161,0.016,0.00%
2015-02-22,0.0161,0.0161,0.0161,0.0161,0.00%
2015-02-23,0.0161,0.0161,0.0161,0.016,0.00%
2015-02-24,0.0161,0.0161,0.0162,0.016,0.00%
2015-02-25,0.0162,0.0161,0.0162,0.0161,0.62%
2015-02-26,0.0162,0.0161,0.0163,0.0161,0.00%
2015-02-27,0.0162,0.0162,0.0163,0.0162,0.00%
2015-03-01,0.0162,0.0162,0.0162,0.0162,0.00%
2015-03-02,0.0162,0.0162,0.0162,0.0161,0.00%
2015-03-03,0.0162,0.0162,0.0162,0.0161,0.00%
2015-03-04,0.016,0.0162,0.0162,0.016,-1.23%
2015-03-05,0.0161,0.016,0.0161,0.016,0.62%
2015-03-06,0.016,0.016,0.016,0.016,-0.62%
2015-03-08,0.016,0.016,0.016,0.016,0.00%
2015-03-09,0.016,0.016,0.016,0.016,0.00%
2015-03-10,0.0159,0.0159,0.0159,0.0159,-0.62%
2015-03-11,0.0159,0.0159,0.0159,0.0159,0.00%
2015-03-12,0.0159,0.0159,0.0159,0.0159,0.00%
2015-03-13,0.016,0.016,0.016,0.016,0.63%
2015-03-15,0.0159,0.0159,0.0159,0.0159,-0.62%
2015-03-16,0.0159,0.0159,0.0159,0.0159,0.00%
2015-03-17,0.0159,0.0159,0.0159,0.0159,0.00%
2015-03-18,0.016,0.016,0.016,0.016,0.63%
2015-03-19,0.0159,0.0159,0.0159,0.0159,-0.62%
2015-03-20,0.016,0.016,0.016,0.016,0.63%
2015-03-22,0.016,0.016,0.016,0.016,0.00%
2015-03-23,0.016,0.016,0.016,0.016,0.00%
2015-03-24,0.0161,0.0161,0.0161,0.0161,0.62%
2015-03-25,0.0161,0.0161,0.0161,0.0161,0.00%
2015-03-26,0.016,0.016,0.016,0.016,-0.62%
2015-03-27,0.0159,0.0159,0.0159,0.0159,-0.62%
2015-03-29,0.016,0.016,0.016,0.016,0.63%
2015-03-30,0.016,0.016,0.016,0.016,0.00%
2015-03-31,0.016,0.016,0.016,0.016,0.00%
2015-04-01,0.016,0.016,0.016,0.016,0.00%
2015-04-02,0.0161,0.0161,0.0161,0.0161,0.62%
2015-04-03,0.0161,0.0161,0.0161,0.0161,0.00%
2015-04-05,0.0161,0.0161,0.0161,0.0161,0.00%
2015-04-06,0.0161,0.0161,0.0161,0.0161,0.00%
2015-04-07,0.016,0.0161,0.0161,0.016,-0.62%
2015-04-08,0.0161,0.016,0.0161,0.016,0.62%
2015-04-09,0.016,0.0161,0.0161,0.016,-0.62%
2015-04-10,0.0161,0.016,0.0161,0.016,0.62%
2015-04-12,0.0161,0.0161,0.0161,0.0161,0.00%
2015-04-13,0.016,0.0161,0.0161,0.016,-0.62%
2015-04-14,0.016,0.016,0.0161,0.016,0.00%
2015-04-15,0.016,0.016,0.0161,0.016,0.00%
2015-04-16,0.016,0.016,0.0161,0.016,0.00%
2015-04-17,0.016,0.016,0.0161,0.016,0.00%
2015-04-19,0.016,0.016,0.016,0.016,0.00%
2015-04-20,0.0158,0.016,0.016,0.0158,-1.25%
2015-04-21,0.0159,0.0158,0.0159,0.0158,0.63%
2015-04-22,0.0159,0.0159,0.0159,0.0159,0.00%
2015-04-23,0.0158,0.0159,0.0159,0.0158,-0.63%
2015-04-24,0.0157,0.0158,0.0158,0.0157,-0.63%
2015-04-26,0.0157,0.0157,0.0157,0.0157,0.00%
2015-04-27,0.0158,0.0157,0.0158,0.0157,0.64%
2015-04-28,0.0159,0.0158,0.016,0.0158,0.63%
2015-04-29,0.0158,0.0159,0.0159,0.0157,-0.63%
2015-04-30,0.0157,0.0158,0.0158,0.0157,-0.63%
2015-05-01,0.0157,0.0157,0.0157,0.0157,0.00%
2015-05-03,0.0157,0.0157,0.0157,0.0157,0.00%
2015-05-04,0.0157,0.0157,0.0158,0.0157,0.00%
2015-05-05,0.0158,0.0157,0.0158,0.0157,0.64%
2015-05-06,0.0157,0.0158,0.0158,0.0157,-0.63%
2015-05-07,0.0156,0.0157,0.0157,0.0155,-0.64%
2015-05-08,0.0157,0.0156,0.0157,0.0156,0.64%
2015-05-10,0.0157,0.0157,0.0157,0.0157,0.00%
2015-05-11,0.0156,0.0157,0.0157,0.0156,-0.64%
2015-05-12,0.0156,0.0156,0.0156,0.0155,0.00%
2015-05-13,0.0156,0.0156,0.0157,0.0156,0.00%
2015-05-14,0.0158,0.0156,0.0158,0.0156,1.28%
2015-05-15,0.0158,0.0158,0.0158,0.0157,0.00%
2015-05-17,0.0158,0.0158,0.0158,0.0158,0.00%
2015-05-18,0.0157,0.0158,0.0158,0.0157,-0.63%
2015-05-19,0.0157,0.0157,0.0157,0.0157,0.00%
2015-05-20,0.0157,0.0157,0.0157,0.0157,0.00%
2015-05-21,0.0157,0.0157,0.0157,0.0157,0.00%
2015-05-22,0.0158,0.0157,0.0158,0.0157,0.64%
2015-05-24,0.0158,0.0158,0.0158,0.0158,0.00%
2015-05-25,0.0157,0.0158,0.0158,0.0157,-0.63%
2015-05-26,0.0156,0.0157,0.0157,0.0156,-0.64%
2015-05-27,0.0157,0.0156,0.0157,0.0156,0.64%
2015-05-28,0.0157,0.0157,0.0157,0.0156,0.00%
2015-05-29,0.0157,0.0157,0.0157,0.0156,0.00%
2015-05-31,0.0157,0.0157,0.0157,0.0157,0.00%
2015-06-01,0.0157,0.0157,0.0157,0.0157,0.00%
2015-06-02,0.0157,0.0157,0.0157,0.0156,0.00%
2015-06-03,0.0156,0.0157,0.0157,0.0156,-0.64%
2015-06-04,0.0156,0.0156,0.0156,0.0156,0.00%
2015-06-05,0.0156,0.0156,0.0157,0.0156,0.00%
2015-06-07,0.0157,0.0157,0.0157,0.0157,0.64%
2015-06-08,0.0156,0.0157,0.0157,0.0156,-0.64%
2015-06-09,0.0156,0.0156,0.0157,0.0156,0.00%
2015-06-10,0.0157,0.0156,0.0157,0.0156,0.64%
2015-06-11,0.0156,0.0157,0.0157,0.0156,-0.64%
2015-06-12,0.0156,0.0156,0.0157,0.0156,0.00%
2015-06-14,0.0156,0.0156,0.0156,0.0156,0.00%
2015-06-15,0.0156,0.0156,0.0156,0.0156,0.00%
2015-06-16,0.0156,0.0156,0.0156,0.0155,0.00%
2015-06-17,0.0156,0.0156,0.0157,0.0156,0.00%
2015-06-18,0.0157,0.0156,0.0157,0.0156,0.64%
2015-06-19,0.0157,0.0157,0.0158,0.0157,0.00%
2015-06-21,0.0157,0.0157,0.0157,0.0157,0.00%
2015-06-22,0.0157,0.0157,0.0158,0.0157,0.00%
2015-06-23,0.0157,0.0157,0.0157,0.0157,0.00%
2015-06-24,0.0157,0.0157,0.0158,0.0157,0.00%
2015-06-25,0.0157,0.0157,0.0158,0.0157,0.00%
2015-06-26,0.0158,0.0157,0.0158,0.0157,0.64%
2015-06-28,0.0158,0.0158,0.0158,0.0158,0.00%
2015-06-29,0.0157,0.0158,0.0158,0.0156,-0.63%
2015-06-30,0.0157,0.0157,0.0157,0.0157,0.00%
2015-07-01,0.0157,0.0157,0.0157,0.0157,0.00%
2015-07-02,0.0158,0.0157,0.0158,0.0157,0.64%
2015-07-03,0.0158,0.0158,0.0158,0.0158,0.00%
2015-07-05,0.0158,0.0158,0.0158,0.0158,0.00%
2015-07-06,0.0158,0.0158,0.0158,0.0157,0.00%
2015-07-07,0.0157,0.0158,0.0158,0.0157,-0.63%
2015-07-08,0.0157,0.0157,0.0158,0.0157,0.00%
2015-07-09,0.0158,0.0157,0.0158,0.0157,0.64%
2015-07-10,0.0158,0.0158,0.0158,0.0158,0.00%
2015-07-12,0.0158,0.0158,0.0158,0.0158,0.00%
2015-07-13,0.0157,0.0158,0.0158,0.0157,-0.63%
2015-07-14,0.0158,0.0157,0.0158,0.0157,0.64%
2015-07-15,0.0157,0.0158,0.0158,0.0157,-0.63%
2015-07-16,0.0158,0.0157,0.0158,0.0157,0.64%
2015-07-17,0.0158,0.0158,0.0158,0.0157,0.00%
2015-07-19,0.0158,0.0158,0.0158,0.0158,0.00%
2015-07-20,0.0157,0.0158,0.0158,0.0157,-0.63%
2015-07-21,0.0157,0.0157,0.0157,0.0157,0.00%
2015-07-22,0.0157,0.0157,0.0157,0.0157,0.00%
2015-07-23,0.0157,0.0157,0.0157,0.0156,0.00%
2015-07-24,0.0156,0.0157,0.0157,0.0156,-0.64%
2015-07-26,0.0156,0.0156,0.0156,0.0156,0.00%
2015-07-27,0.0156,0.0156,0.0156,0.0156,0.00%
2015-07-28,0.0157,0.0156,0.0157,0.0156,0.64%
2015-07-29,0.0157,0.0157,0.0157,0.0156,0.00%
2015-07-30,0.0156,0.0157,0.0157,0.0156,-0.64%
2015-07-31,0.0156,0.0156,0.0157,0.0155,0.00%
2015-08-02,0.0156,0.0156,0.0156,0.0156,0.00%
2015-08-03,0.0156,0.0156,0.0156,0.0012,0.00%
2015-08-04,0.0157,0.0156,0.0157,0.0156,0.64%
2015-08-05,0.0157,0.0157,0.0157,0.0156,0.00%
2015-08-06,0.0157,0.0157,0.0157,0.0157,0.00%
2015-08-07,0.0157,0.0157,0.0157,0.0156,0.00%
2015-08-09,0.0157,0.0157,0.0157,0.0157,0.00%
2015-08-10,0.0157,0.0157,0.0157,0.0156,0.00%
2015-08-11,0.0155,0.0157,0.0157,0.0155,-1.27%
2015-08-12,0.0154,0.0155,0.0156,0.0154,-0.65%
2015-08-13,0.0153,0.0154,0.0155,0.0153,-0.65%
2015-08-14,0.0154,0.0153,0.0154,0.0153,0.65%
2015-08-16,0.0154,0.0154,0.0154,0.0154,0.00%
2015-08-17,0.0153,0.0154,0.0155,0.0153,-0.65%
2015-08-18,0.0153,0.0153,0.0153,0.0153,0.00%
2015-08-19,0.0154,0.0153,0.0154,0.0153,0.65%
2015-08-20,0.0153,0.0154,0.0154,0.0152,-0.65%
2015-08-21,0.0151,0.0153,0.0153,0.0151,-1.31%
2015-08-23,0.0151,0.0151,0.0151,0.0151,0.00%
2015-08-24,0.015,0.0151,0.0151,0.0149,-0.66%
2015-08-25,0.0151,0.015,0.0152,0.0149,0.67%
2015-08-26,0.0151,0.0151,0.0152,0.0151,0.00%
2015-08-27,0.0151,0.0151,0.0152,0.0151,0.00%
2015-08-28,0.0151,0.0151,0.0152,0.0151,0.00%
2015-08-30,0.0151,0.0151,0.0151,0.0151,0.00%
2015-08-31,0.0151,0.0151,0.0151,0.015,0.00%
2015-09-01,0.0151,0.0151,0.0151,0.015,0.00%
2015-09-02,0.0151,0.0151,0.0151,0.015,0.00%
2015-09-03,0.0151,0.0151,0.0151,0.0151,0.00%
2015-09-04,0.015,0.0151,0.0151,0.015,-0.66%
2015-09-06,0.015,0.015,0.015,0.015,0.00%
2015-09-07,0.015,0.015,0.015,0.0149,0.00%
2015-09-08,0.0151,0.015,0.0151,0.0149,0.67%
2015-09-09,0.015,0.0151,0.0151,0.015,-0.66%
2015-09-10,0.0151,0.015,0.0151,0.015,0.67%
2015-09-11,0.0151,0.0151,0.0151,0.015,0.00%
2015-09-13,0.0151,0.0151,0.0151,0.0151,0.00%
2015-09-14,0.0151,0.0151,0.0151,0.015,0.00%
2015-09-15,0.0151,0.0151,0.0152,0.015,0.00%
2015-09-16,0.0151,0.0151,0.0151,0.015,0.00%
2015-09-17,0.0151,0.0151,0.0152,0.015,0.00%
2015-09-18,0.0152,0.0151,0.0152,0.0151,0.66%
2015-09-20,0.0152,0.0152,0.0152,0.0152,0.00%
2015-09-21,0.0152,0.0152,0.0153,0.0152,0.00%
2015-09-22,0.0152,0.0152,0.0153,0.0152,0.00%
2015-09-23,0.0151,0.0152,0.0152,0.0151,-0.66%
2015-09-24,0.0151,0.0151,0.0151,0.0151,0.00%
2015-09-25,0.0151,0.0151,0.0151,0.0151,0.00%
2015-09-27,0.0151,0.0151,0.0151,0.0151,0.00%
2015-09-28,0.0151,0.0151,0.0152,0.0151,0.00%
2015-09-29,0.0152,0.0151,0.0152,0.015,0.66%
2015-09-30,0.0153,0.0152,0.0153,0.0152,0.66%
2015-10-01,0.0152,0.0153,0.0153,0.0152,-0.65%
2015-10-02,0.0153,0.0152,0.0153,0.0152,0.66%
2015-10-04,0.0153,0.0153,0.0153,0.0153,0.00%
2015-10-05,0.0154,0.0153,0.0154,0.0153,0.65%
2015-10-06,0.0153,0.0154,0.0154,0.0153,-0.65%
2015-10-07,0.0154,0.0153,0.0154,0.0153,0.65%
2015-10-08,0.0154,0.0154,0.0154,0.0153,0.00%
2015-10-09,0.0154,0.0154,0.0155,0.0154,0.00%
2015-10-11,0.0154,0.0154,0.0154,0.0154,0.00%
2015-10-12,0.0154,0.0154,0.0155,0.0154,0.00%
2015-10-13,0.0154,0.0154,0.0154,0.0153,0.00%
2015-10-14,0.0154,0.0154,0.0154,0.0153,0.00%
2015-10-15,0.0154,0.0154,0.0155,0.0154,0.00%
2015-10-16,0.0155,0.0154,0.0155,0.0154,0.65%
2015-10-18,0.0155,0.0155,0.0155,0.0155,0.00%
2015-10-19,0.0154,0.0155,0.0155,0.0154,-0.65%
2015-10-20,0.0154,0.0154,0.0154,0.0153,0.00%
2015-10-21,0.0153,0.0154,0.0154,0.0153,-0.65%
2015-10-22,0.0154,0.0153,0.0154,0.0153,0.65%
2015-10-23,0.0154,0.0154,0.0155,0.0154,0.00%
2015-10-25,0.0154,0.0154,0.0154,0.0154,0.00%
2015-10-26,0.0154,0.0154,0.0154,0.0154,0.00%
2015-10-27,0.0154,0.0154,0.0154,0.0154,0.00%
2015-10-28,0.0154,0.0154,0.0154,0.0153,0.00%
2015-10-29,0.0153,0.0154,0.0154,0.0153,-0.65%
2015-10-30,0.0153,0.0153,0.0154,0.0153,0.00%
2015-11-01,0.0153,0.0153,0.0153,0.0153,0.00%
2015-11-02,0.0153,0.0153,0.0153,0.0152,0.00%
2015-11-03,0.0153,0.0153,0.0153,0.0152,0.00%
2015-11-04,0.0152,0.0153,0.0153,0.0152,-0.65%
2015-11-05,0.0152,0.0152,0.0153,0.0152,0.00%
2015-11-06,0.0151,0.0152,0.0153,0.0151,-0.66%
2015-11-08,0.0151,0.0151,0.0151,0.0151,0.00%
2015-11-09,0.015,0.0151,0.0151,0.015,-0.66%
2015-11-10,0.0151,0.015,0.0151,0.015,0.67%
2015-11-11,0.0151,0.0151,0.0152,0.0151,0.00%
2015-11-12,0.0151,0.0151,0.0152,0.0151,0.00%
2015-11-13,0.0151,0.0151,0.0151,0.0151,0.00%
2015-11-15,0.0151,0.0151,0.0151,0.0151,0.00%
2015-11-16,0.0152,0.0151,0.0152,0.0151,0.66%
2015-11-17,0.0151,0.0152,0.0152,0.0151,-0.66%
2015-11-18,0.0151,0.0151,0.0151,0.0151,0.00%
2015-11-19,0.0151,0.0151,0.0152,0.0151,0.00%
2015-11-20,0.0151,0.0151,0.0151,0.0151,0.00%
2015-11-22,0.0151,0.0151,0.0151,0.0151,0.00%
2015-11-23,0.0151,0.0151,0.0151,0.015,0.00%
2015-11-24,0.0151,0.0151,0.0151,0.015,0.00%
2015-11-25,0.0151,0.0151,0.0151,0.0151,0.00%
2015-11-26,0.015,0.0151,0.0151,0.015,-0.66%
2015-11-27,0.015,0.015,0.015,0.0149,0.00%
2015-11-29,0.0149,0.0149,0.0149,0.0149,-0.67%
2015-11-30,0.015,0.0149,0.0151,0.0149,0.67%
2015-12-01,0.015,0.015,0.0151,0.015,0.00%
2015-12-02,0.015,0.015,0.015,0.015,0.00%
2015-12-03,0.015,0.015,0.015,0.0149,0.00%
2015-12-04,0.015,0.015,0.015,0.0149,0.00%
2015-12-06,0.015,0.015,0.015,0.015,0.00%
2015-12-07,0.015,0.015,0.015,0.015,0.00%
2015-12-08,0.015,0.015,0.015,0.015,0.00%
2015-12-09,0.0149,0.015,0.015,0.0149,-0.67%
2015-12-10,0.015,0.0149,0.0151,0.0149,0.67%
2015-12-11,0.0149,0.015,0.015,0.0149,-0.67%
2015-12-13,0.0149,0.0149,0.0149,0.0149,0.00%
2015-12-14,0.0149,0.0149,0.0149,0.0149,0.00%
2015-12-15,0.0149,0.0149,0.015,0.0149,0.00%
2015-12-16,0.0151,0.0149,0.0151,0.0149,1.34%
2015-12-17,0.015,0.0151,0.0151,0.015,-0.66%
2015-12-18,0.0151,0.015,0.0151,0.015,0.67%
2015-12-20,0.0151,0.0151,0.0151,0.0151,0.00%
2015-12-21,0.0151,0.0151,0.0151,0.0151,0.00%
2015-12-22,0.0151,0.0151,0.0151,0.0151,0.00%
2015-12-23,0.0151,0.0151,0.0152,0.015,0.00%
2015-12-24,0.0152,0.0151,0.0152,0.0151,0.66%
2015-12-25,0.0151,0.0152,0.0152,0.0151,-0.66%
2015-12-27,0.0152,0.0152,0.0152,0.0152,0.66%
2015-12-28,0.0151,0.0152,0.0152,0.0151,-0.66%
2015-12-29,0.0151,0.0151,0.0151,0.0151,0.00%
2015-12-30,0.015,0.0151,0.0151,0.015,-0.66%
2015-12-31,0.0151,0.015,0.0151,0.015,0.67%
2016-01-01,0.0151,0.0151,0.0151,0.0151,0.00%
2016-01-03,0.0151,0.0151,0.0151,0.0151,0.00%
2016-01-04,0.015,0.0151,0.0151,0.015,-0.66%
2016-01-05,0.015,0.015,0.0151,0.015,0.00%
2016-01-06,0.015,0.015,0.015,0.015,0.00%
2016-01-07,0.0149,0.015,0.015,0.0149,-0.67%
2016-01-08,0.0149,0.0149,0.015,0.0149,0.00%
2016-01-10,0.015,0.015,0.015,0.015,0.67%
2016-01-11,0.015,0.015,0.015,0.0149,0.00%
2016-01-12,0.0149,0.015,0.015,0.0149,-0.67%
2016-01-13,0.0149,0.0149,0.015,0.0149,0.00%
2016-01-14,0.0149,0.0149,0.0149,0.0148,0.00%
2016-01-15,0.0148,0.0149,0.0149,0.0147,-0.67%
2016-01-17,0.0148,0.0148,0.0148,0.0148,0.00%
2016-01-18,0.0148,0.0148,0.0148,0.0148,0.00%
2016-01-19,0.0148,0.0148,0.0148,0.0147,0.00%
2016-01-20,0.0147,0.0148,0.0148,0.0147,-0.68%
2016-01-21,0.0147,0.0147,0.0147,0.0147,0.00%
2016-01-22,0.0148,0.0147,0.0148,0.0147,0.68%
2016-01-24,0.0148,0.0148,0.0148,0.0148,0.00%
2016-01-25,0.0148,0.0148,0.0148,0.0147,0.00%
2016-01-26,0.0148,0.0148,0.0148,0.0147,0.00%
2016-01-27,0.0147,0.0148,0.0148,0.0147,-0.68%
2016-01-28,0.0147,0.0147,0.0147,0.0147,0.00%
2016-01-29,0.0147,0.0147,0.0148,0.0147,0.00%
2016-01-31,0.0147,0.0147,0.0147,0.0147,0.00%
2016-02-01,0.0147,0.0147,0.0148,0.0147,0.00%
2016-02-02,0.0147,0.0147,0.0148,0.0147,0.00%
2016-02-03,0.0147,0.0147,0.0148,0.0146,0.00%
2016-02-04,0.0148,0.0147,0.0148,0.0147,0.68%
2016-02-05,0.0147,0.0148,0.0148,0.0147,-0.68%
2016-02-07,0.0147,0.0147,0.0147,0.0147,0.00%
2016-02-08,0.0147,0.0147,0.0148,0.0147,0.00%
2016-02-09,0.0147,0.0147,0.0148,0.0147,0.00%
2016-02-10,0.0147,0.0147,0.0147,0.0147,0.00%
2016-02-11,0.0146,0.0147,0.0148,0.0146,-0.68%
2016-02-12,0.0147,0.0146,0.0147,0.0146,0.68%
2016-02-14,0.0147,0.0147,0.0147,0.0147,0.00%
2016-02-15,0.0147,0.0147,0.0147,0.0146,0.00%
2016-02-16,0.0146,0.0147,0.0147,0.0146,-0.68%
2016-02-17,0.0146,0.0146,0.0146,0.0146,0.00%
2016-02-18,0.0146,0.0146,0.0146,0.0146,0.00%
2016-02-19,0.0146,0.0146,0.0146,0.0145,0.00%
2016-02-21,0.0146,0.0146,0.0146,0.0146,0.00%
2016-02-22,0.0146,0.0146,0.0146,0.0146,0.00%
2016-02-23,0.0146,0.0146,0.0146,0.0146,0.00%
2016-02-24,0.0146,0.0146,0.3517,0.0146,0.00%
2016-02-25,0.0145,0.0146,0.0146,0.0145,-0.68%
2016-02-26,0.0145,0.0145,0.0146,0.0145,0.00%
2016-02-28,0.0145,0.0145,0.0145,0.0145,0.00%
2016-02-29,0.0147,0.0145,0.0147,0.0145,1.38%
2016-03-01,0.0148,0.0147,0.0148,0.0146,0.68%
2016-03-02,0.0148,0.0148,0.0149,0.0148,0.00%
2016-03-03,0.0149,0.0148,0.0149,0.0148,0.68%
2016-03-04,0.0149,0.0149,0.015,0.0148,0.00%
2016-03-06,0.0149,0.0149,0.0149,0.0149,0.00%
2016-03-07,0.0149,0.0149,0.0149,0.0149,0.00%
2016-03-08,0.0148,0.0149,0.0149,0.0148,-0.67%
2016-03-09,0.0149,0.0148,0.0149,0.0148,0.68%
2016-03-10,0.0149,0.0149,0.0149,0.0148,0.00%
2016-03-11,0.0149,0.0149,0.0149,0.0149,0.00%
2016-03-13,0.0149,0.0149,0.0149,0.0149,0.00%
2016-03-14,0.0149,0.0149,0.0149,0.0149,0.00%
2016-03-15,0.0148,0.0149,0.0149,0.0148,-0.67%
2016-03-16,0.015,0.0148,0.015,0.0148,1.35%
2016-03-17,0.015,0.015,0.0151,0.0149,0.00%
2016-03-18,0.0151,0.015,0.0151,0.015,0.67%
2016-03-20,0.0151,0.0151,0.0151,0.0151,0.00%
2016-03-21,0.015,0.0151,0.0151,0.015,-0.66%
2016-03-22,0.015,0.015,0.015,0.015,0.00%
2016-03-23,0.0149,0.015,0.015,0.0149,-0.67%
2016-03-24,0.0149,0.0149,0.015,0.0149,0.00%
2016-03-25,0.015,0.0149,0.015,0.0149,0.67%
2016-03-27,0.0149,0.0149,0.0149,0.0149,-0.67%
2016-03-28,0.0149,0.0149,0.015,0.0149,0.00%
2016-03-29,0.0151,0.0149,0.0151,0.0149,1.34%
2016-03-30,0.0151,0.0151,0.0151,0.015,0.00%
2016-03-31,0.0151,0.0151,0.0151,0.0151,0.00%
2016-04-01,0.0151,0.0151,0.0151,0.015,0.00%
2016-04-03,0.0151,0.0151,0.0151,0.0151,0.00%
2016-04-04,0.0151,0.0151,0.0151,0.0151,0.00%
2016-04-05,0.015,0.0151,0.0152,0.015,-0.66%
2016-04-06,0.015,0.015,0.0151,0.015,0.00%
2016-04-07,0.015,0.015,0.0151,0.015,0.00%
2016-04-08,0.015,0.015,0.015,0.015,0.00%
2016-04-10,0.015,0.015,0.015,0.015,0.00%
2016-04-11,0.0151,0.015,0.0151,0.015,0.67%
2016-04-12,0.0151,0.0151,0.0151,0.015,0.00%
2016-04-13,0.015,0.0151,0.0151,0.015,-0.66%
2016-04-14,0.015,0.015,0.015,0.015,0.00%
2016-04-15,0.015,0.015,0.015,0.015,0.00%
2016-04-17,0.015,0.015,0.015,0.015,0.00%
2016-04-18,0.0151,0.015,0.0151,0.015,0.67%
2016-04-19,0.0151,0.0151,0.0151,0.015,0.00%
2016-04-20,0.0151,0.0151,0.0151,0.0151,0.00%
2016-04-21,0.015,0.0151,0.0151,0.015,-0.66%
2016-04-22,0.015,0.015,0.0151,0.015,0.00%
2016-04-24,0.015,0.015,0.015,0.015,0.00%
2016-04-25,0.015,0.015,0.015,0.015,0.00%
2016-04-26,0.015,0.015,0.0151,0.0149,0.00%
2016-04-27,0.0151,0.015,0.0151,0.015,0.67%
2016-04-28,0.015,0.0151,0.0151,0.015,-0.66%
2016-04-29,0.0151,0.015,0.0151,0.015,0.67%
2016-05-01,0.0151,0.0151,0.0151,0.0151,0.00%
2016-05-02,0.0151,0.0151,0.0151,0.015,0.00%
2016-05-03,0.015,0.0151,0.0151,0.015,-0.66%
2016-05-04,0.015,0.015,0.015,0.015,0.00%
2016-05-05,0.015,0.015,0.015,0.015,0.00%
2016-05-06,0.015,0.015,0.015,0.015,0.00%
2016-05-08,0.015,0.015,0.015,0.015,0.00%
2016-05-09,0.015,0.015,0.0151,0.015,0.00%
2016-05-10,0.015,0.015,0.015,0.015,0.00%
2016-05-11,0.015,0.015,0.015,0.015,0.00%
2016-05-12,0.015,0.015,0.015,0.015,0.00%
2016-05-13,0.0149,0.015,0.015,0.0149,-0.67%
2016-05-15,0.0149,0.0149,0.0149,0.0149,0.00%
2016-05-16,0.015,0.0149,0.015,0.0149,0.67%
2016-05-17,0.015,0.015,0.015,0.0149,0.00%
2016-05-18,0.0149,0.015,0.015,0.0149,-0.67%
2016-05-19,0.0148,0.0149,0.0149,0.0148,-0.67%
2016-05-20,0.0148,0.0148,0.0149,0.0148,0.00%
2016-05-22,0.0148,0.0148,0.0148,0.0148,0.00%
2016-05-23,0.0148,0.0148,0.0149,0.0148,0.00%
2016-05-24,0.0148,0.0148,0.0148,0.0147,0.00%
2016-05-25,0.0149,0.0148,0.0149,0.0148,0.68%
2016-05-26,0.0149,0.0149,0.0149,0.0148,0.00%
2016-05-27,0.0149,0.0149,0.0149,0.0149,0.00%
2016-05-29,0.0149,0.0149,0.0149,0.0149,0.00%
2016-05-30,0.0149,0.0149,0.0149,0.0148,0.00%
2016-05-31,0.0149,0.0149,0.0149,0.0149,0.00%
2016-06-01,0.0148,0.0149,0.0149,0.0148,-0.67%
2016-06-02,0.0149,0.0148,0.0149,0.0148,0.68%
2016-06-03,0.015,0.0149,0.015,0.0148,0.67%
2016-06-05,0.0149,0.0149,0.0149,0.0149,-0.67%
2016-06-06,0.015,0.0149,0.015,0.0149,0.67%
2016-06-07,0.015,0.015,0.015,0.0149,0.00%
2016-06-08,0.015,0.015,0.015,0.0147,0.00%
2016-06-09,0.015,0.015,0.015,0.015,0.00%
2016-06-10,0.0149,0.015,0.015,0.0149,-0.67%
2016-06-12,0.0149,0.0149,0.0149,0.0149,0.00%
2016-06-13,0.0149,0.0149,0.0149,0.0149,0.00%
2016-06-14,0.0149,0.0149,0.0149,0.0148,0.00%
2016-06-15,0.0149,0.0149,0.0149,0.0148,0.00%
2016-06-16,0.0149,0.0149,0.0149,0.0148,0.00%
2016-06-17,0.0149,0.0149,0.0149,0.0149,0.00%
2016-06-19,0.0149,0.0149,0.0149,0.0149,0.00%
2016-06-20,0.0148,0.0149,0.0149,0.0148,-0.67%
2016-06-21,0.0148,0.0148,0.0148,0.0148,0.00%
2016-06-22,0.0148,0.0148,0.0148,0.0148,0.00%
2016-06-23,0.0149,0.0148,0.0149,0.0148,0.68%
2016-06-24,0.0147,0.0149,0.0149,0.0146,-1.34%
2016-06-26,0.0147,0.0147,0.0147,0.0147,0.00%
2016-06-27,0.0147,0.0147,0.0147,0.0147,0.00%
2016-06-28,0.0148,0.0147,0.0148,0.0147,0.68%
2016-06-29,0.0148,0.0148,0.0148,0.0147,0.00%
2016-06-30,0.0148,0.0148,0.0148,0.0148,0.00%
2016-07-01,0.0149,0.0148,0.0149,0.0148,0.68%
2016-07-03,0.0149,0.0149,0.0149,0.0149,0.00%
2016-07-04,0.0149,0.0149,0.0149,0.0149,0.00%
2016-07-05,0.0148,0.0149,0.0149,0.0148,-0.67%
2016-07-06,0.0148,0.0148,0.0148,0.0148,0.00%
2016-07-07,0.0148,0.0148,0.0149,0.0148,0.00%
2016-07-08,0.0149,0.0148,0.0149,0.0148,0.68%
2016-07-10,0.0149,0.0149,0.0149,0.0149,0.00%
2016-07-11,0.0149,0.0149,0.0149,0.0149,0.00%
2016-07-12,0.0149,0.0149,0.0149,0.0149,0.00%
2016-07-13,0.0149,0.0149,0.0149,0.0149,0.00%
2016-07-14,0.015,0.0149,0.015,0.0149,0.67%
2016-07-15,0.0149,0.015,0.015,0.0149,-0.67%
2016-07-17,0.0149,0.0149,0.0149,0.0149,0.00%
2016-07-18,0.0149,0.0149,0.0149,0.0149,0.00%
2016-07-19,0.0149,0.0149,0.0149,0.0149,0.00%
2016-07-20,0.0149,0.0149,0.0149,0.0149,0.00%
2016-07-21,0.0149,0.0149,0.0149,0.0149,0.00%
2016-07-22,0.0149,0.0149,0.0149,0.0149,0.00%
2016-07-24,0.0149,0.0149,0.0149,0.0149,0.00%
2016-07-25,0.0148,0.0149,0.0149,0.0148,-0.67%
2016-07-26,0.0149,0.0148,0.0149,0.0148,0.68%
2016-07-27,0.0149,0.0149,0.0149,0.0148,0.00%
2016-07-28,0.0149,0.0149,0.0149,0.0149,0.00%
2016-07-29,0.015,0.0149,0.015,0.0149,0.67%
2016-07-31,0.015,0.015,0.015,0.015,0.00%
2016-08-01,0.015,0.015,0.015,0.015,0.00%
2016-08-02,0.015,0.015,0.015,0.015,0.00%
2016-08-03,0.015,0.015,0.015,0.0149,0.00%
2016-08-04,0.015,0.015,0.015,0.0149,0.00%
2016-08-05,0.015,0.015,0.015,0.0149,0.00%
2016-08-07,0.015,0.015,0.015,0.015,0.00%
2016-08-08,0.015,0.015,0.015,0.015,0.00%
2016-08-09,0.015,0.015,0.015,0.0149,0.00%
2016-08-10,0.015,0.015,0.015,0.015,0.00%
2016-08-11,0.015,0.015,0.015,0.0149,0.00%
2016-08-12,0.0149,0.015,0.015,0.0149,-0.67%
2016-08-14,0.0149,0.0149,0.0149,0.0149,0.00%
2016-08-15,0.015,0.0149,0.015,0.0149,0.67%
2016-08-16,0.015,0.015,0.015,0.0149,0.00%
2016-08-17,0.0149,0.015,0.015,0.0149,-0.67%
2016-08-18,0.015,0.0149,0.015,0.0149,0.67%
2016-08-19,0.0149,0.015,0.015,0.0149,-0.67%
2016-08-21,0.0149,0.0149,0.0149,0.0149,0.00%
2016-08-22,0.0149,0.0149,0.0149,0.0149,0.00%
2016-08-23,0.0149,0.0149,0.0149,0.0149,0.00%
2016-08-24,0.0149,0.0149,0.0149,0.0148,0.00%
2016-08-25,0.0149,0.0149,0.0149,0.0149,0.00%
2016-08-26,0.0149,0.0149,0.015,0.0149,0.00%
2016-08-28,0.0149,0.0149,0.0149,0.0149,0.00%
2016-08-29,0.0149,0.0149,0.0149,0.0149,0.00%
2016-08-30,0.0149,0.0149,0.0149,0.0149,0.00%
2016-08-31,0.0149,0.0149,0.0149,0.0149,0.00%
2016-09-01,0.01495,0.01493,0.01495,0.01493,0.37%
2016-09-02,0.014969999999999999,0.014969999999999999,0.014969999999999999,0.014969999999999999,0.13%
2016-09-04,0.015019999999999999,0.015019999999999999,0.015019999999999999,0.015019999999999999,0.33%
2016-09-05,0.015040000000000001,0.015019999999999999,0.01505,0.015019999999999999,0.17%
2016-09-06,0.015059999999999999,0.015040000000000001,0.01505,0.015040000000000001,0.08%
2016-09-07,0.01505,0.015090000000000001,0.015090000000000001,0.01505,-0.05%
2016-09-08,0.015009999999999999,0.015040000000000001,0.01505,0.015040000000000001,-0.28%
2016-09-09,0.01495,0.01505,0.015069999999999998,0.01495,-0.39%
2016-09-11,0.014969999999999999,0.01495,0.014969999999999999,0.01495,0.17%
2016-09-12,0.01495,0.014969999999999999,0.014969999999999999,0.01495,-0.15%
2016-09-13,0.01495,0.01499,0.01499,0.01495,0.00%
2016-09-14,0.014969999999999999,0.01491,0.01495,0.01491,0.13%
2016-09-15,0.01496,0.014980000000000002,0.014980000000000002,0.01492,-0.08%
2016-09-16,0.01494,0.01496,0.01496,0.01495,-0.10%
2016-09-18,0.01491,0.01491,0.01491,0.01491,-0.22%
2016-09-19,0.01495,0.01491,0.01495,0.01491,0.27%
2016-09-20,0.01493,0.01493,0.01493,0.01493,-0.10%
2016-09-21,0.01495,0.01493,0.01495,0.01493,0.13%
2016-09-22,0.01496,0.014980000000000002,0.014980000000000002,0.01495,0.04%
2016-09-23,0.015009999999999999,0.015009999999999999,0.015009999999999999,0.015009999999999999,0.33%
2016-09-25,0.01499,0.01499,0.01499,0.01499,-0.11%
2016-09-26,0.01499,0.01499,0.01499,0.01499,0.00%
2016-09-27,0.01505,0.015009999999999999,0.01505,0.015009999999999999,0.38%
2016-09-28,0.015059999999999999,0.01505,0.01505,0.01505,0.05%
2016-09-29,0.01496,0.015069999999999998,0.015069999999999998,0.01495,-0.65%
2016-09-30,0.01496,0.01496,0.01496,0.01496,0.04%
2016-10-02,0.015019999999999999,0.015019999999999999,0.015019999999999999,0.015019999999999999,0.41%
2016-10-03,0.015059999999999999,0.015019999999999999,0.01505,0.015019999999999999,0.25%
2016-10-04,0.01505,0.015059999999999999,0.015059999999999999,0.015040000000000001,-0.11%
2016-10-05,0.015019999999999999,0.015019999999999999,0.015019999999999999,0.015019999999999999,-0.19%
2016-10-06,0.015019999999999999,0.015019999999999999,0.015019999999999999,0.015019999999999999,0.00%
2016-10-07,0.01499,0.01499,0.01499,0.01499,-0.19%
2016-10-09,0.015009999999999999,0.015009999999999999,0.015009999999999999,0.015009999999999999,0.14%
2016-10-10,0.015009999999999999,0.015009999999999999,0.015009999999999999,0.015009999999999999,0.00%
2016-10-11,0.015040000000000001,0.015040000000000001,0.015040000000000001,0.015040000000000001,0.16%
2016-10-12,0.014969999999999999,0.014969999999999999,0.014969999999999999,0.014969999999999999,-0.47%
2016-10-13,0.01495,0.01496,0.01496,0.01495,-0.11%
2016-10-14,0.01495,0.014969999999999999,0.014969999999999999,0.01495,0.00%
2016-10-16,0.01499,0.01499,0.01499,0.01499,0.26%
2016-10-17,0.01496,0.01499,0.01499,0.01495,-0.19%
2016-10-18,0.014969999999999999,0.014969999999999999,0.014969999999999999,0.014969999999999999,0.07%
2016-10-19,0.014980000000000002,0.014980000000000002,0.014980000000000002,0.014980000000000002,0.07%
2016-10-20,0.015,0.015,0.015,0.015,0.15%
2016-10-21,0.01495,0.01496,0.01496,0.01495,-0.36%
2016-10-23,0.01494,0.01494,0.01494,0.01494,-0.05%
2016-10-24,0.01495,0.01494,0.01495,0.01494,0.05%
2016-10-25,0.01495,0.01496,0.01496,0.01495,0.00%
2016-10-26,0.01496,0.014969999999999999,0.014969999999999999,0.01495,0.00%
2016-10-27,0.01495,0.01496,0.01496,0.01495,-0.04%
2016-10-28,0.01495,0.01494,0.01495,0.01494,0.00%
2016-10-30,0.014969999999999999,0.014969999999999999,0.014969999999999999,0.014969999999999999,0.13%
2016-10-31,0.014969999999999999,0.014969999999999999,0.014969999999999999,0.014969999999999999,0.00%
2016-11-01,0.015,0.015,0.015,0.015,0.17%
2016-11-02,0.015,0.015,0.015,0.015,0.00%
2016-11-03,0.014969999999999999,0.014969999999999999,0.014969999999999999,0.014969999999999999,-0.15%
2016-11-04,0.01499,0.01499,0.01499,0.01499,0.14%
2016-11-06,0.014969999999999999,0.014969999999999999,0.014969999999999999,0.014969999999999999,-0.15%
2016-11-07,0.014969999999999999,0.014969999999999999,0.014969999999999999,0.014969999999999999,0.00%
2016-11-08,0.01505,0.014980000000000002,0.015059999999999999,0.014980000000000002,0.54%
2016-11-09,0.015009999999999999,0.0151,0.0151,0.01495,-0.27%
2016-11-10,0.01495,0.015030000000000002,0.015059999999999999,0.01495,-0.43%
2016-11-11,0.01485,0.01488,0.01496,0.01485,-0.65%
2016-11-13,0.0148,0.0148,0.0148,0.0148,-0.33%
2016-11-14,0.01475,0.0148,0.0148,0.014740000000000001,-0.32%
2016-11-15,0.01475,0.01475,0.01475,0.014740000000000001,0.00%
2016-11-16,0.01475,0.014759999999999999,0.014759999999999999,0.01475,-0.04%
2016-11-17,0.01475,0.014709999999999999,0.01475,0.014709999999999999,0.00%
2016-11-18,0.014709999999999999,0.014709999999999999,0.014709999999999999,0.014709999999999999,-0.25%
2016-11-20,0.014669999999999999,0.014669999999999999,0.014669999999999999,0.014669999999999999,-0.28%
2016-11-21,0.01466,0.014669999999999999,0.014669999999999999,0.01465,-0.08%
2016-11-22,0.01465,0.01466,0.01466,0.01465,-0.05%
2016-11-23,0.014530000000000001,0.01462,0.01462,0.01455,-0.79%
2016-11-24,0.01455,0.014530000000000001,0.01455,0.014530000000000001,0.10%
2016-11-25,0.01455,0.01454,0.01455,0.01454,0.00%
2016-11-27,0.01459,0.01459,0.01459,0.01459,0.30%
2016-11-28,0.01455,0.01459,0.01469,0.01455,-0.30%
2016-11-29,0.01455,0.014580000000000001,0.014580000000000001,0.01455,0.00%
2016-11-30,0.01457,0.01457,0.01457,0.01457,0.15%
2016-12-01,0.01465,0.014580000000000001,0.01465,0.014580000000000001,0.54%
2016-12-02,0.01465,0.01466,0.01466,0.01464,0.00%
2016-12-04,0.0147,0.0147,0.0147,0.0147,0.34%
2016-12-05,0.01465,0.0147,0.0147,0.01465,-0.34%
2016-12-06,0.01475,0.0147,0.01475,0.0147,0.70%
2016-12-07,0.01475,0.014759999999999999,0.014759999999999999,0.01475,0.00%
2016-12-08,0.01485,0.01481,0.01486,0.01481,0.66%
2016-12-09,0.014830000000000001,0.014830000000000001,0.014830000000000001,0.014830000000000001,-0.09%
2016-12-11,0.014819999999999998,0.014819999999999998,0.014819999999999998,0.014819999999999998,-0.08%
2016-12-12,0.014819999999999998,0.014819999999999998,0.014819999999999998,0.014819999999999998,0.00%
2016-12-13,0.014830000000000001,0.014830000000000001,0.014830000000000001,0.014830000000000001,0.07%
2016-12-14,0.014740000000000001,0.01484,0.01484,0.01475,-0.60%
2016-12-15,0.01475,0.014740000000000001,0.014759999999999999,0.014740000000000001,0.05%
2016-12-16,0.01475,0.014740000000000001,0.01475,0.014740000000000001,0.00%
2016-12-18,0.014740000000000001,0.014740000000000001,0.014740000000000001,0.014740000000000001,-0.07%
2016-12-19,0.01475,0.014740000000000001,0.01475,0.014740000000000001,0.04%
2016-12-20,0.014740000000000001,0.014740000000000001,0.014740000000000001,0.014740000000000001,-0.05%
2016-12-21,0.01475,0.01475,0.01475,0.01475,0.07%
2016-12-22,0.014740000000000001,0.014740000000000001,0.014740000000000001,0.014740000000000001,-0.04%
2016-12-23,0.01475,0.014740000000000001,0.01475,0.014740000000000001,0.05%
2016-12-25,0.014740000000000001,0.014740000000000001,0.014740000000000001,0.014740000000000001,-0.06%
2016-12-26,0.01475,0.014740000000000001,0.01475,0.014740000000000001,0.09%
2016-12-27,0.01475,0.014740000000000001,0.01475,0.014740000000000001,-0.05%
2016-12-28,0.014709999999999999,0.014709999999999999,0.014709999999999999,0.014709999999999999,-0.24%
2016-12-29,0.01466,0.01466,0.01466,0.01466,-0.35%
2016-12-30,0.014719999999999999,0.014719999999999999,0.014719999999999999,0.014719999999999999,0.40%
2017-01-01,0.014719999999999999,0.014719999999999999,0.014719999999999999,0.014719999999999999,0.00%
2017-01-02,0.014719999999999999,0.014719999999999999,0.014719999999999999,0.014719999999999999,0.00%
2017-01-03,0.01465,0.014669999999999999,0.014669999999999999,0.01464,-0.48%
2017-01-04,0.01468,0.01465,0.01465,0.01465,0.23%
2017-01-05,0.014759999999999999,0.014730000000000002,0.01475,0.01465,0.54%
2017-01-06,0.01475,0.014759999999999999,0.014759999999999999,0.01475,-0.06%
2017-01-08,0.01468,0.01468,0.01468,0.01468,-0.50%
2017-01-09,0.01466,0.014669999999999999,0.014669999999999999,0.01465,-0.14%
2017-01-10,0.01465,0.01468,0.01468,0.01465,-0.04%
2017-01-11,0.01465,0.01464,0.01465,0.01464,0.00%
2017-01-12,0.014669999999999999,0.014669999999999999,0.014669999999999999,0.01462,0.14%
2017-01-13,0.01466,0.01468,0.01468,0.01465,-0.10%
2017-01-15,0.014669999999999999,0.014669999999999999,0.014669999999999999,0.014669999999999999,0.08%
2017-01-16,0.01465,0.014669999999999999,0.014669999999999999,0.01465,-0.13%
2017-01-17,0.01468,0.01468,0.01468,0.01468,0.22%
2017-01-18,0.01466,0.014730000000000002,0.014730000000000002,0.01465,-0.17%
2017-01-19,0.01466,0.01466,0.01466,0.0,0.00%
2017-01-20,0.01466,0.01468,0.01468,0.01465,0.00%
2017-01-22,0.01469,0.01469,0.01469,0.01469,0.22%
2017-01-23,0.01469,0.01469,0.01469,0.01469,0.00%
2017-01-24,0.01469,0.01469,0.01469,0.01469,0.04%
2017-01-25,0.014669999999999999,0.014669999999999999,0.014669999999999999,0.014669999999999999,-0.17%
2017-01-26,0.014709999999999999,0.014709999999999999,0.014709999999999999,0.014709999999999999,0.29%
2017-01-27,0.014669999999999999,0.014669999999999999,0.014669999999999999,0.014669999999999999,-0.26%
2017-01-29,0.01468,0.01468,0.01468,0.01468,0.08%
2017-01-30,0.01475,0.01468,0.01475,0.01468,0.44%
2017-01-31,0.0148,0.014740000000000001,0.01485,0.014740000000000001,0.35%
2017-02-01,0.01484,0.01481,0.01485,0.01481,0.25%
2017-02-02,0.01488,0.01484,0.01486,0.01484,0.30%
2017-02-03,0.01485,0.01486,0.01486,0.01484,-0.21%
2017-02-05,0.01489,0.01489,0.01489,0.01489,0.26%
2017-02-06,0.01489,0.01489,0.01489,0.01489,0.00%
2017-02-07,0.01475,0.01488,0.01488,0.014709999999999999,-0.88%
2017-02-08,0.01485,0.01485,0.01485,0.01485,0.66%
2017-02-09,0.01495,0.01493,0.01495,0.01493,0.67%
2017-02-10,0.01495,0.014980000000000002,0.014980000000000002,0.01495,0.00%
2017-02-12,0.01496,0.01496,0.01496,0.01496,0.05%
2017-02-13,0.01493,0.01496,0.01496,0.01495,-0.19%
2017-02-14,0.01495,0.01494,0.01495,0.01494,0.13%
2017-02-15,0.01495,0.014969999999999999,0.014969999999999999,0.01494,0.00%
2017-02-16,0.01495,0.01495,0.01495,0.01495,0.00%
2017-02-17,0.01489,0.01489,0.01489,0.01489,-0.42%
2017-02-19,0.01491,0.01491,0.01491,0.01491,0.15%
2017-02-20,0.01495,0.01491,0.01495,0.01491,0.25%
2017-02-21,0.01495,0.01493,0.01495,0.01493,0.00%
2017-02-22,0.01495,0.01493,0.01495,0.01493,0.00%
2017-02-23,0.01495,0.01494,0.01495,0.01494,0.00%
2017-02-24,0.01499,0.01499,0.01499,0.01499,0.29%
2017-02-26,0.015,0.015,0.015,0.015,0.07%
2017-02-27,0.015,0.015,0.015,0.015,0.00%
2017-02-28,0.014980000000000002,0.014980000000000002,0.014980000000000002,0.014980000000000002,-0.15%
2017-03-01,0.01495,0.01499,0.01499,0.01495,-0.21%
2017-03-02,0.01496,0.01496,0.01496,0.01496,0.00%
2017-03-03,0.01495,0.01496,0.01496,0.01495,0.00%
2017-03-05,0.014969999999999999,0.014969999999999999,0.014969999999999999,0.014969999999999999,0.14%
2017-03-06,0.014969999999999999,0.014969999999999999,0.014969999999999999,0.014969999999999999,0.00%
2017-03-07,0.015,0.015,0.015,0.015,0.16%
2017-03-08,0.015009999999999999,0.015009999999999999,0.015009999999999999,0.015009999999999999,0.07%
2017-03-09,0.014980000000000002,0.014980000000000002,0.014980000000000002,0.014980000000000002,-0.22%
2017-03-10,0.01499,0.01499,0.01499,0.01499,0.13%
2017-03-12,0.015040000000000001,0.015040000000000001,0.015040000000000001,0.015040000000000001,0.29%
2017-03-13,0.01511,0.015040000000000001,0.01511,0.015040000000000001,0.50%
2017-03-14,0.01515,0.01511,0.01515,0.01511,0.26%
2017-03-15,0.01524,0.0152,0.015319999999999999,0.0152,0.56%
2017-03-16,0.015319999999999999,0.01524,0.015319999999999999,0.01524,0.51%
2017-03-17,0.01525,0.01529,0.01529,0.01524,-0.41%
2017-03-19,0.015269999999999999,0.015269999999999999,0.015269999999999999,0.015269999999999999,0.13%
2017-03-20,0.015269999999999999,0.015269999999999999,0.015269999999999999,0.015269999999999999,0.00%
2017-03-21,0.015269999999999999,0.0153,0.0153,0.01524,-0.05%
2017-03-22,0.01525,0.015269999999999999,0.015269999999999999,0.01525,-0.09%
2017-03-23,0.0153,0.0153,0.0153,0.0153,0.29%
2017-03-24,0.015280000000000002,0.015280000000000002,0.015280000000000002,0.015280000000000002,-0.12%
2017-03-26,0.01529,0.01529,0.01529,0.01529,0.08%
2017-03-27,0.015369999999999998,0.01529,0.01535,0.015280000000000002,0.55%
2017-03-28,0.01535,0.015369999999999998,0.015369999999999998,0.01535,-0.16%
2017-03-29,0.01535,0.01535,0.01535,0.01535,0.00%
2017-03-30,0.015430000000000001,0.015430000000000001,0.015430000000000001,0.015430000000000001,0.55%
2017-03-31,0.01542,0.01542,0.01542,0.01542,-0.06%
2017-04-02,0.015430000000000001,0.015430000000000001,0.015430000000000001,0.015430000000000001,0.04%
2017-04-03,0.01542,0.01542,0.01542,0.01542,-0.08%
2017-04-04,0.01535,0.01541,0.01541,0.01535,-0.41%
2017-04-05,0.01535,0.015369999999999998,0.015369999999999998,0.01535,0.00%
2017-04-06,0.01545,0.015369999999999998,0.01545,0.015369999999999998,0.65%
2017-04-07,0.01556,0.01548,0.01555,0.01545,0.70%
2017-04-09,0.01556,0.01556,0.01556,0.01556,0.00%
2017-04-10,0.01554,0.01556,0.01556,0.01555,-0.11%
2017-04-11,0.01545,0.01548,0.01548,0.01545,-0.59%
2017-04-12,0.01546,0.01549,0.01549,0.01545,0.00%
2017-04-13,0.01554,0.01549,0.01555,0.01549,0.57%
2017-04-14,0.01551,0.01551,0.01551,0.01545,-0.23%
2017-04-16,0.01551,0.01551,0.01551,0.01551,0.03%
2017-04-17,0.01555,0.01551,0.01555,0.01551,0.22%
2017-04-18,0.015519999999999999,0.015519999999999999,0.015519999999999999,0.015519999999999999,-0.14%
2017-04-19,0.01549,0.01549,0.01549,0.01549,-0.24%
2017-04-20,0.01545,0.01547,0.01547,0.01545,-0.22%
2017-04-21,0.01546,0.01546,0.01546,0.01546,0.00%
2017-04-23,0.01547,0.01547,0.01547,0.01547,0.07%
2017-04-24,0.01547,0.01547,0.01547,0.01547,0.00%
2017-04-25,0.01553,0.01551,0.01555,0.01551,0.40%
2017-04-26,0.01556,0.01553,0.01556,0.01553,0.18%
2017-04-27,0.015609999999999999,0.015609999999999999,0.015609999999999999,0.015609999999999999,0.34%
2017-04-28,0.01556,0.0156,0.0156,0.01555,-0.34%
2017-04-30,0.01556,0.01556,0.01556,0.01556,0.00%
2017-05-01,0.01556,0.01556,0.01556,0.01556,0.00%
2017-05-02,0.01556,0.01556,0.01556,0.01556,0.00%
2017-05-03,0.0156,0.0156,0.0156,0.0156,0.23%
2017-05-04,0.015580000000000002,0.015580000000000002,0.015580000000000002,0.015580000000000002,-0.09%
2017-05-05,0.01555,0.015569999999999999,0.015569999999999999,0.01555,-0.23%
2017-05-07,0.01555,0.01555,0.01555,0.01555,0.00%
2017-05-08,0.01555,0.01555,0.01556,0.01555,0.00%
2017-05-09,0.01554,0.01554,0.01554,0.01554,-0.07%
2017-05-10,0.01546,0.01546,0.01546,0.01546,-0.49%
2017-05-11,0.01549,0.01549,0.01549,0.01549,0.22%
2017-05-12,0.01555,0.01553,0.01555,0.01553,0.37%
2017-05-14,0.015580000000000002,0.015580000000000002,0.015580000000000002,0.015580000000000002,0.20%
2017-05-15,0.015580000000000002,0.015580000000000002,0.015580000000000002,0.015580000000000002,0.00%
2017-05-16,0.015609999999999999,0.015609999999999999,0.015609999999999999,0.015609999999999999,0.17%
2017-05-17,0.015619999999999998,0.015619999999999998,0.015619999999999998,0.015619999999999998,0.08%
2017-05-18,0.015369999999999998,0.01556,0.01556,0.01535,-1.60%
2017-05-19,0.01546,0.01541,0.01545,0.01541,0.55%
2017-05-21,0.01551,0.01551,0.01551,0.01551,0.37%
2017-05-22,0.01551,0.01551,0.01551,0.01551,0.00%
2017-05-23,0.01545,0.0155,0.0155,0.01545,-0.42%
2017-05-24,0.01544,0.01541,0.01545,0.01541,-0.06%
2017-05-25,0.01547,0.01544,0.01547,0.01544,0.18%
2017-05-26,0.01549,0.01549,0.01549,0.01549,0.15%
2017-05-28,0.0155,0.0155,0.0155,0.0155,0.05%
2017-05-29,0.0155,0.0155,0.0155,0.0155,0.00%
2017-05-30,0.0155,0.0155,0.0155,0.0155,0.00%
2017-05-31,0.01547,0.01547,0.01547,0.01547,-0.17%
2017-06-01,0.0155,0.0155,0.0155,0.0155,0.18%
2017-06-02,0.01556,0.01553,0.01556,0.01553,0.39%
2017-06-04,0.015519999999999999,0.015519999999999999,0.015519999999999999,0.015519999999999999,-0.24%
2017-06-05,0.01554,0.015519999999999999,0.01556,0.015519999999999999,0.11%
2017-06-06,0.01555,0.01554,0.01555,0.01554,0.00%
2017-06-07,0.01555,0.015519999999999999,0.01555,0.015519999999999999,0.00%
2017-06-08,0.01556,0.015519999999999999,0.01555,0.015519999999999999,0.10%
2017-06-09,0.01555,0.01556,0.01556,0.01554,-0.10%
2017-06-11,0.01553,0.01553,0.01553,0.01553,-0.10%
2017-06-12,0.01555,0.01553,0.015569999999999999,0.01553,0.10%
2017-06-13,0.01551,0.01551,0.01551,0.01551,-0.24%
2017-06-14,0.015609999999999999,0.01554,0.015609999999999999,0.01554,0.67%
2017-06-15,0.01545,0.015580000000000002,0.015580000000000002,0.01545,-1.02%
2017-06-16,0.01545,0.01549,0.01549,0.01545,0.00%
2017-06-18,0.01553,0.01553,0.01553,0.01553,0.47%
2017-06-19,0.01553,0.01553,0.01553,0.01553,0.00%
2017-06-20,0.0155,0.0155,0.0155,0.0155,-0.14%
2017-06-21,0.01549,0.01549,0.01549,0.01549,-0.07%
2017-06-22,0.01549,0.01549,0.01549,0.01549,0.00%
2017-06-23,0.01548,0.01548,0.01548,0.01548,-0.08%
2017-06-25,0.0155,0.0155,0.0155,0.0155,0.15%
2017-06-26,0.0155,0.0155,0.0155,0.0155,0.00%
2017-06-27,0.015519999999999999,0.015519999999999999,0.015519999999999999,0.015519999999999999,0.12%
2017-06-28,0.0155,0.0155,0.0155,0.0155,-0.16%
2017-06-29,0.015430000000000001,0.0155,0.0155,0.01544,-0.40%
2017-06-30,0.01545,0.015430000000000001,0.01547,0.015430000000000001,0.11%
2017-07-02,0.01548,0.01548,0.01548,0.01548,0.16%
2017-07-03,0.01544,0.01548,0.01548,0.01545,-0.23%
2017-07-04,0.01545,0.01542,0.01545,0.01542,0.05%
2017-07-05,0.01545,0.015430000000000001,0.01545,0.015430000000000001,0.00%
2017-07-06,0.01545,0.015430000000000001,0.01545,0.015430000000000001,0.00%
2017-07-07,0.01545,0.01545,0.01545,0.01545,0.00%
2017-07-09,0.01547,0.01547,0.01547,0.01547,0.14%
2017-07-10,0.01547,0.01547,0.01547,0.01547,0.00%
2017-07-11,0.01551,0.01551,0.01551,0.01551,0.23%
2017-07-12,0.0155,0.0155,0.0155,0.0155,-0.10%
2017-07-13,0.01553,0.01553,0.01553,0.01553,0.25%
2017-07-14,0.01556,0.015519999999999999,0.01555,0.015519999999999999,0.15%
2017-07-16,0.01556,0.01556,0.01556,0.01556,0.00%
2017-07-17,0.01555,0.01556,0.01556,0.015519999999999999,-0.07%
2017-07-18,0.01554,0.01554,0.01555,0.01554,0.00%
2017-07-19,0.01555,0.01555,0.01555,0.01555,0.06%
2017-07-20,0.015519999999999999,0.01556,0.01556,0.01555,-0.20%
2017-07-21,0.01555,0.01554,0.01555,0.01554,0.18%
2017-07-23,0.01551,0.01551,0.01551,0.01551,-0.24%
2017-07-24,0.01551,0.01551,0.01551,0.01551,0.00%
2017-07-25,0.01553,0.01553,0.01553,0.01553,0.15%
2017-07-26,0.01554,0.01551,0.01555,0.01551,0.00%
2017-07-27,0.015580000000000002,0.01554,0.015569999999999999,0.01554,0.25%
2017-07-28,0.015580000000000002,0.015580000000000002,0.015580000000000002,0.015580000000000002,0.00%
2017-07-30,0.015590000000000001,0.015590000000000001,0.015590000000000001,0.015590000000000001,0.10%
2017-07-31,0.015590000000000001,0.015590000000000001,0.015590000000000001,0.015590000000000001,0.00%
2017-08-01,0.015580000000000002,0.015580000000000002,0.015580000000000002,0.015580000000000002,-0.10%
2017-08-02,0.01565,0.015609999999999999,0.01565,0.015609999999999999,0.48%
2017-08-03,0.01571,0.01571,0.01571,0.01571,0.38%
2017-08-04,0.0157,0.0157,0.0157,0.0157,-0.09%
2017-08-06,0.0157,0.0157,0.0157,0.0157,0.05%
2017-08-07,0.0157,0.0157,0.0157,0.0157,0.00%
2017-08-08,0.01566,0.01566,0.01566,0.01566,-0.26%
2017-08-09,0.01565,0.0157,0.0157,0.01564,-0.09%
2017-08-10,0.01565,0.01565,0.01565,0.01565,0.00%
2017-08-11,0.015590000000000001,0.015590000000000001,0.015590000000000001,0.015590000000000001,-0.39%
2017-08-13,0.0156,0.0156,0.0156,0.0156,0.09%
2017-08-14,0.0156,0.0156,0.0156,0.0156,0.00%
2017-08-15,0.01556,0.0156,0.0156,0.01556,-0.28%
2017-08-16,0.015619999999999998,0.01556,0.015619999999999998,0.015519999999999999,0.40%
2017-08-17,0.015580000000000002,0.015580000000000002,0.015609999999999999,0.015580000000000002,-0.29%
2017-08-18,0.015609999999999999,0.015580000000000002,0.015609999999999999,0.015590000000000001,0.19%
2017-08-20,0.0156,0.0156,0.0156,0.0156,0.00%
2017-08-21,0.015580000000000002,0.0156,0.015609999999999999,0.015580000000000002,-0.13%
2017-08-22,0.015609999999999999,0.0156,0.015609999999999999,0.015590000000000001,0.16%
2017-08-23,0.015619999999999998,0.015609999999999999,0.015619999999999998,0.015590000000000001,0.08%
2017-08-24,0.015609999999999999,0.015619999999999998,0.015609999999999999,0.015619999999999998,-0.05%
2017-08-25,0.01566,0.015609999999999999,0.01565,0.015609999999999999,0.30%
2017-08-27,0.015619999999999998,0.015619999999999998,0.015619999999999998,0.015619999999999998,-0.24%
2017-08-28,0.01567,0.015619999999999998,0.01566,0.015619999999999998,0.30%
2017-08-29,0.01563,0.01567,0.01567,0.01565,-0.24%
2017-08-30,0.01563,0.01563,0.01565,0.01563,0.00%
2017-08-31,0.01564,0.01563,0.01565,0.01563,0.08%
2017-09-01,0.01567,0.01564,0.01565,0.01564,0.15%
2017-09-03,0.015619999999999998,0.015619999999999998,0.015619999999999998,0.015619999999999998,-0.31%
2017-09-04,0.015590000000000001,0.015619999999999998,0.01566,0.015590000000000001,-0.16%
2017-09-05,0.015590000000000001,0.015619999999999998,0.015609999999999999,0.015590000000000001,0.00%
2017-09-06,0.015619999999999998,0.0156,0.015619999999999998,0.015590000000000001,0.16%
2017-09-07,0.01563,0.015619999999999998,0.01565,0.015619999999999998,0.10%
2017-09-08,0.01564,0.01563,0.01565,0.01563,0.00%
2017-09-10,0.01564,0.01564,0.01564,0.01564,0.00%
2017-09-11,0.01564,0.01568,0.01568,0.01564,0.00%
2017-09-12,0.01563,0.01564,0.01563,0.01564,-0.10%
2017-09-13,0.015590000000000001,0.015619999999999998,0.015619999999999998,0.015590000000000001,-0.20%
2017-09-14,0.015569999999999999,0.015590000000000001,0.015609999999999999,0.01555,-0.17%
2017-09-15,0.015590000000000001,0.015580000000000002,0.015609999999999999,0.015590000000000001,0.13%
2017-09-17,0.015590000000000001,0.015590000000000001,0.015590000000000001,0.015590000000000001,0.00%
2017-09-18,0.015569999999999999,0.015590000000000001,0.015609999999999999,0.015569999999999999,-0.15%
2017-09-19,0.01555,0.015569999999999999,0.015569999999999999,0.01555,-0.13%
2017-09-20,0.01555,0.01555,0.01555,0.01548,0.00%
2017-09-21,0.015390000000000001,0.01555,0.01555,0.015390000000000001,-1.02%
2017-09-22,0.01541,0.015430000000000001,0.01541,0.015340000000000001,0.08%
2017-09-24,0.01541,0.01541,0.01541,0.01541,0.00%
2017-09-25,0.015330000000000002,0.01541,0.01541,0.01529,-0.50%
2017-09-26,0.015280000000000002,0.015319999999999999,0.015309999999999999,0.015280000000000002,-0.36%
2017-09-27,0.01526,0.0153,0.015309999999999999,0.01525,-0.11%
2017-09-28,0.01529,0.01526,0.01526,0.01519,0.18%
2017-09-29,0.015319999999999999,0.0153,0.015319999999999999,0.015269999999999999,0.20%
2017-10-01,0.015309999999999999,0.015309999999999999,0.015309999999999999,0.015309999999999999,0.00%
2017-10-02,0.01525,0.015309999999999999,0.015309999999999999,0.01524,-0.42%
2017-10-03,0.01526,0.015309999999999999,0.015309999999999999,0.01525,0.08%
2017-10-04,0.015359999999999999,0.015280000000000002,0.01535,0.01529,0.63%
2017-10-05,0.015330000000000002,0.015380000000000001,0.015380000000000001,0.01535,-0.15%
2017-10-06,0.015269999999999999,0.015330000000000002,0.01535,0.01525,-0.44%
2017-10-08,0.015280000000000002,0.015280000000000002,0.015280000000000002,0.015280000000000002,0.12%
2017-10-09,0.015280000000000002,0.015280000000000002,0.015309999999999999,0.015280000000000002,0.00%
2017-10-10,0.015340000000000001,0.015280000000000002,0.01535,0.01529,0.34%
2017-10-11,0.015330000000000002,0.015330000000000002,0.01535,0.015330000000000002,0.00%
2017-10-12,0.015369999999999998,0.015330000000000002,0.01535,0.015330000000000002,0.23%
2017-10-13,0.01546,0.015369999999999998,0.01545,0.015390000000000001,0.61%
2017-10-15,0.01546,0.01546,0.01546,0.01546,0.00%
2017-10-16,0.01545,0.01546,0.01546,0.01545,-0.03%
2017-10-17,0.015380000000000001,0.01545,0.01545,0.015380000000000001,-0.50%
2017-10-18,0.015369999999999998,0.0154,0.01541,0.01535,-0.05%
2017-10-19,0.01541,0.015369999999999998,0.01541,0.015390000000000001,0.23%
2017-10-20,0.015359999999999999,0.0154,0.0154,0.015359999999999999,-0.31%
2017-10-22,0.015359999999999999,0.015359999999999999,0.015359999999999999,0.015359999999999999,0.00%
2017-10-23,0.015369999999999998,0.015359999999999999,0.015359999999999999,0.015369999999999998,0.11%
2017-10-24,0.015359999999999999,0.015369999999999998,0.01541,0.01535,-0.07%
2017-10-25,0.01542,0.015359999999999999,0.01542,0.015330000000000002,0.37%
2017-10-26,0.01541,0.01542,0.01541,0.015359999999999999,-0.07%
2017-10-27,0.01541,0.01541,0.01541,0.01535,0.00%
2017-10-29,0.01541,0.01541,0.01541,0.01541,0.00%
2017-10-30,0.01542,0.01541,0.01542,0.01541,0.05%
2017-10-31,0.01546,0.01542,0.01545,0.01542,0.27%
2017-11-01,0.01551,0.01546,0.01551,0.01544,0.29%
2017-11-02,0.01549,0.01549,0.01551,0.01549,-0.12%
2017-11-03,0.01545,0.0155,0.01551,0.01545,-0.20%
2017-11-05,0.01546,0.01546,0.01546,0.01546,0.00%
2017-11-06,0.01547,0.01546,0.01546,0.01545,0.07%
2017-11-07,0.015340000000000001,0.01548,0.01548,0.01535,-0.79%
2017-11-08,0.01541,0.015340000000000001,0.01541,0.015340000000000001,0.42%
2017-11-09,0.015359999999999999,0.0154,0.01541,0.01535,-0.28%
2017-11-10,0.01529,0.015390000000000001,0.015390000000000001,0.01529,-0.48%
2017-11-12,0.015340000000000001,0.015340000000000001,0.015340000000000001,0.015340000000000001,0.35%
2017-11-13,0.015280000000000002,0.015340000000000001,0.015340000000000001,0.015280000000000002,-0.42%
2017-11-14,0.015269999999999999,0.015280000000000002,0.015309999999999999,0.01525,-0.09%
2017-11-15,0.015309999999999999,0.01529,0.015309999999999999,0.01529,0.31%
2017-11-16,0.015330000000000002,0.015309999999999999,0.01535,0.01529,0.13%
2017-11-17,0.015369999999999998,0.015330000000000002,0.01546,0.015330000000000002,0.23%
2017-11-19,0.0154,0.0154,0.0154,0.0154,0.23%
2017-11-20,0.015380000000000001,0.0154,0.0154,0.015380000000000001,-0.18%
2017-11-21,0.01544,0.015380000000000001,0.01544,0.01535,0.41%
2017-11-22,0.01544,0.01544,0.01545,0.015390000000000001,0.00%
2017-11-23,0.01547,0.01544,0.01545,0.01544,0.21%
2017-11-24,0.01546,0.01548,0.01548,0.01545,-0.05%
2017-11-26,0.01549,0.01549,0.01549,0.01549,0.19%
2017-11-27,0.015519999999999999,0.01549,0.015519999999999999,0.01545,0.17%
2017-11-28,0.01551,0.015519999999999999,0.01551,0.01549,-0.05%
2017-11-29,0.01554,0.01551,0.01555,0.01551,0.18%
2017-11-30,0.01551,0.015519999999999999,0.01551,0.01548,-0.20%
2017-12-01,0.01549,0.0155,0.01551,0.01549,-0.09%
2017-12-03,0.0155,0.0155,0.0155,0.0155,0.05%
2017-12-04,0.01554,0.0155,0.01555,0.01549,0.24%
2017-12-05,0.01554,0.01554,0.01555,0.01554,0.00%
2017-12-06,0.01549,0.01554,0.01551,0.01549,-0.27%
2017-12-07,0.01549,0.0155,0.01551,0.01549,0.00%
2017-12-08,0.01551,0.01549,0.01551,0.01549,0.10%
2017-12-10,0.01551,0.01551,0.01551,0.01551,0.00%
2017-12-11,0.01554,0.01551,0.01555,0.01551,0.19%
2017-12-12,0.01549,0.01554,0.01553,0.01549,-0.31%
2017-12-13,0.01554,0.01549,0.01555,0.01549,0.36%
2017-12-14,0.01556,0.01554,0.01555,0.01554,0.07%
2017-12-15,0.015609999999999999,0.01556,0.015609999999999999,0.015590000000000001,0.33%
2017-12-17,0.0156,0.0156,0.0156,0.0156,0.00%
2017-12-18,0.015569999999999999,0.0156,0.015609999999999999,0.01549,-0.25%
2017-12-19,0.015609999999999999,0.015569999999999999,0.015609999999999999,0.015590000000000001,0.29%
2017-12-20,0.01563,0.015609999999999999,0.01563,0.015609999999999999,0.13%
2017-12-21,0.015619999999999998,0.01563,0.015619999999999998,0.015590000000000001,-0.07%
2017-12-22,0.015619999999999998,0.015619999999999998,0.015619999999999998,0.015619999999999998,0.00%
2017-12-24,0.015619999999999998,0.015619999999999998,0.015619999999999998,0.015619999999999998,0.00%
2017-12-25,0.015619999999999998,0.015619999999999998,0.015619999999999998,0.015619999999999998,0.00%
2017-12-26,0.015619999999999998,0.015619999999999998,0.015619999999999998,0.015619999999999998,0.00%
2017-12-27,0.015590000000000001,0.015619999999999998,0.015609999999999999,0.015590000000000001,-0.14%
2017-12-28,0.015609999999999999,0.015590000000000001,0.015609999999999999,0.015590000000000001,0.08%
2017-12-29,0.01566,0.015609999999999999,0.01565,0.015609999999999999,0.32%
2017-12-31,0.01566,0.01566,0.01566,0.01566,0.00%
2018-01-01,0.01565,0.01566,0.01571,0.01565,-0.04%
2018-01-02,0.01576,0.01565,0.01576,0.01566,0.64%
2018-01-03,0.01577,0.01576,0.01576,0.01575,0.06%
2018-01-04,0.01577,0.01577,0.01577,0.01573,0.00%
2018-01-05,0.015790000000000002,0.015780000000000002,0.015780000000000002,0.015790000000000002,0.12%
2018-01-07,0.0158,0.0158,0.0158,0.0158,0.11%
2018-01-08,0.01576,0.0158,0.01581,0.01575,-0.29%
2018-01-09,0.01569,0.01576,0.01576,0.01569,-0.40%
2018-01-10,0.01568,0.01571,0.015719999999999998,0.01568,-0.09%
2018-01-11,0.01571,0.01568,0.01571,0.01569,0.17%
2018-01-12,0.01574,0.0157,0.01575,0.01569,0.18%
2018-01-14,0.015719999999999998,0.015719999999999998,0.015719999999999998,0.015719999999999998,-0.09%
2018-01-15,0.01574,0.015719999999999998,0.01575,0.015719999999999998,0.11%
2018-01-16,0.015590000000000001,0.01574,0.01571,0.015590000000000001,-0.93%
2018-01-17,0.01567,0.015619999999999998,0.01565,0.015619999999999998,0.45%
2018-01-18,0.01565,0.01567,0.01567,0.01565,-0.07%
2018-01-19,0.01566,0.01565,0.01571,0.01565,0.06%
2018-01-21,0.01566,0.01567,0.01567,0.01566,0.00%
2018-01-22,0.01565,0.01566,0.01566,0.01565,-0.08%
2018-01-23,0.01568,0.01565,0.01565,0.01568,0.20%
2018-01-24,0.01573,0.01568,0.01573,0.01568,0.27%
2018-01-25,0.01574,0.01573,0.01575,0.01573,0.06%
2018-01-26,0.01573,0.01573,0.01575,0.01573,0.00%
2018-01-28,0.01573,0.01573,0.01573,0.01573,-0.03%
2018-01-29,0.01571,0.01573,0.01571,0.01569,-0.15%
2018-01-30,0.01568,0.0157,0.01571,0.01568,-0.17%
2018-01-31,0.01571,0.01568,0.01571,0.01569,0.18%
2018-02-01,0.01563,0.0157,0.01571,0.01565,-0.49%
2018-02-02,0.015569999999999999,0.01563,0.01565,0.015569999999999999,-0.40%
2018-02-04,0.015590000000000001,0.015590000000000001,0.015590000000000001,0.015590000000000001,0.15%
2018-02-05,0.01555,0.015590000000000001,0.015609999999999999,0.01555,-0.28%
2018-02-06,0.015609999999999999,0.01555,0.015609999999999999,0.01555,0.41%
2018-02-07,0.01556,0.015609999999999999,0.015609999999999999,0.01555,-0.33%
2018-02-08,0.01548,0.015569999999999999,0.015569999999999999,0.01548,-0.48%
2018-02-09,0.015569999999999999,0.015519999999999999,0.01555,0.015519999999999999,0.56%
2018-02-11,0.015569999999999999,0.015569999999999999,0.015569999999999999,0.015569999999999999,0.00%
2018-02-12,0.01555,0.015569999999999999,0.015569999999999999,0.01554,-0.11%
2018-02-13,0.01556,0.01555,0.01555,0.01555,0.05%
2018-02-14,0.015619999999999998,0.01556,0.015619999999999998,0.015590000000000001,0.35%
2018-02-15,0.01565,0.015619999999999998,0.01566,0.015619999999999998,0.21%
2018-02-16,0.01553,0.01565,0.01565,0.01554,-0.75%
2018-02-18,0.01553,0.01553,0.01553,0.01553,0.00%
2018-02-19,0.0155,0.01553,0.015569999999999999,0.01549,-0.19%
2018-02-20,0.015380000000000001,0.0155,0.0155,0.015380000000000001,-0.80%
2018-02-21,0.015430000000000001,0.01541,0.01546,0.01541,0.35%
2018-02-22,0.015390000000000001,0.01541,0.01541,0.015390000000000001,-0.24%
2018-02-23,0.015430000000000001,0.015390000000000001,0.01545,0.015390000000000001,0.26%
2018-02-25,0.01545,0.01545,0.01545,0.01545,0.13%
2018-02-26,0.015430000000000001,0.01545,0.01545,0.015390000000000001,-0.12%
2018-02-27,0.01541,0.015430000000000001,0.01541,0.015330000000000002,-0.19%
2018-02-28,0.015330000000000002,0.0154,0.0154,0.01525,-0.46%
2018-03-01,0.01535,0.015319999999999999,0.01535,0.015319999999999999,0.09%
2018-03-02,0.015340000000000001,0.01535,0.01535,0.01535,-0.07%
2018-03-04,0.015340000000000001,0.015340000000000001,0.015340000000000001,0.015340000000000001,0.00%
2018-03-05,0.015369999999999998,0.015340000000000001,0.015359999999999999,0.015340000000000001,0.19%
2018-03-06,0.01541,0.015380000000000001,0.01541,0.015390000000000001,0.27%
2018-03-07,0.01541,0.01541,0.01541,0.015390000000000001,0.00%
2018-03-08,0.015359999999999999,0.01541,0.01541,0.0153,-0.31%
2018-03-09,0.015369999999999998,0.015359999999999999,0.015359999999999999,0.015280000000000002,0.05%
2018-03-11,0.015390000000000001,0.015380000000000001,0.015380000000000001,0.015390000000000001,0.14%
2018-03-12,0.015369999999999998,0.015390000000000001,0.015390000000000001,0.015319999999999999,-0.14%
2018-03-13,0.015430000000000001,0.0154,0.01545,0.015330000000000002,0.41%
2018-03-14,0.01542,0.01542,0.01545,0.015390000000000001,-0.06%
2018-03-15,0.01541,0.01542,0.01541,0.015330000000000002,-0.08%
2018-03-16,0.015369999999999998,0.015380000000000001,0.01541,0.015369999999999998,-0.28%
2018-03-18,0.015369999999999998,0.015369999999999998,0.015369999999999998,0.015369999999999998,0.00%
2018-03-19,0.015330000000000002,0.015369999999999998,0.015369999999999998,0.015280000000000002,-0.22%
2018-03-20,0.015330000000000002,0.015330000000000002,0.015330000000000002,0.015330000000000002,-0.03%
2018-03-21,0.015369999999999998,0.015330000000000002,0.01535,0.015330000000000002,0.26%
2018-03-22,0.015340000000000001,0.015369999999999998,0.015369999999999998,0.015340000000000001,-0.14%
2018-03-23,0.015369999999999998,0.015340000000000001,0.015359999999999999,0.015340000000000001,0.16%
2018-03-25,0.015380000000000001,0.015380000000000001,0.015380000000000001,0.015380000000000001,0.06%
2018-03-26,0.01545,0.015390000000000001,0.01545,0.015390000000000001,0.49%
2018-03-27,0.01541,0.01545,0.01545,0.01535,-0.31%
2018-03-28,0.01535,0.01541,0.01541,0.015309999999999999,-0.39%
2018-03-29,0.015359999999999999,0.01535,0.015359999999999999,0.01535,0.07%
2018-03-30,0.015369999999999998,0.015359999999999999,0.015359999999999999,0.015369999999999998,0.06%
2018-04-01,0.015359999999999999,0.015359999999999999,0.015359999999999999,0.015359999999999999,-0.06%
2018-04-02,0.01535,0.015359999999999999,0.015359999999999999,0.01535,-0.05%
2018-04-03,0.01541,0.01535,0.01541,0.015390000000000001,0.36%
2018-04-04,0.015369999999999998,0.0154,0.01541,0.015309999999999999,-0.24%
2018-04-05,0.01542,0.015369999999999998,0.01542,0.015340000000000001,0.30%
2018-04-06,0.01541,0.01541,0.01541,0.015390000000000001,-0.05%
2018-04-08,0.0154,0.0154,0.0154,0.0154,0.00%
2018-04-09,0.01541,0.0154,0.01541,0.015390000000000001,0.06%
2018-04-10,0.015390000000000001,0.01541,0.01541,0.015390000000000001,-0.13%
2018-04-11,0.015340000000000001,0.0154,0.01541,0.015280000000000002,-0.36%
2018-04-12,0.015319999999999999,0.015319999999999999,0.015319999999999999,0.01529,-0.14%
2018-04-13,0.015340000000000001,0.015319999999999999,0.015340000000000001,0.015269999999999999,0.12%
2018-04-15,0.015340000000000001,0.015340000000000001,0.015340000000000001,0.015340000000000001,0.00%
2018-04-16,0.015269999999999999,0.015340000000000001,0.015309999999999999,0.01523,-0.44%
2018-04-17,0.01524,0.015280000000000002,0.015280000000000002,0.01517,-0.21%
2018-04-18,0.01514,0.01522,0.01522,0.01514,-0.60%
2018-04-19,0.015130000000000001,0.01514,0.01521,0.01514,-0.13%
2018-04-20,0.015090000000000001,0.015119999999999998,0.01518,0.015090000000000001,-0.21%
2018-04-22,0.0151,0.0151,0.0151,0.0151,0.07%
2018-04-23,0.015030000000000002,0.0151,0.01511,0.014969999999999999,-0.49%
2018-04-24,0.01505,0.015030000000000002,0.01505,0.015,0.16%
2018-04-25,0.01494,0.01505,0.01505,0.0149,-0.74%
2018-04-26,0.01495,0.01494,0.01495,0.01494,0.00%
2018-04-27,0.015009999999999999,0.014969999999999999,0.015009999999999999,0.01495,0.44%
2018-04-29,0.015009999999999999,0.015009999999999999,0.015009999999999999,0.015009999999999999,0.00%
2018-04-30,0.01505,0.015009999999999999,0.015059999999999999,0.015009999999999999,0.24%
2018-05-01,0.014969999999999999,0.01505,0.015009999999999999,0.014969999999999999,-0.51%
2018-05-02,0.0149,0.01505,0.015009999999999999,0.01493,-0.45%
2018-05-03,0.014969999999999999,0.0149,0.015009999999999999,0.0149,0.43%
2018-05-04,0.014969999999999999,0.015,0.015009999999999999,0.01489,0.00%
2018-05-06,0.014969999999999999,0.014969999999999999,0.014969999999999999,0.014969999999999999,0.00%
2018-05-07,0.01487,0.014969999999999999,0.014969999999999999,0.014819999999999998,-0.65%
2018-05-08,0.01491,0.0149,0.01491,0.0148,0.25%
2018-05-09,0.014780000000000001,0.0149,0.0149,0.014780000000000001,-0.81%
2018-05-10,0.01484,0.014780000000000001,0.01492,0.014780000000000001,0.36%
2018-05-11,0.01484,0.01484,0.01491,0.014780000000000001,0.00%
2018-05-13,0.01484,0.01484,0.01485,0.01484,0.00%
2018-05-14,0.014769999999999998,0.01484,0.01488,0.014709999999999999,-0.44%
2018-05-15,0.0146,0.014769999999999998,0.014819999999999998,0.014580000000000001,-1.16%
2018-05-16,0.01469,0.0146,0.014780000000000001,0.0146,0.60%
2018-05-17,0.014669999999999999,0.01469,0.0148,0.014669999999999999,-0.12%
2018-05-18,0.014709999999999999,0.014669999999999999,0.014759999999999999,0.01461,0.26%
2018-05-20,0.014709999999999999,0.014709999999999999,0.014709999999999999,0.014709999999999999,0.00%
2018-05-21,0.01461,0.014709999999999999,0.014709999999999999,0.01459,-0.65%
2018-05-22,0.01461,0.01461,0.014719999999999999,0.01461,0.00%
2018-05-23,0.01456,0.01461,0.0147,0.01456,-0.32%
2018-05-24,0.01465,0.01456,0.01465,0.01456,0.57%
2018-05-25,0.014769999999999998,0.01465,0.014780000000000001,0.01464,0.81%
2018-05-27,0.014759999999999999,0.014769999999999998,0.014769999999999998,0.014759999999999999,0.00%
2018-05-28,0.014830000000000001,0.014759999999999999,0.01487,0.014759999999999999,0.47%
2018-05-29,0.01468,0.014830000000000001,0.01484,0.01468,-1.07%
2018-05-30,0.014830000000000001,0.01468,0.01484,0.014669999999999999,1.04%
2018-05-31,0.014830000000000001,0.014830000000000001,0.01486,0.01475,0.00%
2018-06-01,0.01494,0.014830000000000001,0.01494,0.014819999999999998,0.73%
2018-06-03,0.01494,0.01494,0.01494,0.01494,0.00%
2018-06-04,0.01491,0.01493,0.01495,0.01485,-0.18%
2018-06-05,0.0149,0.01491,0.01492,0.01484,-0.06%
2018-06-06,0.01496,0.0149,0.014969999999999999,0.01489,0.38%
2018-06-07,0.014830000000000001,0.01496,0.014969999999999999,0.0148,-0.87%
2018-06-08,0.01481,0.014830000000000001,0.01485,0.014730000000000002,-0.13%
2018-06-10,0.01481,0.01481,0.01481,0.01481,0.00%
2018-06-11,0.014819999999999998,0.01481,0.01486,0.014730000000000002,0.00%
2018-06-12,0.014719999999999999,0.014819999999999998,0.01485,0.014719999999999999,-0.63%
2018-06-13,0.01475,0.014819999999999998,0.01484,0.014719999999999999,0.18%
2018-06-14,0.01468,0.014780000000000001,0.014819999999999998,0.01468,-0.50%
2018-06-15,0.0146,0.014769999999999998,0.014769999999999998,0.0146,-0.48%
2018-06-17,0.01469,0.0146,0.01469,0.0146,0.60%
2018-06-18,0.0147,0.01469,0.014709999999999999,0.01459,0.05%
2018-06-19,0.01469,0.0147,0.014709999999999999,0.01456,-0.04%
2018-06-20,0.01463,0.01464,0.014709999999999999,0.01463,-0.45%
2018-06-21,0.014740000000000001,0.01469,0.014759999999999999,0.01461,0.77%
2018-06-22,0.014740000000000001,0.014719999999999999,0.014769999999999998,0.01468,-0.04%
2018-06-24,0.014740000000000001,0.014740000000000001,0.014740000000000001,0.014740000000000001,0.00%
2018-06-25,0.01462,0.014730000000000002,0.014740000000000001,0.01462,-0.75%
2018-06-26,0.01463,0.01468,0.01469,0.0146,0.00%
2018-06-27,0.01444,0.01463,0.01464,0.01444,-1.27%
2018-06-28,0.014530000000000001,0.014509999999999999,0.01455,0.01445,0.63%
2018-06-29,0.01461,0.014530000000000001,0.01462,0.014509999999999999,0.52%
2018-07-01,0.01461,0.01461,0.01461,0.01461,0.00%
2018-07-02,0.01456,0.01461,0.01462,0.014480000000000002,-0.38%
2018-07-03,0.014530000000000001,0.01456,0.0146,0.0145,-0.20%
2018-07-04,0.014490000000000001,0.014530000000000001,0.01461,0.014490000000000001,-0.21%
2018-07-05,0.014469999999999998,0.014490000000000001,0.01459,0.01445,-0.16%
2018-07-06,0.01454,0.014469999999999998,0.01455,0.014469999999999998,0.47%
2018-07-08,0.01454,0.01454,0.01454,0.01454,0.00%
2018-07-09,0.01456,0.014530000000000001,0.0146,0.014530000000000001,0.15%
2018-07-10,0.014509999999999999,0.01456,0.01457,0.014509999999999999,-0.37%
2018-07-11,0.01455,0.014509999999999999,0.01457,0.014469999999999998,0.28%
2018-07-12,0.01459,0.01455,0.01465,0.014469999999999998,0.25%
2018-07-13,0.0146,0.01459,0.01464,0.01455,0.12%
2018-07-15,0.0146,0.0146,0.0146,0.0146,0.00%
2018-07-16,0.01455,0.0146,0.01461,0.01455,-0.36%
2018-07-17,0.01463,0.01455,0.01465,0.01454,0.55%
2018-07-18,0.01457,0.01463,0.01463,0.01454,-0.38%
2018-07-19,0.0145,0.01457,0.0146,0.01444,-0.46%
2018-07-20,0.01455,0.0145,0.01456,0.014459999999999999,0.33%
2018-07-22,0.01455,0.01455,0.01455,0.01455,-0.04%
2018-07-23,0.01445,0.01455,0.01457,0.01445,-0.67%
2018-07-24,0.014530000000000001,0.01445,0.01455,0.01444,0.57%
2018-07-25,0.014519999999999998,0.014530000000000001,0.01459,0.014490000000000001,-0.08%
2018-07-26,0.01455,0.014519999999999998,0.01457,0.014509999999999999,0.24%
2018-07-27,0.01457,0.01455,0.01459,0.0145,0.12%
2018-07-29,0.01457,0.01457,0.01457,0.01457,0.00%
2018-07-30,0.01456,0.01457,0.014580000000000001,0.0145,-0.10%
2018-07-31,0.0146,0.01456,0.01461,0.01455,0.26%
2018-08-01,0.01464,0.0146,0.01464,0.01457,0.28%
2018-08-02,0.01457,0.01464,0.01465,0.01454,-0.44%
2018-08-03,0.0146,0.01457,0.01461,0.014490000000000001,0.16%
2018-08-05,0.0146,0.0146,0.0146,0.0146,0.00%
2018-08-06,0.014530000000000001,0.0146,0.01462,0.014519999999999998,-0.44%
2018-08-07,0.014580000000000001,0.014530000000000001,0.014580000000000001,0.014509999999999999,0.30%
2018-08-08,0.01461,0.014580000000000001,0.01461,0.014509999999999999,0.20%
2018-08-09,0.014469999999999998,0.01461,0.01461,0.014469999999999998,-0.93%
2018-08-10,0.014469999999999998,0.014469999999999998,0.01454,0.014459999999999999,0.00%
2018-08-12,0.014469999999999998,0.014469999999999998,0.014469999999999998,0.014469999999999998,0.00%
2018-08-13,0.01429,0.014469999999999998,0.014519999999999998,0.01425,-1.23%
2018-08-14,0.01429,0.01429,0.01434,0.014230000000000001,0.00%
2018-08-15,0.01415,0.01429,0.0143,0.0141,-1.00%
2018-08-16,0.014280000000000001,0.01415,0.0143,0.01414,0.94%
2018-08-17,0.01433,0.014280000000000001,0.01433,0.014209999999999999,0.31%
2018-08-19,0.01433,0.01433,0.01433,0.01433,0.00%
2018-08-20,0.01433,0.01433,0.014369999999999999,0.01427,0.04%
2018-08-21,0.01432,0.01433,0.01438,0.01427,-0.06%
2018-08-22,0.01433,0.01432,0.01433,0.01429,0.00%
2018-08-23,0.014230000000000001,0.01433,0.01433,0.014230000000000001,-0.70%
2018-08-24,0.01433,0.014230000000000001,0.01434,0.014230000000000001,0.74%
2018-08-26,0.01433,0.01433,0.01433,0.01433,0.00%
2018-08-27,0.01429,0.01433,0.01434,0.014209999999999999,-0.26%
2018-08-28,0.014169999999999999,0.01429,0.01429,0.014169999999999999,-0.87%
2018-08-29,0.0141,0.014169999999999999,0.01427,0.0141,-0.51%
2018-08-30,0.014,0.0141,0.014180000000000002,0.014,-0.69%
2018-08-31,0.01411,0.014,0.01415,0.014,0.76%
2018-09-02,0.01408,0.01411,0.01411,0.01408,-0.18%
2018-09-03,0.01406,0.01408,0.01415,0.01403,-0.19%
2018-09-04,0.013940000000000001,0.01406,0.01407,0.0139,-0.86%
2018-09-05,0.013909999999999999,0.013940000000000001,0.01402,0.013890000000000001,-0.19%
2018-09-06,0.0139,0.013909999999999999,0.01399,0.013859999999999999,-0.06%
2018-09-07,0.013869999999999999,0.0139,0.01396,0.013859999999999999,-0.19%
2018-09-09,0.013869999999999999,0.013869999999999999,0.013869999999999999,0.013869999999999999,0.00%
2018-09-10,0.0138,0.013869999999999999,0.013930000000000001,0.0137,-0.48%
2018-09-11,0.0137,0.0138,0.01384,0.0137,-0.75%
2018-09-12,0.0139,0.0137,0.013919999999999998,0.0137,1.49%
2018-09-13,0.013880000000000002,0.0139,0.013980000000000001,0.013859999999999999,-0.14%
2018-09-14,0.013869999999999999,0.013880000000000002,0.01399,0.013859999999999999,-0.06%
2018-09-16,0.013869999999999999,0.013869999999999999,0.013869999999999999,0.013869999999999999,0.00%
2018-09-17,0.01378,0.013869999999999999,0.013909999999999999,0.01376,-0.61%
2018-09-18,0.013669999999999998,0.01378,0.013819999999999999,0.013669999999999998,-0.80%
2018-09-19,0.013819999999999999,0.013669999999999998,0.0139,0.013669999999999998,1.08%
2018-09-20,0.013940000000000001,0.013819999999999999,0.01396,0.01381,0.87%
2018-09-21,0.01385,0.013940000000000001,0.01395,0.01381,-0.68%
2018-09-23,0.01384,0.01385,0.01385,0.01384,0.00%
2018-09-24,0.013640000000000001,0.01384,0.01384,0.013640000000000001,-1.46%
2018-09-25,0.013680000000000001,0.013640000000000001,0.01378,0.013640000000000001,0.26%
2018-09-26,0.01374,0.013680000000000001,0.01383,0.013680000000000001,0.45%
2018-09-27,0.0137,0.01374,0.013819999999999999,0.0137,-0.28%
2018-09-28,0.01379,0.0137,0.01381,0.0137,0.63%
2018-09-30,0.01379,0.01379,0.01379,0.01379,0.00%
2018-10-01,0.01356,0.01379,0.01379,0.01356,-1.69%
2018-10-02,0.013640000000000001,0.01356,0.01371,0.01356,0.61%
2018-10-03,0.01354,0.013640000000000001,0.01371,0.01354,-0.74%
2018-10-04,0.01347,0.01354,0.013630000000000001,0.01347,-0.50%
2018-10-05,0.01349,0.01347,0.013609999999999999,0.0134,0.18%
2018-10-07,0.01356,0.01349,0.01356,0.01349,0.45%
2018-10-08,0.01353,0.01356,0.01356,0.01348,-0.17%
2018-10-09,0.01341,0.01353,0.01355,0.01341,-0.89%
2018-10-10,0.013380000000000001,0.01341,0.013519999999999999,0.013380000000000001,-0.22%
2018-10-11,0.01348,0.013380000000000001,0.01356,0.013340000000000001,0.69%
2018-10-12,0.013569999999999999,0.01348,0.0136,0.01348,0.71%
2018-10-14,0.013569999999999999,0.013569999999999999,0.013569999999999999,0.013569999999999999,0.00%
2018-10-15,0.0135,0.013569999999999999,0.013590000000000001,0.01344,-0.55%
2018-10-16,0.013609999999999999,0.0135,0.01366,0.0135,0.86%
2018-10-17,0.013519999999999999,0.013609999999999999,0.01365,0.013519999999999999,-0.66%
2018-10-18,0.01348,0.013519999999999999,0.013609999999999999,0.01348,-0.30%
2018-10-19,0.013609999999999999,0.01348,0.01365,0.01348,0.98%
2018-10-21,0.013609999999999999,0.013609999999999999,0.013609999999999999,0.013609999999999999,0.00%
2018-10-22,0.01354,0.013609999999999999,0.01366,0.01351,-0.51%
2018-10-23,0.01366,0.01354,0.01366,0.01353,0.85%
2018-10-24,0.01366,0.01366,0.01369,0.013569999999999999,0.00%
2018-10-25,0.01366,0.01366,0.01371,0.0136,0.00%
2018-10-26,0.013680000000000001,0.01366,0.013680000000000001,0.013609999999999999,0.14%
2018-10-28,0.013669999999999998,0.013680000000000001,0.013680000000000001,0.013609999999999999,0.00%
2018-10-29,0.013590000000000001,0.013669999999999998,0.013669999999999998,0.01354,-0.63%
2018-10-30,0.013580000000000002,0.013590000000000001,0.013619999999999998,0.013519999999999999,-0.08%
2018-10-31,0.0135,0.013580000000000002,0.013580000000000002,0.01347,-0.57%
2018-11-01,0.013640000000000001,0.0135,0.01369,0.0135,1.04%
2018-11-02,0.013680000000000001,0.013640000000000001,0.0138,0.013640000000000001,0.31%
2018-11-04,0.01371,0.013680000000000001,0.01371,0.013680000000000001,0.24%
2018-11-05,0.01372,0.01371,0.0138,0.013640000000000001,0.07%
2018-11-06,0.01365,0.01372,0.013730000000000001,0.01365,-0.55%
2018-11-07,0.013819999999999999,0.01365,0.01385,0.01365,1.22%
2018-11-08,0.01372,0.013819999999999999,0.013869999999999999,0.01372,-0.72%
2018-11-09,0.01376,0.01372,0.013819999999999999,0.01372,0.33%
2018-11-11,0.0138,0.01376,0.0138,0.01376,0.26%
2018-11-12,0.01366,0.0138,0.0138,0.01366,-1.00%
2018-11-13,0.01378,0.01366,0.01383,0.01366,0.89%
2018-11-14,0.01381,0.01378,0.013890000000000001,0.01377,0.19%
2018-11-15,0.013909999999999999,0.01381,0.013940000000000001,0.01381,0.75%
2018-11-16,0.013930000000000001,0.013909999999999999,0.013940000000000001,0.013859999999999999,0.13%
2018-11-18,0.013930000000000001,0.013930000000000001,0.013930000000000001,0.013930000000000001,0.00%
2018-11-19,0.01395,0.013930000000000001,0.01402,0.013859999999999999,0.12%
2018-11-20,0.014,0.01395,0.01403,0.01395,0.37%
2018-11-21,0.01402,0.014,0.01407,0.014,0.18%
2018-11-22,0.014119999999999999,0.01402,0.014159999999999999,0.01402,0.65%
2018-11-23,0.014169999999999999,0.014119999999999999,0.014209999999999999,0.01411,0.42%
2018-11-25,0.01415,0.014169999999999999,0.014169999999999999,0.01415,-0.18%
2018-11-26,0.014119999999999999,0.01415,0.014219999999999998,0.01411,-0.18%
2018-11-27,0.01411,0.014119999999999999,0.01414,0.01409,-0.13%
2018-11-28,0.014159999999999999,0.01411,0.014209999999999999,0.01408,0.40%
2018-11-29,0.0143,0.014159999999999999,0.01435,0.014159999999999999,0.97%
2018-11-30,0.01433,0.0143,0.014369999999999999,0.0143,0.24%
2018-12-02,0.01433,0.01433,0.01433,0.01433,0.00%
2018-12-03,0.014190000000000001,0.01433,0.01433,0.014130000000000002,-1.03%
2018-12-04,0.014159999999999999,0.014190000000000001,0.014219999999999998,0.01415,-0.20%
2018-12-05,0.01411,0.014159999999999999,0.014219999999999998,0.01411,-0.34%
2018-12-06,0.014130000000000002,0.01411,0.014180000000000002,0.01406,0.15%
2018-12-07,0.01401,0.014130000000000002,0.0142,0.014,-0.88%
2018-12-09,0.01401,0.01401,0.01401,0.01401,0.00%
2018-12-10,0.01374,0.01401,0.01411,0.01374,-1.91%
2018-12-11,0.01377,0.01374,0.01395,0.01374,0.19%
2018-12-12,0.013859999999999999,0.01377,0.013930000000000001,0.01377,0.65%
2018-12-13,0.013980000000000001,0.013859999999999999,0.014,0.013859999999999999,0.85%
2018-12-14,0.013890000000000001,0.013980000000000001,0.013980000000000001,0.01385,-0.59%
2018-12-16,0.0139,0.013890000000000001,0.0139,0.013890000000000001,0.08%
2018-12-17,0.013969999999999998,0.0139,0.01399,0.0139,0.44%
2018-12-18,0.014169999999999999,0.013969999999999998,0.014240000000000001,0.01396,1.46%
2018-12-19,0.01415,0.014169999999999999,0.01431,0.0141,-0.16%
2018-12-20,0.014219999999999998,0.01415,0.01435,0.01414,0.53%
2018-12-21,0.014219999999999998,0.014219999999999998,0.01433,0.014209999999999999,0.00%
2018-12-23,0.01426,0.014219999999999998,0.01426,0.014219999999999998,0.29%
2018-12-24,0.014230000000000001,0.01426,0.01432,0.014230000000000001,-0.16%
2018-12-25,0.014230000000000001,0.014230000000000001,0.01427,0.014230000000000001,0.00%
2018-12-26,0.01425,0.014230000000000001,0.01434,0.014230000000000001,0.14%
2018-12-27,0.01429,0.01425,0.01429,0.0142,0.23%
2018-12-28,0.0143,0.01429,0.01435,0.014209999999999999,0.07%
2018-12-30,0.0143,0.0143,0.0143,0.0143,0.00%
2018-12-31,0.01434,0.0143,0.01439,0.0143,0.28%
2019-01-01,0.0144,0.01434,0.0144,0.01434,0.40%
2019-01-02,0.01429,0.0144,0.0144,0.014240000000000001,-0.75%
2019-01-03,0.014219999999999998,0.01429,0.01429,0.014180000000000002,-0.49%
2019-01-04,0.01438,0.014219999999999998,0.01439,0.014219999999999998,1.15%
2019-01-06,0.01438,0.01438,0.01438,0.01438,0.00%
2019-01-07,0.01432,0.01438,0.01445,0.0143,-0.41%
2019-01-08,0.014209999999999999,0.01432,0.01434,0.014209999999999999,-0.75%
2019-01-09,0.014169999999999999,0.014209999999999999,0.014280000000000001,0.01414,-0.30%
2019-01-10,0.01414,0.014169999999999999,0.014219999999999998,0.01414,-0.24%
2019-01-11,0.014209999999999999,0.01414,0.014209999999999999,0.01414,0.48%
2019-01-13,0.014209999999999999,0.014209999999999999,0.014209999999999999,0.014209999999999999,0.00%
2019-01-14,0.01407,0.014209999999999999,0.014209999999999999,0.01406,-1.01%
2019-01-15,0.01406,0.01407,0.01414,0.01406,0.00%
2019-01-16,0.01401,0.01406,0.0141,0.01401,-0.39%
2019-01-17,0.01408,0.01401,0.0141,0.014,0.48%
2019-01-18,0.01403,0.01408,0.01409,0.01403,-0.31%
2019-01-20,0.01404,0.01403,0.01404,0.01403,0.00%
2019-01-21,0.013980000000000001,0.01404,0.01406,0.013980000000000001,-0.38%
2019-01-22,0.01404,0.013980000000000001,0.01406,0.013980000000000001,0.38%
2019-01-23,0.01405,0.01404,0.01407,0.01399,0.11%
2019-01-24,0.01408,0.01405,0.01409,0.01402,0.23%
2019-01-25,0.01409,0.01408,0.01411,0.01404,0.05%
2019-01-27,0.01409,0.0141,0.0141,0.01409,0.00%
2019-01-28,0.01406,0.01409,0.01411,0.01402,-0.16%
2019-01-29,0.01396,0.01406,0.01408,0.01396,-0.75%
2019-01-30,0.01406,0.01396,0.014119999999999999,0.01396,0.71%
2019-01-31,0.01404,0.01406,0.01411,0.01404,-0.11%
2019-02-01,0.01399,0.01404,0.0141,0.01399,-0.36%
2019-02-03,0.01399,0.01399,0.01399,0.01399,0.00%
2019-02-04,0.01395,0.01399,0.01399,0.013909999999999999,-0.33%
2019-02-05,0.013930000000000001,0.01395,0.01399,0.013919999999999998,-0.12%
2019-02-06,0.013980000000000001,0.013930000000000001,0.01399,0.013909999999999999,0.32%
2019-02-07,0.013969999999999998,0.013980000000000001,0.01403,0.013909999999999999,-0.06%
2019-02-08,0.01405,0.013969999999999998,0.01408,0.013969999999999998,0.56%
2019-02-10,0.01405,0.01405,0.01405,0.01405,0.00%
2019-02-11,0.01404,0.01405,0.01408,0.01402,-0.08%
2019-02-12,0.014119999999999999,0.01404,0.014190000000000001,0.01404,0.58%
2019-02-13,0.01411,0.014119999999999999,0.014209999999999999,0.01405,-0.08%
2019-02-14,0.01408,0.01411,0.014130000000000002,0.01403,-0.18%
2019-02-15,0.01402,0.01408,0.01408,0.01399,-0.48%
2019-02-17,0.01402,0.01402,0.01402,0.01402,0.00%
2019-02-18,0.01395,0.01402,0.01403,0.01395,-0.53%
2019-02-19,0.01396,0.01395,0.01404,0.01395,0.14%
2019-02-20,0.01402,0.01396,0.0141,0.01396,0.40%
2019-02-21,0.01405,0.01402,0.0141,0.01399,0.18%
2019-02-22,0.01408,0.01405,0.01409,0.01403,0.23%
2019-02-24,0.01408,0.01408,0.01408,0.01408,0.00%
2019-02-25,0.01406,0.01408,0.014119999999999999,0.01406,-0.09%
2019-02-26,0.0141,0.01406,0.014119999999999999,0.014,0.22%
2019-02-27,0.01404,0.0141,0.0141,0.01399,-0.36%
2019-02-28,0.014119999999999999,0.01404,0.01414,0.01396,0.53%
2019-03-01,0.01409,0.014119999999999999,0.01414,0.01408,-0.24%
2019-03-03,0.01408,0.01408,0.01408,0.01408,0.00%
2019-03-04,0.0141,0.01408,0.014130000000000002,0.01404,0.13%
2019-03-05,0.014130000000000002,0.0141,0.0142,0.01409,0.22%
2019-03-06,0.014209999999999999,0.014130000000000002,0.014280000000000001,0.014130000000000002,0.54%
2019-03-07,0.014180000000000002,0.014209999999999999,0.01431,0.014180000000000002,-0.17%
2019-03-08,0.014280000000000001,0.014180000000000002,0.01433,0.014180000000000002,0.64%
2019-03-10,0.01429,0.014280000000000001,0.01429,0.014280000000000001,0.07%
2019-03-11,0.01433,0.01429,0.01435,0.014280000000000001,0.28%
2019-03-12,0.01432,0.01433,0.01439,0.01432,-0.08%
2019-03-13,0.01434,0.01432,0.0144,0.0143,0.17%
2019-03-14,0.014419999999999999,0.01434,0.014430000000000002,0.01434,0.53%
2019-03-15,0.01444,0.014419999999999999,0.014509999999999999,0.01436,0.13%
2019-03-17,0.0145,0.0145,0.0145,0.0145,0.45%
2019-03-18,0.01457,0.0145,0.01461,0.014430000000000002,0.49%
2019-03-19,0.014419999999999999,0.01457,0.01463,0.014419999999999999,-1.01%
2019-03-20,0.014530000000000001,0.014419999999999999,0.01463,0.014419999999999999,0.72%
2019-03-21,0.0145,0.014530000000000001,0.0146,0.0145,-0.17%
2019-03-22,0.01445,0.0145,0.01459,0.01444,-0.33%
2019-03-24,0.014459999999999999,0.014459999999999999,0.014459999999999999,0.014459999999999999,0.00%
2019-03-25,0.014509999999999999,0.014459999999999999,0.01454,0.01445,0.39%
2019-03-26,0.0144,0.014509999999999999,0.01455,0.0144,-0.77%
2019-03-27,0.01441,0.0144,0.01454,0.0144,0.08%
2019-03-28,0.01439,0.01441,0.014509999999999999,0.01439,-0.19%
2019-03-29,0.01441,0.01439,0.014480000000000002,0.01439,0.17%
2019-03-31,0.0144,0.0144,0.0144,0.0144,-0.06%
2019-04-01,0.01445,0.0144,0.01445,0.01436,0.34%
2019-04-02,0.014509999999999999,0.01445,0.01455,0.01438,0.41%
2019-04-03,0.014519999999999998,0.014509999999999999,0.01462,0.01445,0.08%
2019-04-04,0.0145,0.014519999999999998,0.01461,0.0144,-0.17%
2019-04-05,0.01444,0.0145,0.0145,0.014419999999999999,-0.36%
2019-04-07,0.014459999999999999,0.01444,0.014459999999999999,0.01444,0.09%
2019-04-08,0.01438,0.014459999999999999,0.014459999999999999,0.0143,-0.56%
2019-04-09,0.01444,0.01438,0.01444,0.01434,0.42%
2019-04-10,0.014459999999999999,0.01444,0.014469999999999998,0.01439,0.18%
2019-04-11,0.0144,0.014459999999999999,0.014530000000000001,0.01439,-0.43%
2019-04-12,0.014459999999999999,0.0144,0.014490000000000001,0.0144,0.42%
2019-04-14,0.014459999999999999,0.014459999999999999,0.014459999999999999,0.014459999999999999,0.00%
2019-04-15,0.01432,0.014459999999999999,0.014490000000000001,0.01432,-0.93%
2019-04-16,0.01431,0.01432,0.01441,0.01431,-0.11%
2019-04-17,0.01441,0.01431,0.014419999999999999,0.01431,0.70%
2019-04-18,0.01441,0.01441,0.014419999999999999,0.01433,0.00%
2019-04-19,0.01441,0.01441,0.014419999999999999,0.01433,0.00%
2019-04-21,0.014419999999999999,0.01441,0.014419999999999999,0.01441,0.00%
2019-04-22,0.01427,0.014419999999999999,0.014419999999999999,0.01427,-1.00%
2019-04-23,0.01433,0.01427,0.01439,0.01426,0.43%
2019-04-24,0.01426,0.01433,0.01435,0.014190000000000001,-0.48%
2019-04-25,0.01425,0.01426,0.0143,0.014190000000000001,-0.11%
2019-04-26,0.01432,0.01425,0.01433,0.014169999999999999,0.47%
2019-04-28,0.01432,0.01432,0.01432,0.01432,0.00%
2019-04-29,0.01432,0.01432,0.01433,0.014230000000000001,0.04%
2019-04-30,0.014369999999999999,0.01432,0.01438,0.0143,0.36%
2019-05-01,0.01436,0.014369999999999999,0.0144,0.01429,-0.11%
2019-05-02,0.0144,0.01436,0.014430000000000002,0.01433,0.30%
2019-05-03,0.014459999999999999,0.0144,0.014480000000000002,0.01433,0.41%
2019-05-05,0.014459999999999999,0.014459999999999999,0.014459999999999999,0.014459999999999999,-0.04%
2019-05-06,0.01441,0.014469999999999998,0.014469999999999998,0.01436,-0.33%
2019-05-07,0.0143,0.01441,0.01444,0.0143,-0.73%
2019-05-08,0.014280000000000001,0.0143,0.0144,0.014280000000000001,-0.16%
2019-05-09,0.0142,0.014280000000000001,0.01434,0.0142,-0.55%
2019-05-10,0.0143,0.0142,0.01434,0.0142,0.70%
2019-05-12,0.0143,0.0143,0.0143,0.0143,0.00%
2019-05-13,0.014159999999999999,0.014280000000000001,0.0143,0.01409,-0.94%
2019-05-14,0.014219999999999998,0.014159999999999999,0.014240000000000001,0.01409,0.41%
2019-05-15,0.014240000000000001,0.014219999999999998,0.01425,0.014169999999999999,0.14%
2019-05-16,0.014240000000000001,0.014240000000000001,0.01429,0.014169999999999999,0.00%
2019-05-17,0.014219999999999998,0.014240000000000001,0.01427,0.014209999999999999,-0.16%
2019-05-19,0.014230000000000001,0.014219999999999998,0.014230000000000001,0.014219999999999998,0.08%
2019-05-20,0.01426,0.014230000000000001,0.014430000000000002,0.014230000000000001,0.22%
2019-05-21,0.01429,0.01426,0.014369999999999999,0.01426,0.22%
2019-05-22,0.01429,0.01429,0.01436,0.01429,0.00%
2019-05-23,0.01429,0.01429,0.014419999999999999,0.01425,0.04%
2019-05-24,0.01441,0.01429,0.014419999999999999,0.01429,0.83%
2019-05-26,0.014419999999999999,0.014419999999999999,0.014419999999999999,0.014419999999999999,0.00%
2019-05-27,0.01434,0.01441,0.014419999999999999,0.01434,-0.53%
2019-05-28,0.01431,0.01434,0.01439,0.01431,-0.21%
2019-05-29,0.01432,0.01431,0.014369999999999999,0.01427,0.09%
2019-05-30,0.01429,0.01432,0.01436,0.01427,-0.24%
2019-05-31,0.014369999999999999,0.01429,0.01438,0.01429,0.56%
2019-06-02,0.014369999999999999,0.014369999999999999,0.014369999999999999,0.014369999999999999,0.00%
2019-06-03,0.014459999999999999,0.014369999999999999,0.014480000000000002,0.014369999999999999,0.59%
2019-06-04,0.014369999999999999,0.014459999999999999,0.014490000000000001,0.014369999999999999,-0.57%
2019-06-05,0.01436,0.014369999999999999,0.014459999999999999,0.01436,-0.10%
2019-06-06,0.014419999999999999,0.01436,0.014480000000000002,0.01436,0.39%
2019-06-07,0.01441,0.014419999999999999,0.014469999999999998,0.014369999999999999,0.00%
2019-06-09,0.014419999999999999,0.01441,0.014419999999999999,0.01441,0.04%
2019-06-10,0.01438,0.014419999999999999,0.014469999999999998,0.01433,-0.26%
2019-06-11,0.01441,0.01438,0.014419999999999999,0.01433,0.20%
2019-06-12,0.01435,0.01441,0.01444,0.01435,-0.45%
2019-06-13,0.01432,0.01435,0.014430000000000002,0.01432,-0.16%
2019-06-14,0.01431,0.01432,0.01439,0.01431,-0.05%
2019-06-16,0.01433,0.01432,0.01433,0.01432,0.11%
2019-06-17,0.01426,0.01433,0.01434,0.01426,-0.49%
2019-06-18,0.01433,0.01426,0.0144,0.01426,0.50%
2019-06-19,0.0143,0.01433,0.01439,0.0143,-0.19%
2019-06-20,0.01433,0.0143,0.014419999999999999,0.0143,0.16%
2019-06-21,0.014369999999999999,0.01433,0.01439,0.01432,0.30%
2019-06-23,0.014369999999999999,0.014369999999999999,0.014369999999999999,0.014369999999999999,0.00%
2019-06-24,0.014369999999999999,0.014369999999999999,0.01445,0.01435,-0.05%
2019-06-25,0.01436,0.014369999999999999,0.01445,0.01436,-0.05%
2019-06-26,0.014369999999999999,0.01436,0.014469999999999998,0.01432,0.05%
2019-06-27,0.014419999999999999,0.014369999999999999,0.014490000000000001,0.014369999999999999,0.40%
2019-06-28,0.0145,0.014419999999999999,0.014519999999999998,0.014419999999999999,0.57%
2019-06-30,0.0145,0.0145,0.0145,0.0145,0.00%
2019-07-01,0.014459999999999999,0.0145,0.014530000000000001,0.014459999999999999,-0.33%
2019-07-02,0.014469999999999998,0.014459999999999999,0.014530000000000001,0.014459999999999999,0.12%
2019-07-03,0.01454,0.014469999999999998,0.01454,0.014469999999999998,0.43%
2019-07-04,0.01459,0.01454,0.0146,0.014519999999999998,0.40%
2019-07-05,0.01461,0.01459,0.01462,0.01454,0.11%
2019-07-07,0.01461,0.01461,0.01461,0.01461,0.00%
2019-07-08,0.014580000000000001,0.01461,0.01461,0.01454,-0.17%
2019-07-09,0.014580000000000001,0.014580000000000001,0.01459,0.014530000000000001,0.00%
2019-07-10,0.01462,0.014580000000000001,0.01464,0.01456,0.22%
2019-07-11,0.01461,0.01462,0.01464,0.0146,-0.06%
2019-07-12,0.01459,0.01461,0.01461,0.01456,-0.16%
2019-07-14,0.01459,0.01459,0.01459,0.01459,0.00%
2019-07-15,0.01459,0.01459,0.0146,0.014580000000000001,0.00%
2019-07-16,0.01456,0.01459,0.01459,0.01454,-0.21%
2019-07-17,0.014530000000000001,0.01456,0.01457,0.014519999999999998,-0.23%
2019-07-18,0.014519999999999998,0.014530000000000001,0.01455,0.014490000000000001,0.00%
2019-07-19,0.014519999999999998,0.014519999999999998,0.01455,0.0145,0.00%
2019-07-21,0.014519999999999998,0.014519999999999998,0.014519999999999998,0.014519999999999998,0.00%
2019-07-22,0.014509999999999999,0.014519999999999998,0.014519999999999998,0.014480000000000002,-0.11%
2019-07-23,0.014490000000000001,0.014509999999999999,0.014509999999999999,0.014480000000000002,-0.08%
2019-07-24,0.014490000000000001,0.014490000000000001,0.014509999999999999,0.014469999999999998,0.00%
2019-07-25,0.014459999999999999,0.014490000000000001,0.014519999999999998,0.014459999999999999,-0.25%
2019-07-26,0.014519999999999998,0.014459999999999999,0.014530000000000001,0.014459999999999999,0.39%
