country,ARG,BRA,CAN,CHE,CHL,CHN,DEU,FRA,GBR,JPN,KOR,NOR,RUS,SAU,USA,IND,ZAF
subject,CPI,CPI,CPI,CPI,CPI,CPI,CPI,CPI,CPI,CPI,CPI,CPI,CPI,CPI,CPI,CPI,CPI
measure,TOT,TOT,TOT,TOT,TOT,TOT,TOT,TOT,TOT,TOT,TOT,TOT,TOT,TOT,TOT,TOT,TOT
1950-01,,,0.0,,,,,,,,,,,,,,
1950-02,,,0.8264463,,,,,,,,,,,,,,
1950-03,,,1.652893,,,,,,,,,,,,,,
1950-04,,,1.652893,,,,,,,,,,,,,,
1950-05,,,1.652893,,,,,,,,,,,,,,
1950-06,,,1.652893,,,,,,,,,,,,,,
1950-07,,,2.479339,,,,,,,,,,,,,,
1950-08,,,2.459016,,,,,,,,,,,,,,
1950-09,,,4.098361,,,,,,,,,,,,,,
1950-10,,,4.878049,,,,,,,,,,,,,,
1950-11,,,4.878049,,,,,,,,,,,,,,
1950-12,,,5.737705,,,,,,,,,,,,,,
1951-01,,,7.438016,,,,,,,,,,,,,,
1951-02,,,9.016394,,,,,,,,,,,,,,
1951-03,,,8.943089,,,,,,,,,,,,,,
1951-04,,,10.56911,,,,,,,,,,,,,,
1951-05,,,10.56911,,,,,,,,,,,,,,
1951-06,,,13.00813,,,,,,,,,,,,,,
1951-07,,,12.09677,,,,,,,,,,,,,,
1951-08,,,12.0,,,,,,,,,,,,,,
1951-09,,,11.02362,,,,,,,,,,,,,,
1951-10,,,10.07752,,,,,,,,,,,,,,
1951-11,,,10.85271,,,,,,,,,,,,,,
1951-12,,,10.85271,,,,,,,,,,,,,,
1952-01,,,10.76923,,,,,,,,,,,,,,
1952-02,,,7.518797,,,,,,,,,,,,,,
1952-03,,,5.970149,,,,,,,,,,,,,,
1952-04,,,4.411765,,,,,,,,,,,,,,
1952-05,,,3.676471,,,,,,,,,,,,,,
1952-06,,,1.438849,,,,,,,,,,,,,,
1952-07,,,1.438849,,,,,,,,,,,,,,
1952-08,,,0.7142857,,,,,,,,103.9939,,,,,,
1952-09,,,0.0,,,,,,,,121.2203,,,,,,
1952-10,,,-0.7042254,,,,,,,,122.1002,,,,,,
1952-11,,,-1.398601,,,,,,,,111.488,,,,,,
1952-12,,,-1.398601,,,,,,,,109.475,,,,,,
1953-01,,,-2.083333,,,,,,,,102.8353,,,,,,
1953-02,,,-2.097902,,,,,,,,93.70257,,,,,,
1953-03,,,-2.112676,,,,,,,,59.35836,,,,,,
1953-04,,,-2.112676,,,,,,,,59.50511,,,,,,
1953-05,,,-1.41844,,,,,,,,37.50211,,,,,,
1953-06,,,-1.41844,,,,,,,,37.43131,,,,,,
1953-07,,,-1.41844,,,,,,,,41.48919,,,,,,
1953-08,,,0.0,,,,,,,,38.72789,,,,,,
1953-09,,,0.0,,,,,,,,32.87591,,,,,,
1953-10,,,0.7092199,,,,,,,,44.50195,,,,,,
1953-11,,,0.0,,,,,,,,57.61337,,,,,,
1953-12,,,0.0,,,,,,,,64.3235,,,,,,
1954-01,,,0.0,,,,,,,,44.65238,,,,,,
1954-02,,,0.7142857,,,,,,,,23.57539,,,,,,
1954-03,,,0.7194245,,,,,,,,31.17471,,,,,,
1954-04,,,0.7194245,,,,,,,,23.84791,,,,,,
1954-05,,,0.7194245,,,,,,,,23.13977,,,,,,
1954-06,,,1.438849,,,,,,,,21.13808,,,,,,
1954-07,,,1.438849,,,,,,,,23.68529,,,,,,
1954-08,,,0.7092199,,,,,,,,25.08864,,,,,,
1954-09,,,0.7092199,,,,,,,,39.86105,,,,,,
1954-10,,,0.0,,,,,,,,64.12952,,,,,,
1954-11,,,0.7092199,,,,,,,,68.6194,,,,,,
1954-12,,,0.0,,,,,,,,48.01149,,,,,,
1955-01,,,0.0,,,,,,,,71.70285,,,,,,
1955-02,,,0.0,,,,,,,,82.56776,,,,,,
1955-03,,,0.7142857,,,,,,,,73.14639,,,,,,
1955-04,,,0.7142857,,,,,,,,76.70699,,,,,,
1955-05,,,0.7142857,,,,,,,,99.32822,,,,,,
1955-06,,,0.0,,,,,,,,111.4086,,,,,,
1955-07,,,0.0,,,,,,,,98.47807,,,,,,
1955-08,,,-0.7042254,,,,,,,,90.96024,,,,,,
1955-09,,,0.0,,,,,,,,74.69364,,,,,,
1955-10,,,0.0,,,,,,,,46.13781,,,,,,
1955-11,,,0.0,,,,,,,,22.90329,,,,,,
1955-12,,,0.7092199,,,,,,,,26.85948,,,,,,
1956-01,,,0.7092199,0.1143947,,,1.246106,1.032347,5.08167,,17.97801,0.0,,,0.3745318,,
1956-02,,,0.0,0.6964108,,,2.194357,2.0,5.08167,,17.83739,2.0,,,0.3745318,,
1956-03,,,0.0,1.107152,,,3.761755,2.20842,6.447731,,18.89615,2.0,,,0.3745318,,
1956-04,,,0.0,0.8729277,,,3.761755,1.864641,7.334476,,23.19787,4.0,,,0.7490637,,
1956-05,,,0.0,1.568104,,,3.773585,1.991758,7.319168,,29.12516,4.950495,,,1.123595,,
1956-06,,,1.41844,1.797024,,,3.448276,1.658604,5.030293,,22.85687,4.950495,,,1.872659,,
1956-07,,,2.12766,1.857007,,,2.47678,2.515723,4.250662,,18.98991,5.940594,,,2.238806,,
1956-08,,,2.836879,1.966826,,,2.492212,2.867133,5.3008,,19.2315,4.950495,,,1.865672,,
1956-09,,,1.408451,1.967263,,,2.803738,2.629758,4.445053,,16.1748,3.960396,,,1.858736,,
1956-10,,,2.112676,1.903173,,,1.846154,1.369863,3.956818,,19.48584,3.960396,,,2.230483,,
1956-11,,,2.816901,2.075207,,,1.840491,1.437372,2.745095,,32.61286,3.960396,,,2.230483,,
1956-12,,,2.816901,2.188814,,,1.834862,1.230349,3.044062,,40.39061,4.950495,,,2.985075,,
1957-01,,,2.816901,2.609027,,,2.769231,1.158038,4.4,,45.71375,4.950495,,,2.985075,,
1957-02,,,3.546099,2.196383,,,2.453988,0.6048971,4.3,,42.96684,3.921569,,,3.358209,,
1957-03,,,3.546099,1.614125,,,0.3021148,-0.1278094,2.764067,,44.3775,4.901961,,,3.731343,,
1957-04,,,4.255319,2.13307,,,0.9063444,0.1785714,1.752678,,45.22063,3.846154,,,3.717472,,
1957-05,,,4.255319,1.712933,,,1.515152,-0.6944444,2.04878,,29.59509,1.886792,,,3.703704,,
1957-06,,,3.496504,1.540422,,,2.121212,0.851583,3.222656,,23.38523,1.886792,,,3.308824,,
1957-07,,,2.777778,1.650943,,,2.719033,2.632924,4.509804,,20.84876,0.9345794,,,3.284672,,
1957-08,,,2.758621,1.872925,,,3.039514,3.555647,4.00782,,18.23796,1.886792,,,3.663004,,
1957-09,,,4.166667,1.925584,,,2.424242,4.009127,3.917728,,10.29041,2.857143,,,3.284672,,
1957-10,,,3.448276,2.150378,,,2.416919,5.812621,4.284323,,9.860959,2.857143,,,2.909091,,
1957-11,,,2.739726,2.144315,,,2.409639,8.155003,4.461688,,6.147978,2.857143,,,3.272727,,
1957-12,,,2.054795,2.030758,,,2.102102,10.51594,4.642166,,-2.203694,1.886792,,,2.898551,,
1958-01,,,2.739726,1.919079,,,2.694611,13.9881,3.544061,,-6.644483,2.830189,,,3.623188,3.712871,3.942652
1958-02,,,2.739726,2.093404,,,2.994012,15.04951,3.16395,,-5.775595,2.830189,,,3.249098,2.722772,3.942652
1958-03,,,3.424658,2.382728,,,3.614458,17.23108,4.130644,,-9.657484,2.803738,,,3.597122,2.722772,3.928571
1958-04,,,2.721088,2.151696,,,2.994012,18.34496,4.880383,,-11.98403,3.703704,,,3.584229,1.699029,4.642857
1958-05,,,2.721088,2.396868,,,3.58209,18.78122,4.397706,,-7.746129,4.62963,,,3.214286,2.891566,4.270463
1958-06,,,2.027027,2.413997,,,3.264095,18.57001,4.257332,,-4.397942,4.62963,,,2.846975,3.546099,3.900709
1958-07,,,2.027027,2.183921,,,1.764706,17.22113,1.782364,,-3.194765,5.555555,,,2.473498,6.146572,4.240283
1958-08,,,1.342282,1.728621,,,0.8849558,16.15087,1.785714,,-5.141598,6.481482,,,2.120141,6.088993,2.777778
1958-09,,,2.0,1.666301,,,0.591716,15.18625,2.167766,,1.426998,7.407407,,,2.120141,6.27907,2.068965
1958-10,,,2.0,1.27472,,,0.8849558,13.82879,2.147526,,6.560109,6.481482,,,2.120141,8.665106,2.068965
1958-11,,,2.0,1.049649,,,1.176471,10.9375,1.949861,,4.846541,6.481482,,,2.112676,7.209302,2.777778
1958-12,,,2.684564,0.8862092,,,1.176471,8.910892,1.848429,,3.440128,6.481482,,,1.760563,5.152225,3.125
1959-01,,,2.0,0.5535929,,,0.2915452,7.91993,2.12766,,3.616953,6.422019,,,1.398601,5.48926,2.413793
1959-02,,,2.0,0.2185235,,,0.0,8.175559,2.509294,,1.929497,6.422019,,,1.048951,7.46988,2.068965
1959-03,,,0.6622517,0.05463088,,,0.0,6.542056,1.752768,,3.908345,3.636364,,,0.3472222,6.506024,2.061856
1959-04,,,0.6622517,-0.44383,,,0.0,5.644482,-0.09124088,,3.013218,2.678571,,,0.3460208,5.48926,1.365188
1959-05,,,1.324503,-1.190219,,,-0.8645533,4.793944,-0.09157509,,1.853738,1.769912,,,0.3460208,5.152225,1.365188
1959-06,,,0.0,-1.369567,,,-0.2873563,4.606365,-0.8166969,,0.5473534,1.769912,,,0.6920415,4.3379,1.706485
1959-07,,,1.324503,-1.369567,,,0.5780347,4.590985,0.4608295,,0.3300743,1.754386,,,0.6896552,4.231626,0.6779661
1959-08,,,1.324503,-1.152032,,,2.046784,4.829309,0.9233611,,1.54795,0.8695652,,,1.038062,4.194261,0.3378378
1959-09,,,1.30719,-0.9812379,,,2.352941,4.892206,0.2767528,,4.761599,0.0,,,1.384083,2.407002,0.3378378
1959-10,,,1.30719,-0.7659942,,,2.046784,5.454545,-0.1828154,,4.211639,0.8695652,,,1.730104,2.586207,0.6756757
1959-11,,,1.30719,-0.711667,,,2.325581,6.379453,0.1821494,,4.621395,0.8695652,,,1.37931,3.253796,1.013514
1959-12,,,1.30719,-0.6048169,,,2.325581,6.115703,0.0,,8.027186,0.8695652,,,1.730104,4.231626,0.6734007
1960-01,,,1.30719,-0.2752725,,,2.325581,4.919355,-0.4528986,,7.094946,0.0,,,1.034483,4.298643,0.3367004
1960-02,,,1.30719,0.5560199,,,1.744186,3.739061,-0.3626473,,8.240676,0.0,,,1.730104,3.363229,0.6756757
1960-03,,,1.315789,0.7207338,,,1.744186,3.987241,-0.543971,,8.738729,1.754386,,,1.730104,3.393665,0.6734007
1960-04,,,1.973684,1.278959,,,2.325581,4.14673,0.7305936,,9.642799,0.8695652,,,1.724138,4.298643,1.010101
1960-05,,,1.30719,1.609724,,,2.616279,4.574639,1.099908,,8.029912,0.8695652,,,1.724138,3.340757,1.346801
1960-06,,,2.649007,1.834393,,,1.729107,4.243395,1.463861,,9.804111,0.8695652,,,1.718213,2.407002,1.342282
1960-07,,,1.30719,2.11211,,,1.436782,4.309657,1.926605,,11.40349,0.0,,,1.369863,1.709402,1.683502
1960-08,,,1.30719,1.995848,,,1.146132,4.765687,1.006404,,11.54762,0.0,,,1.369863,0.8474576,2.020202
1960-09,,,0.0,1.931105,,,1.149425,4.426877,1.655934,,5.681853,0.0,,,1.023891,0.8547009,2.020202
1960-10,,,1.290323,1.927955,,,1.146132,3.683386,2.014652,,4.870203,0.0,,,1.360544,-0.8403361,1.677852
1960-11,,,1.290323,1.81726,,,0.5681818,3.34891,1.727273,,6.143037,0.0,,,1.360544,-1.680672,1.337793
1960-12,,,1.290323,1.763918,,,0.5681818,3.582555,1.814882,,4.777147,0.0,,,1.360544,0.0,1.337793
1961-01,,,1.290323,1.768787,,,1.420455,2.305918,2.183804,,10.40983,0.0,,,1.706485,0.6507592,2.013423
1961-02,,,1.290323,1.319118,,,2.0,2.147239,2.183804,,10.59738,0.0,,,1.360544,0.6507592,2.348993
1961-03,,,1.948052,1.319118,,,2.0,2.070552,2.734731,,10.6814,0.862069,,,1.360544,2.407002,2.006689
1961-04,,,1.290323,1.15096,,,1.420455,1.837672,2.719855,,8.201782,0.862069,,,1.016949,1.518438,2.0
1961-05,,,1.290323,1.476452,,,1.983003,1.841903,2.99184,,10.40665,1.724138,,,1.016949,0.862069,2.325581
1961-06,,,1.290323,1.528635,,,2.549575,1.689708,3.336339,,5.555937,1.724138,,,0.6756757,0.8547009,1.986755
1961-07,,,1.290323,1.470799,,,2.549575,2.065799,3.150315,,7.184802,1.724138,,,1.351351,0.8403361,1.986755
1961-08,,,1.290323,1.735404,,,2.549575,1.743745,4.800725,,7.910158,2.586207,,,1.013514,1.470588,1.980198
1961-09,,,1.290323,1.623874,,,2.840909,2.119606,4.524887,,7.624625,3.448276,,,1.351351,2.330508,1.980198
1961-10,,,0.0,1.895044,,,2.549575,3.099017,3.859964,,9.090732,4.310345,,,0.671141,2.330508,1.980198
1961-11,,,0.0,3.299438,,,2.824859,3.843256,4.468275,,6.598453,4.310345,,,0.671141,3.205128,2.640264
1961-12,,,0.0,3.520074,,,2.824859,3.984962,4.367201,,4.255351,4.310345,,,0.671141,3.205128,1.980198
1962-01,,,0.0,3.907923,,,3.081233,4.58302,4.630454,,-0.4759372,5.172414,,,0.671141,3.448276,1.644737
1962-02,,,0.0,4.126984,,,3.361345,4.610925,4.735085,,0.9301919,5.172414,,,1.006711,3.448276,1.311475
1962-03,,,0.0,4.287498,,,3.641457,5.32852,4.78039,,2.573247,5.128205,,,1.006711,2.564103,1.639344
1962-04,,,0.6369427,4.776173,,,3.921569,5.620875,5.677405,,3.835181,5.982906,,,1.342282,3.205128,1.633987
1962-05,,,0.6369427,4.79326,,,3.055556,6.18012,5.708627,,4.0391,5.084746,,,1.342282,4.059829,1.298701
1962-06,,,1.273885,4.891497,,,2.486188,6.848961,5.503927,,8.364459,5.084746,,,1.342282,4.025424,1.298701
1962-07,,,1.273885,4.986775,,,2.762431,6.473036,5.093804,,6.887474,6.779661,,,1.0,3.75,1.298701
1962-08,,,1.910828,4.913833,,,2.209945,5.732697,3.18064,,8.415977,5.882353,,,1.337793,3.933748,0.9708738
1962-09,,,1.273885,4.68865,,,2.209945,5.604362,3.257576,,7.448112,5.833333,,,1.333333,3.933748,0.9708738
1962-10,,,1.910828,4.089466,,,2.486188,4.650871,2.977528,,7.790085,4.132231,,,1.333333,4.761905,0.9708738
1962-11,,,1.910828,3.142424,,,2.197802,4.20486,2.322498,,13.23821,4.132231,,,1.333333,3.933748,0.3215434
1962-12,,,1.910828,3.242221,,,2.747253,4.238108,2.649445,,16.90981,4.958678,,,1.333333,2.484472,1.618123
1963-01,,,1.910828,3.451829,,,2.98913,4.378819,2.7,,18.08648,4.098361,,,1.333333,2.291667,1.941748
1963-02,,,1.910828,3.802412,,,3.523035,4.883011,3.496504,,16.22104,4.918033,,,0.9966778,1.458333,1.618123
1963-03,,,1.910828,3.642645,,,3.243243,4.550051,3.18408,,13.62064,4.878049,,,1.328904,2.291667,1.290323
1963-04,,,1.265823,3.315858,,,3.234501,4.540868,2.060844,,15.30362,4.032258,,,0.9933775,2.484472,0.9646302
1963-05,,,1.265823,3.134923,,,2.96496,4.627767,1.663405,,11.82045,2.419355,,,0.9933775,2.258727,0.6410257
1963-06,,,0.6289308,3.126895,,,2.425876,4.90982,0.9718173,,15.43807,2.419355,,,1.324503,3.05499,0.9615384
1963-07,,,1.886792,3.016561,,,2.150538,4.89022,0.7804878,,28.52217,2.380952,,,1.320132,2.409639,1.282051
1963-08,,,1.875,2.900539,,,2.432432,5.394605,1.377953,,26.96181,0.7936508,,,1.320132,2.390438,1.602564
1963-09,,,1.886792,3.260251,,,2.702703,5.671642,1.773399,,26.79594,0.0,,,0.9868421,2.988048,1.602564
1963-10,,,1.25,3.821528,,,3.234501,5.660378,2.268245,,21.26008,0.7936508,,,1.315789,2.964427,1.602564
1963-11,,,1.875,3.961024,,,3.225806,5.330701,2.1611,,24.05381,1.587302,,,1.315789,3.784861,1.602564
1963-12,,,1.875,3.84974,,,3.475936,5.113078,1.857283,,28.51173,1.574803,,,1.644737,6.868687,0.955414
1964-01,,,1.875,3.632138,,,2.638522,4.682927,1.94742,,32.17117,3.937008,,,1.644737,7.739307,0.6349207
1964-02,,,1.875,3.161508,,,2.094241,4.170708,1.158301,,38.30254,3.90625,,,1.644737,10.0616,0.955414
1964-03,,,1.875,3.211009,,,2.094241,3.965184,1.44648,,40.45695,3.100775,,,1.311475,9.979633,1.910828
1964-04,,,2.5,3.706999,,,1.827676,3.861004,2.019231,,38.59652,3.875969,,,1.311475,9.89899,2.229299
1964-05,,,2.5,3.635768,,,2.094241,3.557692,2.983638,,46.75942,5.511811,,,1.311475,11.44578,2.229299
1964-06,,,2.5,3.231393,,,2.368421,3.056351,3.368624,,36.3636,5.511811,,,1.30719,11.85771,2.222222
1964-07,,,1.851852,3.074967,,,2.631579,2.949572,3.969022,,18.11514,5.426357,,,1.302932,14.11765,2.531646
1964-08,,,1.226994,3.017101,,,2.902375,2.748815,4.660194,,15.18698,7.874016,,,0.9771987,14.59144,2.523659
1964-09,,,1.851852,2.910953,,,2.631579,2.542373,4.356244,,20.99999,8.661417,,,1.302932,16.05416,3.154574
1964-10,,,1.851852,2.799393,,,2.088773,2.631579,4.050145,,28.41332,7.874016,,,0.974026,18.23417,3.470031
1964-11,,,1.226994,2.29505,,,2.34375,2.343018,4.615385,,25.55931,7.8125,,,1.298701,18.23417,4.100946
1964-12,,,1.840491,2.340944,,,2.325581,2.151544,4.798464,,20.82822,6.976744,,,0.9708738,17.01323,4.416404
1965-01,,,1.840491,2.338694,,,2.056555,2.329916,4.584527,,19.64942,5.30303,,,0.9708738,17.76938,4.731861
1965-02,,,1.840491,2.53039,,,1.794872,2.327747,4.484733,,14.3343,4.511278,,,0.9708738,14.1791,4.731861
1965-03,,,1.840491,2.532374,,,2.307692,2.511628,4.46768,,12.20893,6.015038,,,1.294498,11.11111,4.0625
1965-04,,,1.829268,2.224129,,,2.564103,2.602231,5.560791,,11.67212,5.223881,,,1.618123,11.02941,4.361371
1965-05,,,1.829268,2.790771,,,2.820513,2.785515,5.046729,,8.812599,5.223881,,,1.618123,9.549549,4.361371
1965-06,,,3.04878,3.320146,,,3.856041,4.263206,4.934823,,13.02081,5.223881,,,1.935484,8.833922,4.347826
1965-07,,,2.424242,3.559,,,3.846154,3.049908,4.934823,,17.60131,4.411765,,,1.607717,8.934708,4.012346
1965-08,,,2.424242,3.888153,,,3.846154,2.583026,4.730983,,19.76538,2.919708,,,1.935484,8.998302,4.307693
1965-09,,,2.424242,3.975179,,,3.846154,2.387511,4.823748,,15.06336,2.898551,,,1.607717,8.333333,3.669725
1965-10,,,2.424242,4.014071,,,4.092072,2.289377,4.819277,,12.03675,2.919708,,,1.92926,5.519481,3.658537
1965-11,,,3.030303,4.819731,,,4.071247,2.472528,4.411765,,10.20247,2.898551,,,1.602564,6.006494,3.333333
1965-12,,,3.012048,4.910071,,,3.787879,2.838828,4.487179,,9.602236,2.898551,,,1.923077,5.49273,3.323263
1966-01,,,3.012048,5.381292,,,4.030227,2.641166,4.383562,,7.421479,2.877698,,,1.923077,4.815409,3.313253
1966-02,,,3.614458,5.313407,,,4.282116,2.729754,4.474886,,8.106098,2.877698,,,2.564103,7.352941,3.915663
1966-03,,,4.216867,5.407428,,,4.010025,2.631579,4.276615,,9.596834,2.12766,,,2.555911,9.5,3.603604
1966-04,,,4.191617,5.200012,,,4.5,2.807971,3.571429,,9.062119,2.12766,,,2.866242,9.437086,3.283582
1966-05,,,4.191617,5.374658,,,4.239401,2.890696,3.914591,,9.887748,2.12766,,,2.866242,12.33553,2.985075
1966-06,,,3.550296,4.849283,,,3.465347,1.155556,3.90417,,11.06024,2.12766,,,2.531646,13.47403,3.273809
1966-07,,,3.550296,4.557813,,,3.209877,2.421525,3.460515,,9.134158,3.521127,,,2.848101,11.98738,2.967359
1966-08,,,4.142012,4.29856,,,2.962963,2.78777,3.897254,,10.31802,4.255319,,,3.481013,11.68224,2.654867
1966-09,,,4.142012,4.101912,,,2.962963,2.780269,3.628319,,12.89941,3.521127,,,3.481013,10.92308,4.129794
1966-10,,,4.142012,3.995048,,,2.702703,2.775291,3.801945,,16.52381,4.964539,,,3.785489,11.53846,4.117647
1966-11,,,3.529412,4.3257,,,3.178484,2.859696,3.961268,,15.52434,4.225352,,,3.785489,12.25115,3.812317
1966-12,,,3.508772,4.587677,,,2.919708,2.760463,3.680982,,15.25833,4.225352,,,3.45912,13.93568,3.80117
1967-01,,,3.508772,4.340076,,,2.663438,2.839397,3.674541,,13.15727,4.195804,,,3.45912,13.93568,3.790087
1967-02,,,2.906977,3.83362,,,2.415459,2.745793,3.671329,,11.6487,4.195804,,,2.8125,13.85084,3.188406
1967-03,,,2.890173,3.68924,,,2.409639,2.829355,3.490402,,11.39698,4.166667,,,2.803738,14.91629,3.768116
1967-04,,,2.873563,3.640017,,,1.674641,2.555066,3.017241,,13.2008,4.166667,,,2.47678,15.43116,3.757226
1967-05,,,3.448276,3.466488,,,1.913876,2.3705,2.226027,,11.21495,4.861111,,,2.786378,13.90922,4.347826
1967-06,,,3.428571,4.306541,,,1.913876,2.460457,2.391119,,9.785203,6.25,,,2.777778,14.02003,4.034582
1967-07,,,4.0,4.674672,,,1.913876,2.364273,2.229846,,10.46208,4.761905,,,2.769231,13.23944,4.610951
1967-08,,,3.977273,4.753444,,,1.678657,2.624672,1.364024,,9.545163,4.761905,,,2.446483,13.24965,4.597701
1967-09,,,3.977273,4.260396,,,1.678657,2.705061,1.451751,,9.266248,4.761905,,,2.752294,12.06657,3.116147
1967-10,,,3.977273,3.928685,,,1.674641,3.04878,1.959114,,8.193707,4.054054,,,2.431611,12.96552,2.542373
1967-11,,,3.977273,3.6901,,,0.9478673,3.56212,1.947502,,11.69811,4.054054,,,2.735562,11.32333,2.542373
1967-12,,,3.954802,3.489733,,,0.7092199,3.37955,2.451395,,11.52074,4.72973,,,3.039514,8.602151,2.253521
1968-01,,,4.519774,3.370914,,,1.415094,3.968939,2.616034,,13.08606,4.697987,,,3.647416,11.69355,1.966292
1968-02,,,4.519774,3.791943,,,1.650943,3.965517,3.035413,,13.24707,4.697987,,,3.951368,9.491979,2.247191
1968-03,,,4.494382,3.398197,,,1.411765,3.783319,3.372681,,12.80389,4.0,,,3.939394,6.490066,1.955307
1968-04,,,3.910614,3.21284,,,1.411765,3.95189,4.435146,,9.786899,4.666667,,,3.927492,5.897772,1.949861
1968-05,,,3.333333,2.394315,,,1.173709,4.116638,4.606365,,8.970099,3.311258,,,3.915663,2.956298,1.666667
1968-06,,,3.314917,1.795468,,,1.173709,4.459691,4.587156,,10.61265,2.614379,,,4.204204,1.380176,1.66205
1968-07,,,3.846154,1.342563,,,1.173709,4.53379,5.285235,,10.35912,2.597403,,,4.491018,0.0,1.652893
1968-08,,,3.825137,1.240095,,,1.415094,4.688832,5.719092,,9.746589,2.597403,,,4.477612,1.231527,1.373626
1968-09,,,3.825137,1.724956,,,1.415094,5.012744,5.892256,,8.576363,2.597403,,,4.464286,2.351485,1.923077
1968-10,,,3.825137,2.207197,,,1.411765,5.579036,5.597327,,9.763928,3.246753,,,4.747775,1.465201,2.203857
1968-11,,,4.918033,2.186186,,,1.877934,5.11745,5.232558,,11.63664,3.246753,,,4.733728,-0.3676471,2.479339
1968-12,,,4.347826,2.179972,,,2.112676,5.280805,5.940594,,11.02555,3.225806,,,4.719764,-2.227723,2.754821
1969-01,,,3.783784,2.269472,,,1.395349,5.394191,6.167763,,11.73761,2.564103,,,4.398827,-5.5355,3.030303
1969-02,,,3.783784,2.265167,,,1.62413,5.638474,6.219313,,10.64563,2.564103,,,4.678362,-4.639805,2.747253
1969-03,,,3.763441,2.464196,,,1.856148,6.048053,6.280587,,10.39871,2.564103,,,5.247813,-2.363184,3.287671
1969-04,,,5.376344,2.372601,,,1.856148,6.280992,5.528846,,11.07117,2.547771,,,5.523256,-2.227723,3.278688
1969-05,,,5.376344,2.553156,,,2.088167,6.425041,5.284227,,11.56743,3.205128,,,5.507246,-0.2496879,3.551913
1969-06,,,5.347594,2.930494,,,2.088167,6.403941,5.342903,,11.52403,3.184713,,,5.475504,1.732673,3.269755
1969-07,,,4.761905,3.026881,,,2.088167,6.546645,5.258964,,11.60379,3.164557,,,5.444126,2.860697,2.98103
1969-08,,,4.736842,2.54868,,,2.093023,6.270358,4.852824,,11.45648,3.164557,,,5.714286,0.6082725,2.98103
1969-09,,,4.736842,2.543559,,,2.093023,6.148867,5.08744,,14.45485,3.164557,,,5.698006,0.0,2.96496
1969-10,,,4.736842,2.348149,,,2.088167,5.684547,5.379747,,14.43565,3.144654,,,5.665722,-1.083032,3.504043
1969-11,,,3.645833,2.234198,,,1.612903,5.826017,5.367009,,13.06321,3.144654,,,5.932203,0.6150061,3.494624
1969-12,,,4.6875,2.319803,,,2.068965,5.89172,4.672897,,16.29166,3.125,,,6.197183,3.544304,3.753351
1970-01,,,5.208333,2.313369,,,2.981651,5.590551,4.957397,,14.87467,8.75,,,6.179775,4.203822,3.475936
1970-02,,,5.208333,2.123599,,,2.739726,5.581577,4.930663,,16.47271,9.375,,,6.145251,4.737516,3.475936
1970-03,,,4.663212,2.499192,,,2.961276,5.407702,5.14198,,18.12266,10.0,,,5.817174,5.350318,2.65252
1970-04,,,3.571429,2.592813,,,3.416857,5.448477,5.618831,,20.0,9.937888,,,6.060606,5.822785,5.075188
1970-05,,,3.571429,3.136834,,,3.181818,5.382854,6.08365,,18.01961,9.937888,,,6.043956,5.757196,4.797945
1970-06,,,3.045685,3.12241,,,3.409091,5.480365,5.904618,,15.13938,9.876543,,,6.010929,4.014598,4.797945
1970-07,,,3.535353,3.39776,,,3.409091,5.20469,6.66162,,15.97244,11.04294,,,5.978261,3.869407,4.522161
1970-08,,,3.015075,3.952971,,,3.644647,5.382692,6.828528,,16.1753,10.42945,,,5.405406,4.474002,7.202216
1970-09,,,2.512563,4.506047,,,3.644647,5.238048,7.034796,,15.28485,11.65644,,,5.660378,4.957678,6.640948
1970-10,,,2.512563,4.863652,,,3.863636,5.015322,7.357358,,14.47903,11.58537,,,5.630027,6.20438,6.085526
1970-11,,,2.512563,5.366745,,,4.081633,4.953341,7.865169,,13.01115,12.19512,,,5.6,6.723716,5.809979
1970-12,,,0.9950249,5.439717,,,4.054054,4.946662,7.886905,,14.41664,12.72727,,,5.570292,5.012225,5.263158
1971-01,,,0.990099,5.788213,28.15433,,4.008909,4.698672,8.487085,6.5,15.86276,7.471264,,,5.291005,3.91198,5.263158
1971-02,,,1.485149,6.240952,22.81746,,4.666667,4.887984,8.516887,6.0,15.85984,6.857143,,,5.0,3.91198,5.263158
1971-03,,,1.485149,6.678928,20.13423,,4.646018,4.974619,8.759124,5.3,15.52128,6.818182,,,4.712042,2.781137,7.894737
1971-04,,,1.970443,6.866535,20.22472,,4.845815,5.050505,9.417686,5.8,12.60787,6.214689,,,4.155844,1.674641,5.128205
1971-05,,,1.970443,6.976017,20.98992,,5.066079,5.331992,9.820788,6.4,11.72705,6.779661,,,4.404145,0.591716,5.128205
1971-06,,,2.463054,6.587168,21.04317,,5.274725,5.310621,10.29307,6.9,13.94184,6.741573,,,4.639175,1.052632,5.128205
1971-07,,,2.439024,6.750607,19.04762,,5.714286,5.6,10.14904,6.9,15.15403,5.524862,,,4.358974,2.211874,5.128205
1971-08,,,3.414634,6.549015,17.36887,,5.714286,5.577689,10.2983,7.0,15.36351,6.111111,,,4.615385,3.703704,5.0
1971-09,,,3.431373,6.682712,15.49414,,5.934066,5.654762,9.893993,8.0,14.50382,5.494505,,,4.081633,4.262673,5.0
1971-10,,,3.921569,6.561051,16.52824,,5.908096,5.83004,9.370629,6.5,11.41319,6.010929,,,3.807106,3.665521,7.5
1971-11,,,3.921569,6.564095,18.81188,,5.664488,5.807086,9.236111,5.5,11.81579,5.978261,,,3.282828,4.238259,7.5
1971-12,,,4.926108,6.620942,22.11221,,5.411255,5.986261,9.034483,4.8,9.078195,4.83871,,,3.266332,4.889406,7.5
1972-01,,,4.901961,6.663349,24.81693,,5.567452,5.658536,8.163265,4.1,7.942015,5.882353,,,3.266332,5.411765,7.5
1972-02,,,4.878049,6.721669,31.9063,,5.095541,5.728155,8.11908,4.5,9.20685,6.417112,,,3.508772,4.823529,7.5
1972-03,,,5.365854,6.342052,33.91859,,5.285412,5.802708,7.583893,5.3,10.18121,6.382979,,,3.5,5.411765,4.878049
1972-04,,,4.830918,6.339207,38.08411,,5.042017,5.576923,6.30749,5.0,11.37588,6.914894,,,3.491272,6.0,4.878049
1972-05,,,4.830918,6.27282,40.0,,4.821803,5.444126,6.13577,5.2,13.8364,6.878307,,,3.225806,6.470588,4.878049
1972-06,,,4.326923,6.771087,40.19316,,4.80167,5.613701,6.092029,4.8,14.6538,7.368421,,,2.70936,7.407407,4.878049
1972-07,,,4.761905,6.406065,46.0,,5.197505,5.965909,5.798969,5.0,13.86756,7.853403,,,2.948403,7.85877,7.317073
1972-08,,,4.716981,6.644583,77.21612,,5.197505,6.132075,6.567933,5.9,14.61355,7.853403,,,2.941176,6.696429,7.142857
1972-09,,,5.687204,6.760908,114.3582,,6.016598,6.29108,7.009646,3.9,12.83041,8.333333,,,3.186275,6.187845,7.142857
1972-10,,,5.188679,7.306755,142.8368,,5.991735,6.629318,7.86445,4.4,12.41306,7.731959,,,3.422983,6.629834,6.976744
1972-11,,,5.188679,6.806171,149.8611,,6.391753,6.883721,7.628735,5.1,10.14356,7.692307,,,3.667482,6.593407,6.976744
1972-12,,,5.164319,6.855426,163.3784,,6.365503,6.944445,7.653384,5.7,9.18522,7.692307,,,3.406326,7.658158,6.976744
1973-01,,,5.607477,7.373799,180.2477,,6.288033,6.6482,7.735849,6.7,7.85124,6.565657,,,3.649635,8.258928,6.976744
1973-02,,,6.046512,7.57516,174.158,,6.464646,6.336088,7.884856,7.0,4.838171,7.035176,,,3.874092,10.43771,6.976744
1973-03,,,5.555555,8.194178,183.3135,,6.626506,6.398538,8.172177,8.7,2.153214,8.0,,,4.589372,11.38393,9.302325
1973-04,,,6.451613,8.347219,195.4879,,6.8,6.739526,9.208899,9.4,2.053543,7.960199,,,5.060241,13.31853,11.62791
1973-05,,,6.912442,8.023546,238.5281,,7.6,7.155797,9.471095,10.8,2.20604,7.920792,,,5.528846,16.35359,11.62791
1973-06,,,7.834101,8.211845,283.4128,,7.768924,7.387387,9.285278,11.0,1.416551,7.843137,,,5.995204,15.94828,11.62791
1973-07,,,7.727273,8.287431,323.1862,,7.312253,7.417337,9.439708,11.7,0.8533502,7.281553,,,5.727923,18.47941,11.36364
1973-08,,,8.108109,8.257567,303.6379,,7.312253,7.555555,8.882175,11.9,0.3112356,6.796116,,,7.380952,19.35147,8.888889
1973-09,,,8.071749,8.261583,286.0961,,6.262231,7.862191,9.254807,14.2,1.067689,6.730769,,,7.36342,19.25078,8.888889
1973-10,,,8.52018,9.48658,528.324,,6.62768,8.056042,9.899229,13.9,2.401426,7.177033,,,7.801418,21.5544,8.695652
1973-11,,,9.417041,10.84973,528.8771,,7.364341,8.355091,10.33668,15.2,5.576923,7.619048,,,8.254717,23.29897,8.695652
1973-12,,,9.375,11.9238,508.0298,,7.915058,8.484848,10.57579,18.3,8.487243,8.095238,,,8.705882,23.81443,8.695652
1974-01,,,9.292035,11.56662,529.1463,,7.442748,10.30303,11.96731,21.9,12.78203,9.478673,,,9.389671,25.6701,10.86957
1974-02,,,9.210526,10.00906,651.9991,,7.779886,11.48532,13.1442,24.9,18.35349,9.389671,,,10.02331,25.30488,10.86957
1974-03,,,10.52632,9.63288,708.7926,,7.156309,12.19931,13.4872,22.8,22.61413,8.796296,,,10.39261,27.25451,10.6383
1974-04,,,9.95671,8.729362,746.2875,,7.303371,13.22526,15.16684,23.7,24.20986,9.21659,,,10.09174,28.01175,8.333333
1974-05,,,11.63793,9.834188,670.1886,,7.063197,13.52494,15.94202,22.0,24.1513,8.715596,,,10.70615,28.96486,10.41667
1974-06,,,11.53846,9.62004,704.5612,,6.839187,13.92617,16.53807,22.3,23.50347,8.181818,,,10.85973,29.18216,12.5
1974-07,,,10.97046,9.820284,678.204,,6.813996,14.39268,17.08659,23.8,25.54058,9.049774,,,11.51241,28.07487,10.20408
1974-08,,,10.83333,10.50328,637.2183,,6.998158,14.54545,16.86815,23.9,28.18285,10.0,,,10.86475,29.97371,12.2449
1974-09,,,11.20332,11.34183,611.4343,,7.182321,14.74201,17.10561,22.5,29.23077,9.90991,,,11.9469,34.64223,14.28571
1974-10,,,11.98347,9.785572,350.9553,,7.129799,14.91086,17.10766,24.8,27.82386,10.26786,,,12.0614,31.88406,12.0
1974-11,,,11.88525,9.034572,368.0603,,6.498195,14.93976,18.28351,24.5,28.02064,9.734513,,,12.20044,27.84281,14.0
1974-12,,,12.65306,7.551874,375.8829,,5.724508,15.16361,19.13613,21.0,26.45149,10.13216,,,12.33766,25.3955,14.0
1975-01,,,11.74089,7.290713,375.0989,,6.039076,14.52119,19.9,16.8,25.44116,11.25541,,,11.80258,23.54389,13.72549
1975-02,,,12.04819,8.42161,344.7946,,5.633803,13.86522,19.86234,13.6,21.30692,10.72961,,,11.22881,21.7356,15.68627
1975-03,,,11.11111,8.319828,371.8934,,5.975395,13.47626,21.1501,13.9,19.1085,11.06383,,,10.25105,16.77165,13.46154
1975-04,,,11.02362,9.246454,394.2531,,6.108202,12.66014,21.67766,13.4,20.63613,10.97046,,,10.20833,14.15455,15.38461
1975-05,,,10.03861,8.156371,427.4142,,6.076389,12.13701,25.0,14.0,24.33961,11.39241,,,9.46502,11.19293,13.20755
1975-06,,,10.34483,7.980797,422.8655,,6.574394,11.7084,26.12696,13.4,26.93878,12.18487,,,9.387755,8.992805,12.96296
1975-07,,,11.02662,7.428178,412.5096,,6.206897,11.12727,26.25342,11.4,26.46863,12.86307,,,9.716599,4.175365,14.81481
1975-08,,,10.90226,6.705584,403.3189,,5.851979,10.96681,26.86703,10.2,25.2945,11.98347,,,8.6,0.0,12.72727
1975-09,,,10.44776,5.380455,387.3762,,6.185567,10.70664,26.57658,10.4,27.53175,12.70492,,,7.905138,-4.471808,12.5
1975-10,,,9.963099,4.838411,344.4083,,5.631399,10.22567,25.88339,9.7,30.53998,11.74089,,,7.436399,-5.623788,12.5
1975-11,,,10.25641,3.704381,338.2228,,5.254237,9.923131,25.17361,8.3,27.8476,12.09677,,,7.378641,-4.839765,12.2807
1975-12,,,9.42029,3.447835,340.6981,,5.414552,9.63271,24.89307,7.8,26.45136,11.2,,,6.936416,-6.175299,12.2807
1976-01,,,9.782609,3.430314,327.3237,,5.19263,9.595613,23.35279,8.7,23.02716,9.338521,,,6.71785,-8.565737,10.34483
1976-02,,,9.318996,3.045107,303.5406,,5.333333,9.523809,22.88761,9.3,22.17542,9.689922,,,6.285714,-10.72618,10.16949
1976-03,,,9.285714,2.474944,278.1623,,5.140962,9.581646,21.15849,8.7,21.98288,9.961686,,,6.072106,-10.9238,11.86441
1976-04,,,8.865249,2.222502,250.3726,,4.769737,9.565217,18.90008,9.4,19.51768,9.885932,,,6.04915,-10.52279,11.66667
1976-05,,,8.421053,1.286925,231.8714,,4.418985,9.495352,15.39033,9.2,16.09312,10.22727,,,6.203008,-11.25828,11.66667
1976-06,,,7.986111,1.099038,211.2837,,3.733766,9.162822,13.78556,9.6,15.68194,10.48689,,,5.970149,-11.28713,11.47541
1976-07,,,7.191781,1.468073,210.0556,,3.571429,9.424084,12.85199,9.9,15.79051,9.191176,,,5.350554,-8.350034,9.67742
1976-08,,,6.101695,1.523979,200.2556,,4.065041,9.492847,13.7832,9.4,14.48902,9.594096,,,5.709024,-7.147674,12.90323
1976-09,,,6.418919,0.9131935,195.83,,3.721683,9.735655,14.30605,9.8,11.48174,8.363636,,,5.494505,-5.359566,11.11111
1976-10,,,6.375839,1.030491,191.2005,,3.71567,9.916826,14.73684,8.7,8.74555,7.971014,,,5.464481,-3.835616,11.11111
1976-11,,,5.64784,0.907553,179.4628,,3.703704,10.10807,14.9792,9.2,9.459626,7.553957,,,4.882459,-2.886598,9.375
1976-12,,,5.629139,1.273885,174.3204,,3.691814,9.860935,15.06849,10.5,9.600591,7.913669,,,4.864865,0.0,10.9375
1977-01,,,6.270627,0.9019601,163.0213,,3.980892,9.005629,16.56525,9.4,9.722392,8.896797,,,5.215827,2.977487,12.5
1977-02,,,6.229508,1.027181,152.9249,,3.797468,9.006211,16.22163,9.3,11.0681,8.833922,,,5.913979,6.865672,10.76923
1977-03,,,7.189542,1.027283,136.3491,,3.62776,9.051724,16.73307,9.5,10.70218,9.059234,,,6.440072,9.084027,10.60606
1977-04,,,7.491857,1.146898,121.1432,,3.610675,9.523809,17.45928,8.8,9.618213,8.99654,,,6.951872,8.314607,11.9403
1977-05,,,8.090615,1.270574,109.0257,,3.761755,9.824136,17.07474,9.4,10.08536,8.934708,,,6.725664,9.626865,11.9403
1977-06,,,7.717042,1.75201,92.26438,,4.068858,10.20531,17.69231,8.6,10.07586,8.474576,,,6.866197,9.970238,10.29412
1977-07,,,8.306709,1.629442,83.49498,,4.075235,10.10766,17.59437,7.7,9.381215,9.090909,,,6.830122,9.402332,11.76471
1977-08,,,8.306709,1.263165,79.90206,,3.75,9.916864,16.52997,8.6,9.708082,9.090909,,,6.620209,9.658678,10.0
1977-09,,,8.571428,1.56609,73.40342,,3.74415,9.694477,15.62889,7.7,9.216255,9.395973,,,6.597222,9.605735,10.0
1977-10,,,8.832808,1.525596,69.31756,,3.582555,9.545983,14.06728,7.6,10.07958,9.731544,,,6.390328,8.547009,11.42857
1977-11,,,9.119497,1.241683,66.67268,,3.416149,9.064665,13.02774,6.5,10.59648,9.364549,,,6.724138,7.855626,11.42857
1977-12,,,9.404388,1.200369,63.49171,,3.405573,8.975834,12.14286,5.0,10.95514,9.333333,,,6.701031,7.855626,11.26761
1978-01,,,9.006211,1.020852,57.15648,,3.062787,9.179576,9.918794,4.5,13.29692,9.477124,,,6.837607,5.853314,11.11111
1978-02,,,9.259259,1.056711,52.08392,,2.896342,9.230769,9.477312,4.5,12.99281,9.090909,,,6.42978,3.212291,11.11111
1978-03,,,8.841463,1.340693,47.53066,,3.04414,9.203839,9.101252,4.8,12.89543,8.626198,,,6.554622,2.914643,9.589041
1978-04,,,8.484848,1.422584,44.58655,,3.030303,8.974359,7.931226,4.2,12.64355,8.253968,,,6.5,2.835408,9.333333
1978-05,,,8.682634,1.583518,42.20433,,2.870091,9.000552,7.705008,3.9,12.59228,7.886436,,,6.965174,1.565691,9.333333
1978-06,,,9.253732,1.120235,40.40137,,2.706767,8.986301,7.407407,3.9,14.60361,7.5,,,7.413509,2.165088,9.333333
1978-07,,,9.439528,1.059088,38.52678,,2.710843,9.342749,7.780196,4.6,14.80519,7.407407,,,7.704918,1.532312,11.8421
1978-08,,,9.734513,1.159295,37.72938,,2.560241,9.400324,7.958852,4.6,13.53499,7.407407,,,7.843137,1.258278,11.68831
1978-09,,,8.479532,0.7994612,36.58765,,2.255639,9.159079,7.808293,4.1,15.48684,8.282208,,,8.306189,1.504251,12.98701
1978-10,,,8.985507,0.3997932,33.50969,,2.406015,9.298618,7.828418,3.7,16.84184,7.95107,,,8.928572,3.08399,12.82051
1978-11,,,8.933718,0.6986131,32.38743,,2.552552,9.475913,8.057631,3.8,17.00715,8.256881,,,8.885299,3.08399,12.82051
1978-12,,,8.595988,0.697218,30.32026,,2.54491,9.71489,8.386412,3.9,16.39676,7.926829,,,9.017714,1.509186,11.39241
1979-01,,,8.547009,1.096612,30.84843,,2.82318,10.19443,9.340369,3.6,14.09247,5.373134,,,9.28,2.198534,11.25
1979-02,,,9.039548,2.093043,29.84382,,2.814815,10.11998,9.601259,2.8,15.69157,5.474779,,,9.856915,2.841678,12.5
1979-03,,,9.243697,2.487844,29.69728,,3.10192,10.13444,9.801877,2.7,16.27498,4.644269,,,10.09464,3.438975,13.75
1979-04,,,9.776536,2.582349,29.67535,,3.088235,10.02558,10.07194,2.9,19.29967,4.746561,,,10.48513,4.707465,12.19512
1979-05,,,9.366391,2.877846,30.19065,,3.230543,10.13171,10.32192,3.2,21.79717,4.848254,,,10.85271,4.959785,12.19512
1979-06,,,9.016394,4.058605,30.8161,,3.513909,10.20613,11.35903,3.8,19.62819,4.644269,,,10.88957,5.562914,13.41463
1979-07,,,8.355795,4.356077,32.21346,,4.2522,10.33284,15.64866,4.3,18.46606,4.243333,,,11.26332,7.020998,14.11765
1979-08,,,8.333333,4.054585,34.68639,,4.552129,10.81481,15.79739,3.1,18.63174,4.243333,,,11.81818,8.763898,13.95349
1979-09,,,9.703504,4.861504,36.06261,,5.147059,11.04024,16.48352,3.2,17.86236,3.162055,,,12.18045,8.054124,13.7931
1979-10,,,9.042553,4.968934,36.8397,,5.139501,11.32718,17.15564,4.2,17.6437,3.952569,,,12.07154,7.320178,13.63636
1979-11,,,9.523809,5.159566,37.92351,,5.417277,11.46035,17.38272,5.0,18.79529,4.447198,,,12.61128,8.21133,13.63636
1979-12,,,9.762533,5.147624,38.89998,,5.40146,11.79018,17.238,5.6,21.20435,4.447198,,,13.29394,11.70006,14.77273
1980-01,,,9.711287,5.028523,38.76556,,4.913295,12.92322,18.38803,6.4,25.3934,6.324111,,,13.90922,11.73403,13.48315
1980-02,,,9.585492,4.096897,39.04131,,5.907781,13.36514,19.10005,7.7,26.41006,7.874016,,,14.18234,12.10526,13.33333
1980-03,,,9.230769,3.88426,39.21915,,5.730659,13.6521,19.75309,7.7,28.77951,9.019608,,,14.75645,12.32073,13.18681
1980-04,,,9.160305,4.066862,39.14038,,5.848787,13.94493,21.75537,8.1,26.62034,9.375,,,14.73088,11.23956,13.04348
1980-05,,,9.3199,4.339211,38.86419,,6.116643,13.66448,21.90829,8.0,26.65273,10.11673,,,14.40559,12.70753,14.13043
1980-06,,,10.02506,3.236565,38.05139,,5.799151,13.53387,20.99271,8.2,27.01738,11.24031,,,14.38451,11.85696,15.05376
1980-07,,,9.950249,3.322357,35.93699,,5.344585,13.636,16.93584,7.5,27.4512,11.53846,,,13.1327,11.58798,12.37113
1980-08,,,10.91811,4.183833,32.65843,,5.337079,13.59152,16.28411,8.4,29.16143,12.30769,,,12.87263,10.28262,11.22449
1980-09,,,10.56511,3.78502,30.37115,,4.895105,13.63755,15.86621,8.7,29.78484,13.02682,,,12.60054,10.73345,13.13131
1980-10,,,10.73171,3.693772,30.99536,,4.888268,13.50522,15.40747,7.5,32.50531,12.92776,,,12.76596,11.20996,14.0
1980-11,,,11.11111,4.24506,31.61846,,5.0,13.52999,15.31342,8.0,31.2647,12.83019,,,12.64822,11.64706,15.0
1980-12,,99.25049,11.05769,4.425728,31.2383,,5.540166,13.73243,15.12114,6.9,32.20218,13.58491,,,12.5163,9.085649,15.84158
1981-01,,99.66512,12.20096,5.165537,30.59352,,5.922865,12.84501,13.04525,7.2,28.76397,15.24164,,,11.82519,10.73512,15.84158
1981-02,,103.0704,12.05674,5.998964,28.64659,,5.442177,12.71008,12.45981,6.3,24.3986,14.23358,,,11.40684,13.3216,16.66667
1981-03,,101.0277,12.67606,6.354893,25.97176,,5.826558,12.46106,12.60904,6.1,22.25894,14.7482,,,10.48689,12.59431,15.53398
1981-04,,103.273,12.58741,5.674773,24.35888,,5.795148,12.61539,12.03988,5.0,22.41146,14.64286,,,10.0,13.85681,15.38461
1981-05,,102.9977,12.21198,5.915771,23.15384,,5.764075,12.71618,11.74012,5.0,21.3222,13.78092,,,9.779951,13.31445,15.2381
1981-06,,103.4073,12.75626,6.359311,20.95861,,5.882353,13.0303,11.32857,4.8,23.16778,13.58885,,,9.5526,13.74089,14.01869
1981-07,,104.776,12.89593,6.518258,19.291,,6.408545,13.34661,10.89959,4.4,23.38168,14.13793,,,10.76179,13.46154,14.6789
1981-08,,105.8496,12.52796,7.481803,18.14562,,6.533333,13.60947,11.47114,4.2,22.60403,13.35616,,,10.80432,14.34024,16.51376
1981-09,,107.8769,12.66667,7.474973,16.75133,,7.066667,13.88074,11.39896,4.0,21.90203,13.22034,,,10.95238,13.40872,16.07143
1981-10,,99.51675,12.77533,7.305727,13.79627,,7.456724,14.11992,11.69548,4.2,18.31616,12.79461,,,10.14151,13.33333,14.91228
1981-11,,96.89488,12.17391,6.967732,11.08314,,7.275132,14.31316,11.96644,3.8,16.63541,12.37458,,,9.590643,12.43414,14.78261
1981-12,,95.62305,12.12121,6.583004,9.539756,,6.692914,13.89153,12.04644,4.3,13.69186,11.96013,,,8.922364,12.7321,13.67521
1982-01,,95.8563,11.30064,6.071164,8.533961,,6.631989,13.82879,12.00865,3.3,12.41355,12.25806,,,8.390804,11.69652,13.67521
1982-02,,96.28988,11.39241,5.216714,7.345412,,5.935484,13.8863,11.0436,3.2,12.05033,11.82109,,,7.622298,9.580528,13.44538
1982-03,,97.6752,11.45833,4.744637,6.96135,,5.121639,14.21976,10.35211,3.0,10.95606,11.59875,,,6.779661,8.814433,15.96639
1982-04,,96.60805,11.38716,5.544831,5.564054,,4.968153,13.93443,9.411362,3.0,10.17958,11.21495,,,6.50954,7.505071,16.66667
1982-05,,98.65495,11.90965,5.933403,3.659164,,5.196451,13.80866,9.486569,2.5,8.619821,11.18012,,,6.681514,6.7,16.52892
1982-06,,101.643,11.31313,6.152649,4.248579,,5.934343,13.49419,9.161595,2.3,6.352554,10.7362,,,7.064018,7.051282,16.39344
1982-07,,101.8368,11.02204,6.034534,5.659214,,5.395232,11.95079,8.717604,1.9,5.564732,10.87613,,,6.441048,6.92494,14.4
1982-08,,102.7495,10.53678,5.17714,7.755947,,5.006258,10.9375,7.951888,3.2,4.788231,10.87613,,,5.850488,7.486886,14.17323
1982-09,,102.4094,10.25641,5.512515,11.34777,,4.856787,10.12876,7.275747,3.2,3.939905,10.77844,,,5.042919,7.264957,13.07692
1982-10,,101.1859,9.960938,6.127937,16.31952,,4.832714,9.322034,6.848864,3.1,3.949278,11.34328,,,5.139186,6.729412,13.74046
1982-11,,101.2182,9.689922,5.838957,19.96477,,4.562269,9.411765,6.25611,2.3,4.223865,11.60714,,,4.589114,7.357076,14.39394
1982-12,,104.7904,9.266409,5.499606,20.73317,,4.551045,9.690894,5.408031,2.0,4.835322,11.86944,,,3.829787,8.047059,13.53383
1983-01,,107.9996,8.237548,4.809211,22.00727,,4.146341,9.586777,4.92595,2.1,5.125891,10.05747,,,3.711559,7.830189,14.28571
1983-02,,110.3821,7.575758,4.77749,23.12514,,4.019488,9.247136,5.342774,2.0,5.335824,10.0,,,3.488372,9.168242,14.81481
1983-03,,113.6305,7.28972,4.802484,24.90518,,4.019488,8.973323,4.626675,2.3,4.742722,9.269663,,,3.597884,9.85315,13.04348
1983-04,,115.0265,6.69145,4.515396,28.74699,,3.883495,9.11271,4.003754,2.1,4.269947,9.243697,,,3.898841,10.70755,12.85714
1983-05,,114.6725,5.504587,3.312138,31.18253,,3.373494,8.961142,3.695652,2.7,3.772972,9.217877,,,3.549061,12.79288,12.76596
1983-06,,120.2354,5.444646,2.807465,32.34897,,2.622169,8.818897,3.654382,2.0,3.06266,8.864266,,,2.57732,13.40396,11.97183
1983-07,,127.9388,5.415163,2.190799,32.26374,,2.857143,9.419152,4.179566,2.3,2.825522,7.901907,,,2.461539,13.17935,12.58741
1983-08,,134.6896,5.57554,1.722174,31.57221,,3.337306,9.702661,4.611575,1.3,2.587512,7.629428,,,2.558854,12.51109,12.41379
1983-09,,146.3487,5.008945,1.4384,29.10628,,3.206651,10.1325,5.140911,0.9,2.274336,7.837838,,,2.860061,13.28021,11.56463
1983-10,,156.7849,4.973357,1.4363,26.17819,,2.718676,10.3876,4.992296,1.5,2.432884,7.506702,,,2.851324,13.62434,10.73826
1983-11,,161.8949,4.416961,1.752163,23.74219,,2.712264,9.831029,4.84514,1.9,2.827669,7.2,,,3.265306,13.09472,10.59603
1983-12,,164.0117,4.593639,2.13651,23.09192,,2.705882,9.291698,5.3149,1.7,1.964668,7.161804,,,3.790984,12.45645,10.59603
1984-01,,166.5103,5.486726,2.656738,21.05007,,2.576113,8.974359,5.124271,1.9,1.798545,6.266318,,,4.192229,13.77953,10.52632
1984-02,,170.5685,5.457747,2.884896,20.71585,,2.9274,8.913857,5.102353,2.9,2.013197,6.233766,,,4.596527,12.1645,9.67742
1984-03,,174.5859,4.529617,3.356722,21.47767,,3.044497,8.605341,5.245502,2.5,2.005724,6.426735,,,4.800817,11.12549,10.25641
1984-04,,182.2207,4.878049,3.186404,19.73228,,2.920561,7.912088,5.172932,2.3,2.605965,6.666667,,,4.563895,10.01278,10.75949
1984-05,,189.0253,4.695652,2.883709,19.52158,,2.797203,7.787482,5.121294,2.0,2.153303,6.393862,,,4.233871,7.852098,11.32076
1984-06,,189.5516,4.302926,2.790218,19.18431,,2.787457,7.670043,5.13893,1.9,1.709593,6.361323,,,4.221106,7.676686,11.94969
1984-07,,188.621,4.109589,2.808884,17.97717,,2.314815,7.460545,4.457652,2.5,1.709593,6.060606,,,4.204204,8.123249,11.80124
1984-08,,189.25,3.577513,2.896393,15.17994,,1.730104,7.417974,4.970414,1.9,2.153303,6.329114,,,4.291417,6.742902,11.65644
1984-09,,193.0465,3.74787,2.706177,15.83309,,1.611047,7.077141,4.712813,2.3,3.188283,6.015038,,,4.270109,6.330598,11.58537
1984-10,,197.2735,3.384095,3.108849,22.35513,,2.186421,6.952247,4.989727,2.2,2.743766,5.985037,,,4.257426,6.13116,12.72727
1984-11,,205.973,3.891709,2.99439,22.15736,,2.06659,6.853147,4.942966,2.2,2.75215,5.970149,,,4.051383,6.059436,12.57485
1984-12,,215.2638,3.716216,2.90387,23.03956,,1.947308,6.689896,4.57993,2.6,2.447029,5.940594,,,3.948667,5.189775,13.17365
1985-01,,221.2717,3.52349,3.537796,26.81171,,2.16895,6.50519,5.020432,2.9,2.1108,5.896806,,,3.532875,4.421376,13.69048
1985-02,,225.2757,3.672788,4.007112,29.56589,,2.275313,6.396149,5.395821,1.5,1.933866,5.623472,,,3.515625,4.28406,16.47059
1985-03,,228.9293,3.666667,3.910083,29.9136,,2.5,6.420765,6.088751,1.8,1.665972,5.555555,,,3.703704,5.044626,15.11628
1985-04,,224.8836,3.820598,3.630763,30.92206,,2.497162,6.517312,6.949566,2.0,1.47316,5.528846,,,3.685742,6.274206,16.0
1985-05,,219.3586,4.152824,3.774485,31.97744,,2.380952,6.482107,7.003049,1.8,2.339936,5.769231,,,3.77176,6.74114,15.81921
1985-06,,214.7559,3.960396,3.390532,35.1212,,2.033898,6.384408,6.953605,2.5,2.963501,5.980861,,,3.760849,5.582799,16.85393
1985-07,,216.4447,4.111842,3.352374,35.66957,,2.149321,6.074766,6.85084,2.4,2.963501,5.952381,,,3.554275,5.144338,16.11111
1985-08,,224.2603,4.111842,2.964815,36.52666,,2.040816,5.64409,6.190601,2.3,2.646383,5.476191,,,3.349282,5.467307,15.93407
1985-09,,222.4292,4.10509,3.345427,34.27436,,2.038505,5.287508,5.870531,1.7,2.579138,5.910165,,,3.142857,5.071665,16.93989
1985-10,,222.9519,4.091653,2.951578,25.98215,,1.576577,4.924491,5.43997,2.3,3.403358,5.647059,,,3.22887,5.557587,16.66667
1985-11,,233.0229,3.908795,3.141225,26.5275,,1.574803,4.777487,5.446579,1.9,2.403836,5.633803,,,3.51377,5.895196,17.02128
1985-12,,242.2305,4.397394,3.238116,26.41604,,1.573034,4.702809,5.644866,1.9,3.014057,5.607477,,,3.798671,7.142857,18.51852
1986-01,,250.2323,4.376013,2.195342,25.85366,,1.340782,4.223522,5.482456,1.5,3.662645,5.800464,,,3.886256,6.958763,20.94241
1986-02,,256.0795,4.186796,1.343372,24.49045,,0.778643,3.425986,5.114254,1.8,3.535353,6.018518,,,3.113208,8.216136,17.67677
1986-03,,238.6498,4.340836,0.9069416,22.90406,,0.1108647,2.952503,4.202586,1.3,3.63311,5.491991,,,2.255639,8.865903,19.19192
1986-04,,215.4401,3.84,0.9747012,21.83138,,0.0,2.613129,3.059072,1.0,3.426959,5.694761,,,1.590271,8.236152,18.2266
1986-05,,198.3825,4.14673,0.7370434,20.27674,,0.0,2.346227,2.731092,1.1,3.302391,5.681818,,,1.491146,8.516781,17.07317
1986-06,,178.5203,3.809524,0.7664654,17.5528,,0.0,2.274163,2.515723,0.6,3.0,6.772009,,,1.765799,8.574491,16.82692
1986-07,,156.8009,4.107425,0.5052907,17.20663,,-0.3322259,2.013845,2.415966,0.1,3.100427,7.41573,,,1.576994,8.623724,18.66029
1986-08,,137.3273,4.265403,0.7207028,16.90878,,-0.3333333,2.011314,2.408377,0.1,2.793534,8.12641,,,1.574074,8.721541,18.95735
1986-09,,117.2469,4.100946,0.5857041,17.27335,,-0.3329634,2.259887,3.039832,0.5,2.269611,8.482142,,,1.754386,9.233998,19.62617
1986-10,,100.1348,4.402516,0.3605348,17.28669,,-0.7760532,2.190238,3.033473,-0.3,0.9842478,8.685968,,,1.471941,9.594735,19.35484
1986-11,,85.17258,4.545455,-0.09770297,17.06269,,-0.9966778,2.123673,3.54536,0.0,1.991998,8.888889,,,1.284404,9.828178,19.09091
1986-12,,79.66425,4.212169,0.04001034,17.35597,,-0.9955752,2.121023,3.75,-0.3,1.387831,8.849558,,,1.097896,9.209622,18.30357
1987-01,,77.83594,4.037267,0.6615349,16.56547,5.1,-0.7717751,2.992519,3.950104,-1.1,0.8827847,9.429825,,,1.459854,9.397591,16.01732
1987-02,,77.71091,4.018547,0.9819962,17.51873,5.4,-0.5518764,3.4375,3.933748,-1.0,0.4878049,10.04367,,,2.1043,8.378933,16.7382
1987-03,,97.39018,4.006163,0.9985434,17.67989,5.8,-0.2214839,3.30424,4.033092,-0.5,1.071488,10.41215,,,3.033088,7.533084,16.94915
1987-04,,133.2706,4.622496,1.180219,18.80524,6.7,0.0,3.478261,4.19652,0.1,1.755628,10.12931,,,3.775322,7.474748,16.66667
1987-05,,179.4012,4.594181,0.9269508,19.7494,7.6,0.0,3.407683,4.192229,0.0,2.712328,10.10753,,,3.856749,7.981377,17.5
1987-06,,230.2741,4.740061,1.269561,18.9974,7.8,0.110742,3.273626,4.192229,0.3,2.817194,8.879493,,,3.652968,8.687068,17.28395
1987-07,,254.6262,4.552352,1.776297,19.80604,7.8,0.4444444,3.392967,4.410256,0.1,2.42482,7.949791,,,3.926941,8.360337,15.72581
1987-08,,259.1373,4.545455,1.975453,20.75731,8.2,0.6688963,3.512015,4.396728,0.4,3.980997,7.933194,,,4.284412,9.536082,16.33466
1987-09,,280.5536,4.545455,1.556409,21.19859,7.7,0.4454343,3.192142,4.170906,0.8,4.054862,7.81893,,,4.355717,10.18252,15.625
1987-10,,315.3489,4.216867,1.979226,22.26517,7.5,0.8938547,3.184323,4.467005,0.7,5.16692,7.581967,,,4.533092,9.481668,15.44402
1987-11,,353.2654,4.197901,2.097749,22.89721,8.3,1.006711,3.180428,4.128902,0.7,5.17486,7.346939,,,4.528986,9.105131,15.26718
1987-12,,363.4115,4.191617,1.886953,21.45175,8.9,1.005587,3.115455,3.714859,0.8,6.053334,7.317073,,,4.434389,9.314034,14.71698
1988-01,,386.6671,4.029851,1.559564,19.94752,9.31,0.8888889,2.360775,3.3,0.9,6.225188,7.214429,,,4.046762,9.439899,14.1791
1988-02,,399.8992,4.011887,1.75696,18.34718,10.4,0.9988901,2.356495,3.107825,0.7,7.76699,6.746032,,,3.942652,9.182708,13.23529
1988-03,,405.1773,4.296296,1.850274,18.62856,11.3,0.9988901,2.534701,3.340723,0.7,8.476913,7.269155,,,3.925067,9.75071,13.4058
1988-04,,405.9852,3.976436,1.917488,16.79436,12.2,0.9966778,2.460984,3.42073,0.3,7.66271,7.04501,,,3.90417,10.401,12.85714
1988-05,,389.1873,3.953148,2.23652,15.58677,14.19,1.218162,2.516477,3.751535,0.2,6.603774,7.03125,,,3.890363,9.670465,13.12057
1988-06,,398.5407,3.941606,2.06971,15.48243,16.31,1.216814,2.631579,4.183834,0.2,7.364513,6.990291,,,3.964758,9.355132,12.2807
1988-07,,456.5154,3.918723,1.810959,13.72711,19.21,1.216814,2.74463,4.286175,0.5,7.861031,6.782946,,,4.130053,9.808613,12.89199
1988-08,,545.2408,3.913043,1.770456,13.0265,23.6,1.218162,2.797619,4.626928,0.7,6.909004,6.576402,,,4.020979,8.676471,12.32877
1988-09,,662.9904,4.057971,2.039362,11.9616,26.4,1.441242,2.97442,4.750591,0.6,6.493429,6.48855,,,4.173913,8.195292,12.16216
1988-10,,761.7725,4.33526,1.753657,10.98258,27.09,1.439646,2.967359,4.883745,1.1,6.115094,6.285714,,,4.249783,9.757505,12.37458
1988-11,,858.083,4.028777,1.75722,10.94285,26.81,1.771872,2.963841,5.01561,1.2,7.150226,6.08365,,,4.2461,9.686449,12.25166
1988-12,,980.2097,3.87931,1.948653,12.6829,27.9,1.880531,3.080569,5.117271,1.0,7.183473,5.681818,,,4.419411,8.786227,12.5
1989-01,,1149.211,4.304161,2.2466,13.11954,27.39,2.312775,3.31165,5.7,1.1,6.776113,5.046729,,,4.667243,8.006529,13.39869
1989-02,,1160.878,4.571429,2.260998,12.83839,28.4,2.417583,3.423849,5.8,1.0,5.405406,4.832714,,,4.827586,8.568413,13.63636
1989-03,,1045.293,4.545455,2.298859,12.8635,27.1,2.527472,3.413773,5.9,1.1,4.618859,4.212454,,,4.978541,8.661114,13.73802
1989-04,,940.0677,4.532578,2.641148,13.16057,26.6,2.960526,3.573521,5.6,2.4,5.24865,4.570384,,,5.123826,7.888763,14.24051
1989-05,,944.5035,5.070423,2.962098,14.84569,24.91,2.844639,3.740503,5.9,2.9,6.018834,4.744525,,,5.361702,8.046417,14.73354
1989-06,,1001.436,5.196629,2.977965,16.16659,22.79,2.84153,3.554779,5.8,3.0,5.540104,4.718693,,,5.169491,7.151146,15.625
1989-07,,1054.107,5.307262,2.984624,18.12388,19.4,2.73224,3.484321,5.7,3.0,5.2677,4.900181,,,4.978903,6.640314,15.4321
1989-08,,1169.149,5.29986,2.967246,18.35625,15.3,2.844639,3.358425,5.5,2.6,5.503303,4.537205,,,4.705883,7.208803,15.54878
1989-09,,1269.826,5.292479,3.3884,19.74508,11.49,2.84153,3.350664,5.7,2.6,6.184972,4.121864,,,4.340568,7.625523,15.06024
1989-10,,1424.124,5.124654,3.631497,21.35512,8.61,3.056769,3.573487,5.8,2.9,6.725637,4.301075,,,4.492513,5.389222,14.58333
1989-11,,1660.953,5.255878,4.444256,21.14935,7.4,2.937976,3.626943,5.7,2.3,6.065768,4.301075,,,4.655029,4.761905,15.04425
1989-12,,1972.917,5.255878,5.021976,21.41145,6.6,3.040174,3.563218,5.8,2.6,5.068287,4.301075,,,4.647303,5.421687,15.49708
1990-01,,2426.124,5.502063,5.063848,23.07091,4.3,2.691066,3.434459,5.9,3.0,7.315509,4.270463,,,5.202312,5.454545,15.27378
1990-02,,3701.301,5.464481,4.877448,23.28117,4.4,2.7897,3.356666,6.3,3.6,7.618384,4.255319,,,5.263158,6.060606,15.14286
1990-03,,6390.524,5.298913,4.956705,23.89763,3.4,2.679528,3.310284,6.2,3.5,7.992585,4.56942,,,5.233034,6.626506,14.88764
1990-04,,6821.322,5.01355,4.622074,24.79963,3.2,2.236422,3.236866,7.7,2.5,8.746225,4.020979,,,4.711617,7.784431,14.40443
1990-05,,6214.99,4.423593,5.058408,24.26598,2.7,2.340425,2.983006,8.2,2.7,8.579561,3.832753,,,4.361874,7.692307,13.93443
1990-06,,5385.425,4.405875,5.025131,24.78899,1.11,2.337938,2.85179,8.2,2.2,8.940056,3.639515,,,4.67365,8.823529,13.51351
1990-07,,4749.03,4.111406,5.309978,24.6014,1.1,2.446809,2.593738,8.2,2.3,9.355948,3.633218,,,4.823151,9.883721,13.1016
1990-08,,3993.625,4.10596,6.083592,25.84731,2.5,2.765957,3.091928,8.9,2.9,8.974698,3.819444,,,5.617978,9.195402,13.45646
1990-09,,3304.706,4.232804,6.126025,29.25464,2.91,2.975558,3.591371,9.2,3.0,8.633424,3.958692,,,6.16,8.522727,14.39791
1990-10,,2685.735,4.743083,6.352086,30.4299,3.1,3.389831,3.584381,9.2,3.5,8.685308,4.639175,,,6.289809,10.79545,14.28571
1990-11,,2101.338,5.124836,6.055734,29.35532,3.7,2.959831,3.245483,9.2,4.2,8.614474,4.639175,,,6.274821,12.5,15.12821
1990-12,,1620.967,4.99343,5.276045,27.32921,4.3,2.739726,3.055406,9.2,3.8,9.338774,4.295533,,,6.106265,13.71429,14.43038
1991-01,,1140.267,6.910039,5.509524,24.75281,2.2,2.830189,3.342367,8.6,4.0,9.157369,4.095563,,,5.651491,16.09195,14.25
1991-02,,752.0209,6.217617,6.21385,24.54613,1.8,2.848652,3.395433,8.2,3.6,9.92633,4.081633,,,5.3125,15.42857,14.88834
1991-03,,422.8392,6.193548,5.865631,23.01936,1.6,2.848652,3.342326,8.3,3.6,10.13246,3.529412,,,4.895105,13.55932,14.18093
1991-04,,375.1775,6.193548,5.90198,23.103,1.3,3.081268,3.085408,8.0,3.4,9.410943,3.865546,,,4.88751,12.22222,14.76998
1991-05,,374.479,6.161746,6.278922,24.27492,3.6,3.164265,3.259414,7.5,3.4,8.507908,3.85906,,,4.95356,12.08791,15.34772
1991-06,,372.097,6.265985,6.566899,23.84671,4.4,3.651127,3.527836,7.7,3.4,8.664588,3.67893,,,4.69592,12.97297,15.2381
1991-07,,369.9605,5.987261,6.551228,24.02044,4.7,4.839105,3.764881,7.5,3.5,9.037723,3.505843,,,4.447853,13.22751,15.83924
1991-08,,381.4116,5.979644,5.972764,23.04554,4.9,4.513518,3.208161,7.5,3.3,9.494319,3.67893,,,3.799392,14.21053,15.5814
1991-09,,386.5483,5.456853,5.675825,18.84012,4.5,4.189947,2.642396,6.9,2.7,9.438169,3.311258,,,3.391108,15.70681,15.33181
1991-10,,411.5206,4.402516,5.129018,17.78197,4.8,5.054396,2.718503,6.5,2.7,9.313903,2.463054,,,2.921348,14.35897,16.59091
1991-11,,448.3061,4.125,5.471599,17.82857,4.4,5.710574,3.279169,6.5,3.1,9.693385,2.463054,,,2.989537,13.63636,15.36748
1991-12,,472.7,3.754693,5.226864,18.65802,4.5,5.748823,3.017873,6.5,2.7,9.250636,2.800659,,,3.064275,13.06533,16.37168
1992-01,,497.3168,1.585366,4.87077,19.45865,5.5,5.685131,2.622378,6.2,1.8,7.721772,2.295082,,,2.600297,12.87129,16.19256
1992-02,,515.1266,1.585366,4.579569,18.55547,5.3,5.805515,2.789887,6.3,2.0,6.961482,2.287582,,,2.818991,13.36634,15.76674
1992-03,,567.2142,1.579587,4.868876,18.01807,5.3,6.240929,2.929659,6.2,2.0,6.78335,2.435065,,,3.185185,13.93035,15.63169
1992-04,,662.1636,1.701094,4.784544,17.40454,7.1,6.213873,2.834008,5.2,2.4,6.939092,2.427185,,,3.180473,14.35644,15.40084
1992-05,,785.8059,1.330109,4.181328,15.77652,4.7,6.195965,2.839435,5.1,2.0,7.288232,2.423263,,,3.023599,14.70588,14.55301
1992-06,,857.6756,1.083032,4.167513,14.46349,4.8,5.873926,2.530554,4.6,2.3,6.787474,2.419355,,,3.088235,12.91866,15.08264
1992-07,,937.9391,1.201923,3.818192,13.68237,5.2,4.957507,2.208519,4.5,1.7,6.557708,2.580645,,,3.157122,13.08411,14.69388
1992-08,,996.3715,1.080432,3.550934,13.92565,5.8,4.957507,2.034092,3.7,1.7,5.872005,2.258065,,,3.147877,11.52074,14.28571
1992-09,,1081.699,1.323706,3.472597,15.07104,7.5,4.957507,2.159611,3.7,2.0,5.658664,2.083333,,,2.988338,9.954751,13.49206
1992-10,,1130.944,1.566265,3.531166,13.43453,7.9,3.34728,1.920888,3.5,1.1,5.378816,2.24359,,,3.202329,9.417041,11.69591
1992-11,,1104.201,1.680672,3.286383,14.00092,8.2,3.333333,1.63005,3.3,0.7,4.375482,2.24359,,,3.047895,8.444445,11.19691
1992-12,,1119.101,2.171291,3.42085,12.69427,8.8,3.32871,1.905575,3.2,1.2,4.457773,2.24359,,,2.900653,8.0,9.505703
1993-01,,1161.786,2.040816,3.464531,11.65219,10.3,4.551724,2.129472,3.0,1.3,4.513427,2.564103,850.4569,,3.258508,5.701755,9.60452
1993-02,,1168.486,2.40096,3.390863,12.81179,10.8,4.801097,2.04976,3.1,1.4,4.572358,2.555911,758.8549,,3.246753,5.240175,8.955224
1993-03,,1229.713,1.913876,3.638699,12.66263,12.2,4.644809,2.240383,3.2,1.2,4.786321,2.694136,694.0606,,3.086863,6.113537,9.62963
1993-04,,1316.416,1.792115,3.78806,12.75745,12.6,4.489796,2.151294,2.6,0.9,4.757335,2.527646,674.4864,,3.225806,6.060606,11.15174
1993-05,,1348.519,1.909308,3.575992,13.19178,14.0,4.341927,1.962158,2.3,0.9,4.472234,2.365931,717.3981,,3.221188,5.128205,10.7078
1993-06,,1467.327,1.666667,3.139717,12.97564,15.1,4.330176,1.963259,2.2,0.9,4.805129,2.362205,722.8885,,2.99572,5.932203,10.05386
1993-07,,1581.695,1.662708,3.386952,12.82759,16.2,4.588394,2.104672,2.3,1.9,4.274819,2.044025,810.6832,,2.775801,4.545455,9.964413
1993-08,,1730.671,1.781473,3.625653,13.61475,16.4,4.588394,2.16201,2.6,1.9,4.437901,2.208202,956.5938,,2.76792,5.785124,9.330986
1993-09,,1893.131,1.781473,3.440064,12.32484,15.7,4.453441,2.197956,2.7,1.5,4.592618,2.197802,1065.57,,2.689313,6.584362,8.916084
1993-10,,2031.269,1.897983,3.367152,13.59201,15.9,4.453441,2.094095,2.4,1.3,5.106365,2.037617,1033.325,,2.750353,7.377049,9.598604
1993-11,,2258.68,1.88902,2.244305,12.09036,16.7,4.166667,2.09205,2.1,0.9,5.474137,2.037617,946.1458,,2.676056,8.606558,9.201389
1993-12,,2477.147,1.652893,2.482276,12.23468,18.8,4.295302,2.107173,2.3,1.0,5.80082,1.880878,840.0271,,2.748414,8.641975,9.548611
1994-01,,2693.838,1.294118,2.078717,13.21673,21.1,3.034301,1.834862,2.6,1.2,6.351492,1.40625,780.9952,,2.524544,9.128631,9.965635
1994-02,,3035.706,0.1172333,1.839338,13.11223,23.2,3.010471,1.773099,2.4,1.1,6.812622,1.401869,682.9341,,2.515723,9.958507,9.931507
1994-03,,3417.393,0.2347418,1.301596,13.74003,22.4,2.872063,1.488423,2.2,1.3,6.393956,0.9259259,600.2078,,2.506964,9.876543,9.121622
1994-04,,3828.494,0.2347418,1.047364,12.72011,21.7,2.734375,1.63799,2.4,0.8,5.943779,0.9244992,539.9793,,2.361111,9.795918,6.907895
1994-05,,4331.19,-0.234192,0.3612916,12.68402,21.3,2.860858,1.718213,2.4,0.8,5.676608,0.9244992,479.3412,,2.288488,10.56911,7.213115
1994-06,,4922.602,0.0,0.5450196,12.72688,22.6,2.723735,1.732912,2.3,0.6,5.89506,1.076923,412.1782,,2.493075,10.8,7.340946
1994-07,,4005.076,0.1168224,0.5898786,12.2966,24.0,2.451613,1.635289,2.1,-0.2,6.883802,1.386749,340.7494,,2.770083,11.06719,8.090615
1994-08,,3044.891,0.1166861,0.4893605,11.16896,25.8,2.709677,1.621547,2.2,0.0,7.352734,1.54321,265.9619,,2.900553,10.9375,9.178744
1994-09,,2253.153,0.2333722,0.5918575,10.43108,27.3,2.583979,1.616438,1.9,0.2,6.503267,1.689708,221.2134,,2.963474,11.19691,10.11236
1994-10,,1703.174,-0.2328289,0.4341789,8.296873,27.7,2.45478,1.654588,1.8,0.7,5.750499,1.689708,209.1175,,2.608099,10.30534,9.713376
1994-11,,1267.538,-0.1158749,0.5625301,8.855201,27.5,2.451613,1.571038,2.1,1.0,6.085688,1.689708,204.3639,,2.674897,9.81132,9.856915
1994-12,,916.46,0.232288,0.4201311,8.945725,25.5,2.445302,1.585349,2.2,0.7,5.568256,1.846154,215.0234,,2.674897,9.469697,9.825673
1995-01,,631.5406,0.5807201,1.014815,8.504823,24.1,2.304738,1.719902,2.4,0.6,5.196946,2.619415,214.676,,2.804378,9.885932,9.6875
1995-02,,426.8288,1.873536,1.503453,8.715397,22.4,2.033037,1.742208,2.3,0.2,4.464286,2.611367,215.2439,,2.862986,9.81132,9.813084
1995-03,,274.7773,2.107728,1.563982,8.161512,21.3,1.903553,1.819663,2.4,-0.4,4.622253,2.752294,219.7344,,2.853261,9.737827,10.37152
1995-04,,169.0511,2.459016,1.596455,8.286702,20.7,1.901141,1.665764,2.3,-0.2,5.089631,2.59542,219.6755,,3.052917,9.665427,11.07692
1995-05,,91.79005,2.934272,2.038482,7.41734,20.3,1.643489,1.594595,2.6,0.0,5.218092,2.748092,222.7254,,3.186441,10.29412,10.85627
1995-06,,33.0285,2.693208,2.080206,7.63529,18.9,1.641414,1.635798,2.7,0.3,4.175166,2.739726,224.7348,,3.04054,10.46931,10.0304
1995-07,,27.4497,2.567095,2.029099,7.889154,16.7,1.63728,1.460249,2.8,0.1,3.603024,2.431611,224.889,,2.762803,11.3879,8.982036
1995-08,,26.36098,2.214452,1.952061,8.458224,14.5,1.381909,1.960784,2.7,-0.2,3.431134,2.279635,224.7027,,2.61745,10.91549,7.669617
1995-09,,25.68937,2.211874,1.998031,8.567754,13.2,1.63728,2.008628,3.0,0.2,4.676063,2.265861,214.176,,2.543507,10.06944,6.559767
1995-10,,24.20735,2.333722,1.971283,8.765753,12.1,1.513241,1.896691,3.0,-0.6,4.480852,2.265861,186.0914,,2.809365,10.38062,6.386067
1995-11,,22.58923,2.088167,1.90251,8.19195,11.2,1.38539,1.963685,2.9,-0.7,4.112093,2.114804,161.0044,,2.60521,10.30928,6.367583
1995-12,,22.40816,1.738123,1.948069,8.198318,10.1,1.507538,2.085295,3.1,-0.3,4.752938,2.114804,131.3265,,2.53841,9.688581,6.926407
1996-01,,21.97458,1.616628,1.518467,7.810817,9.0,1.376721,1.945786,2.9,-0.5,4.804015,1.051051,104.4952,0.6968641,2.727878,8.99654,6.837607
1996-02,,21.9874,1.264368,0.7825188,7.824192,9.3,1.494396,2.020067,3.0,-0.4,4.788183,0.8982036,89.33582,0.779896,2.650762,8.591065,6.524823
1996-03,,20.54561,1.490826,0.8985226,7.948227,9.8,1.494396,2.36063,3.0,-0.1,4.436433,0.7440476,78.6646,1.040763,2.840158,8.87372,6.171108
1996-04,,19.16888,1.371429,0.9114467,8.382825,9.7,1.368159,2.357799,2.8,0.2,4.510385,1.041667,68.27119,1.125541,2.896642,9.830508,5.540166
1996-05,,17.48592,1.482326,0.7325667,8.595784,8.9,1.492537,2.420857,2.8,0.2,4.900923,1.040119,58.40223,1.214224,2.890933,9.333333,5.793103
1996-06,,16.25688,1.482326,0.729241,8.254996,8.6,1.490683,2.301144,2.8,0.0,5.213842,0.8888889,50.24896,1.476977,2.754098,8.823529,6.906077
1996-07,,14.83788,1.251422,0.656329,7.67043,8.3,1.363073,2.305437,2.7,0.4,5.400868,1.335312,43.60481,1.302083,2.95082,8.306709,7.142857
1996-08,,14.21228,1.482326,0.5979195,6.382244,8.1,1.363073,1.618037,2.7,0.2,5.267072,1.485884,37.0536,1.73913,2.877698,8.888889,7.39726
1996-09,,13.26244,1.480638,0.5703631,6.270712,7.4,1.363073,1.559403,2.7,0.0,4.533688,1.329394,31.63495,1.737619,3.002611,8.51735,8.344733
1996-10,,12.02283,1.824401,0.8400753,6.208894,7.0,1.614907,1.716172,3.0,0.5,5.049228,1.772526,27.21025,1.124568,2.992843,8.46395,9.004093
1996-11,,10.75323,1.931818,0.7296802,6.551795,6.9,1.490683,1.543332,3.1,0.5,5.258394,1.775148,23.9497,1.214224,3.255208,8.722741,9.115646
1996-12,,9.564952,2.164009,0.7813386,6.631466,7.0,1.485149,1.660517,2.8,0.6,4.925577,1.775148,21.8118,1.214224,3.322476,10.41009,9.311741
1997-01,,9.392497,2.159091,0.8300596,6.877519,5.9,2.098765,1.763854,2.6,0.6,4.685275,2.971768,19.74085,0.8650519,3.044041,11.11111,9.333333
1997-02,,8.818658,2.270148,0.8452847,7.214324,5.6,1.595092,1.586677,2.4,0.6,4.856641,3.264095,18.28472,0.5159071,3.034216,10.75949,9.853529
1997-03,,8.99206,1.920904,0.5228446,6.776033,4.0,1.595092,1.016287,2.2,0.5,4.535048,2.95421,16.70835,0.2575107,2.761721,10.03135,9.643329
1997-04,,8.582729,1.691094,0.5221196,6.054134,3.2,1.472393,0.937012,2.1,1.9,4.313979,2.650957,15.33747,0.3424658,2.495202,9.259259,9.84252
1997-05,,7.713795,1.460674,0.5767003,5.445529,2.8,1.593137,0.8701299,2.1,1.9,3.812704,2.647059,14.58823,0.08568981,2.234994,7.317073,9.517601
1997-06,,7.021964,1.685393,0.4817285,5.254292,2.8,1.591187,0.9621636,2.1,2.2,4.002296,2.790015,14.50894,0.1712329,2.297384,6.606606,8.78553
1997-07,,6.079549,1.685393,0.5128886,5.581464,2.7,2.322738,1.016022,2.4,1.9,3.699408,2.342606,14.74769,-0.1713796,2.229299,5.60472,9.102564
1997-08,,5.593928,1.797753,0.4744862,5.559344,1.9,2.444988,1.474811,2.3,2.1,3.966299,2.196193,14.82818,0.0,2.225048,4.664723,8.67347
1997-09,,5.498784,1.683502,0.4141961,6.021877,1.8,2.200489,1.353286,2.2,2.4,4.242476,2.332361,14.10715,-0.08539709,2.154626,4.941861,8.080808
1997-10,,5.424649,1.455767,0.2618304,6.558218,1.5,2.07824,1.038287,2.2,2.5,4.242476,2.03193,12.94578,-0.6843456,2.084649,5.49133,7.634543
1997-11,,5.266572,0.8918617,0.4169232,6.283157,1.1,2.203182,1.299039,2.1,2.1,4.33362,2.325581,11.53784,-0.1713796,1.828499,4.87106,6.857855
1997-12,,5.224319,0.7803791,0.3863294,6.045505,0.4,2.073171,1.140783,1.9,1.8,6.573808,2.325581,11.03195,-0.428449,1.702396,6.285714,6.17284
1998-01,,4.734908,1.112347,0.01546272,6.24802,0.3,1.20919,0.607942,1.8,1.8,8.293089,2.020202,10.13145,0.2572899,1.571339,9.714286,5.731707
1998-02,,4.693305,0.9988901,-0.03706731,5.231654,-1.0,1.328502,0.7744933,1.8,1.9,9.547483,2.011494,9.426455,0.0,1.441103,9.142858,5.333333
1998-03,,4.515897,0.9977827,0.03298408,5.317066,0.7,1.207729,0.8641816,1.9,2.2,8.957965,2.439024,8.574174,-0.5136986,1.375,8.262108,5.421687
1998-04,,3.852557,0.8869179,-0.02251201,5.383847,-0.3,1.451028,1.03146,2.1,0.4,8.824565,2.439024,7.950432,0.0,1.435705,8.19209,5.017921
1998-05,,3.945951,1.10742,0.08236531,5.332503,-1.0,1.3269,0.9141238,2.2,0.5,8.173045,2.148997,7.479873,-0.08561644,1.686446,10.51136,5.119048
1998-06,,3.408178,0.9944751,0.1009188,5.441014,-1.3,1.325301,1.017386,1.9,0.1,7.517602,2.142857,6.395506,-0.2564103,1.684342,12.39437,5.225653
1998-07,,3.057536,0.9944751,0.07517148,5.257061,-1.4,0.8363202,0.8123791,1.7,-0.1,7.320168,2.288984,5.594351,-0.1716738,1.682243,14.80447,6.580493
1998-08,,2.552434,0.8830022,0.1396706,5.186575,-1.4,0.477327,0.6173633,1.6,-0.3,6.904095,2.148997,9.623137,-1.282051,1.616915,15.04178,7.629108
1998-09,,2.265522,0.6622517,0.06161731,4.762413,-1.5,0.4784689,0.3979972,1.7,-0.2,6.87101,2.421652,52.20793,-0.7692308,1.488834,16.34349,8.995327
1998-10,,2.051336,1.103753,0.03428978,4.319352,-1.1,0.4790419,0.3982017,1.6,0.2,7.230645,2.27596,58.84813,0.0,1.485149,18.63014,8.953488
1998-11,,1.755909,1.21547,-0.09854416,4.278927,-1.2,0.4790419,0.1667094,1.7,0.8,6.777649,2.272727,66.83711,-0.6866953,1.547988,19.67213,9.334889
1998-12,,1.654978,0.9955752,-0.1684775,4.664885,-1.0,0.3584229,0.2178929,1.9,0.6,3.965919,2.414773,84.43631,-0.9466437,1.611903,15.32258,8.953488
1999-01,,1.645393,0.660066,0.07294661,3.594859,-1.2,0.2389486,0.2442787,2.0,0.2,1.463453,2.404526,96.9186,-1.657944,1.670792,9.375,8.8812
1999-02,,2.242143,0.6593407,0.2880578,3.804064,-1.3,0.1191895,0.1793263,1.9,-0.1,0.1682566,2.112676,103.2425,-1.854235,1.60593,8.638743,8.63061
1999-03,,3.016715,0.9879254,0.467066,4.052286,-1.8,0.2386635,0.3452685,2.1,-0.4,0.5071747,2.240896,107.5844,-1.361733,1.726264,8.947369,7.885714
1999-04,,3.34587,1.648352,0.5937113,4.033417,-1.3,0.5959476,0.4211332,2.0,-0.1,0.4207055,2.521008,113.0646,-2.301251,2.276923,8.355091,7.622298
1999-05,,3.140401,1.533406,0.5757557,3.96694,-2.2,0.4761905,0.4082674,1.7,-0.4,0.7636071,2.524544,116.7111,-1.391092,2.088452,7.712082,7.021518
1999-06,,3.315614,1.641138,0.5740913,3.75746,-2.68,0.4756243,0.3187149,1.8,-0.3,0.5973121,2.377622,120.6737,-1.58772,1.96319,5.263158,7.223476
1999-07,,4.566917,1.859956,0.7350152,3.387866,-1.4,0.5924171,0.3837298,1.7,-0.1,0.255102,2.097902,126.5116,-1.249242,2.144608,3.163017,4.851158
1999-08,,5.691085,2.078775,0.9458914,3.241892,-1.7,0.7125891,0.4857472,1.6,0.3,0.9363325,1.963534,121.0275,-0.7639251,2.264382,3.1477,3.271538
1999-09,,6.252835,2.631579,1.217444,2.938481,-0.8,0.7142857,0.6905371,1.6,-0.2,0.7610139,2.086231,62.03038,-1.375595,2.628362,2.142857,1.92926
1999-10,,7.496134,2.292576,1.236512,2.486614,-0.6,0.7151371,0.8060389,1.5,-0.7,1.181538,2.503477,57.11708,-1.177951,2.560976,0.9237875,1.707577
1999-11,,8.647998,2.183406,1.304355,2.559186,-0.9,0.9535161,0.9089745,1.5,-1.2,1.352227,2.777778,50.5154,-1.034629,2.621951,0.0,1.921025
1999-12,,8.939789,2.628697,1.668104,2.309535,-1.0,1.190476,1.253357,1.5,-1.1,1.354527,2.773925,36.55756,-0.2196949,2.684564,0.4662005,2.241195
2000-01,,8.853113,2.185792,1.585378,2.831071,-0.2,1.549464,1.539053,1.2,-0.9,1.891143,2.900553,28.93463,0.0,2.738892,2.619048,2.648305
2000-02,,7.862087,2.729258,1.623736,3.329546,0.7,1.547619,1.355325,1.2,-0.6,1.770662,3.172414,25.10856,-0.5,3.221884,3.614458,2.330508
2000-03,,6.923308,3.043478,1.482962,3.424276,-0.2,1.547619,1.491016,1.0,-0.5,2.110769,2.60274,22.49174,-0.8008008,3.757576,4.830918,3.389831
2000-04,,6.774717,2.162162,1.402418,3.532477,-0.3,1.066351,1.207269,0.9,-0.8,1.445583,2.595628,19.94751,-0.8016032,3.068592,5.542169,4.545455
2000-05,,6.46562,2.373247,1.580496,3.629279,0.1,0.9478673,1.397713,1.0,-0.7,1.103681,2.872777,19.396,-1.495513,3.188929,5.011933,5.079365
2000-06,,6.50879,2.798708,1.839098,3.722218,0.5,1.301775,1.66476,1.2,-0.7,2.217343,3.278688,20.14581,-1.198801,3.730445,5.238095,5.157895
2000-07,,7.057234,2.900107,1.888741,3.78775,0.5,1.295642,1.771152,1.2,-0.5,2.978961,3.150685,18.94225,-1.498502,3.659268,4.95283,5.993691
2000-08,,7.855683,2.572347,1.124735,3.851111,0.3,1.179245,1.793665,1.0,-0.8,2.446591,3.576341,18.73061,-1.201201,3.411131,3.99061,6.86378
2000-09,,7.769289,2.67094,1.439921,4.24657,0.0,1.654846,2.146304,1.3,-0.8,3.515894,3.542234,18.54341,-1.202405,3.454437,3.496504,6.940063
2000-10,,6.650557,2.774813,1.332339,4.506154,0.0,1.656805,1.954563,1.4,-0.9,2.639581,3.12076,19.40878,-1.5,3.448276,2.745996,7.03043
2000-11,,5.985093,3.205128,1.912458,4.684183,1.3,1.534829,2.144126,1.5,-0.5,2.202321,3.243243,19.75085,-1.503006,3.446227,2.739726,7.015707
2000-12,,5.974593,3.201708,1.4934,4.526016,0.4,2.0,1.642036,1.2,-0.2,2.779642,2.968961,20.20024,-1.798202,3.386809,3.480278,6.993737
2001-01,,5.922135,2.994653,1.295461,4.694455,1.2,1.408451,1.212581,1.2,-0.3,3.438691,3.221477,20.70534,-1.996008,3.732228,3.24826,7.120743
2001-02,,6.271204,2.869288,0.779637,3.794332,0.0,1.875733,1.362432,1.2,-0.3,3.62659,3.609626,22.18668,-1.507538,3.533569,3.023256,7.763975
2001-03,,6.440733,2.42616,0.9757597,3.53476,0.8,1.875733,1.343546,1.3,-0.7,4.012234,3.738318,23.66787,-1.10999,2.920561,2.534562,7.377049
2001-04,,6.609964,3.492064,1.166648,3.509592,1.6,2.344666,1.83325,1.5,-0.7,4.833147,3.861518,24.77107,-1.010101,3.269119,2.283105,6.471183
2001-05,,7.036396,3.898841,1.76577,3.739588,1.7,2.816901,2.255639,1.9,-0.7,5.262038,4.255319,24.80785,-1.012146,3.61516,2.5,6.445116
2001-06,,7.346001,3.350785,1.580429,3.559888,1.4,2.453271,2.0625,1.9,-0.8,5.034339,3.703704,23.676,-1.112235,3.24826,3.393665,6.306306
2001-07,,7.049774,2.713988,1.351633,3.222895,1.5,2.093023,2.015776,1.7,-0.8,4.813777,2.788845,22.04789,-1.014199,2.719908,4.044944,5.257936
2001-08,,6.405112,2.821317,1.050885,3.783312,1.0,2.097902,1.824544,2.1,-0.7,4.690873,2.656043,20.87551,-1.215806,2.719908,5.191874,4.644269
2001-09,,6.458254,2.601457,0.6749848,3.912266,-0.1,1.860465,1.491981,1.7,-0.8,3.251443,2.236842,20.01655,-1.115619,2.648244,4.72973,4.424779
2001-10,,7.191925,1.869159,0.6302018,3.427925,0.2,1.862631,1.680568,1.6,-0.8,3.352394,2.236842,18.81767,-0.9137056,2.126437,4.231626,4.019608
2001-11,,7.608747,0.621118,0.2869489,3.069899,-0.3,1.511628,1.179978,1.2,-1.0,3.373868,1.701571,18.63041,-0.8138352,1.895462,4.888889,4.305284
2001-12,,7.673437,0.7238883,0.3251991,2.63585,-0.3,1.614763,1.354542,1.4,-1.2,3.163129,2.096986,18.58373,-0.6103764,1.551724,5.15695,4.585366
2002-01,,7.619886,1.349948,0.5214534,2.208556,-1.0,2.083333,2.258829,1.8,-1.4,2.63865,1.430429,18.96454,-0.305499,1.142204,4.94382,5.009634
2002-02,,7.51267,1.446281,0.6544999,2.53319,0.0,1.841197,2.103298,1.7,-1.6,2.627311,0.7741935,17.66184,0.0,1.137656,5.191874,5.971139
2002-03,,7.748401,1.853759,0.5094852,2.586586,-0.8,2.071346,2.093916,1.7,-1.2,2.313319,0.9009009,16.76084,-0.1020408,1.475596,5.16854,6.319232
2002-04,,7.984416,1.738241,1.097221,2.500432,-1.3,1.489118,1.985204,1.6,-1.1,2.497799,0.6410257,16.03818,-0.2040816,1.639344,4.6875,7.617966
2002-05,,7.76913,1.115619,0.6480272,2.149642,-1.1,1.255708,1.482843,1.2,-0.9,2.981194,0.3826531,15.93557,0.0,1.181767,4.656319,7.734169
2002-06,,7.661418,1.215806,0.3258601,1.963351,-0.8,1.140251,1.408451,1.1,-0.7,2.588069,0.3826531,14.69202,-0.204499,1.067416,4.157549,8.142213
2002-07,,7.513039,2.134146,-0.05166746,2.613591,-0.9,1.138952,1.620029,1.4,-0.8,2.105884,1.550388,15.0003,0.307377,1.464789,3.887689,9.96364
2002-08,,7.459699,2.54065,0.4725541,2.180141,-0.7,1.255708,1.853215,1.3,-0.9,2.38426,1.293661,15.09229,0.6153846,1.802817,3.862661,10.76439
2002-09,,7.93112,2.332657,0.4968977,2.292118,-0.7,1.255708,1.84981,1.2,-0.7,3.054453,1.415701,14.86348,0.7179487,1.514302,4.301075,11.42309
2002-10,,8.445175,3.160041,1.23712,3.043331,-0.8,1.257143,1.946621,1.5,-0.9,2.766351,1.801802,14.84075,0.6147541,2.025886,4.059829,13.19123
2002-11,,10.93262,4.423868,0.9155459,2.961525,-0.7,1.145475,2.221949,1.6,-0.4,3.454042,2.187902,15.124,0.8205128,2.198422,3.601695,14.00702
2002-12,,12.53027,3.798768,0.8908195,2.82432,-0.4,1.135074,2.268269,1.7,-0.3,3.733759,2.695764,15.05602,0.716479,2.37691,3.198294,13.50842
2003-01,,14.46698,4.508197,0.8467,3.008424,0.4,1.020408,1.98926,1.4,-0.4,3.811159,5.0,14.28593,0.5107252,2.597403,3.426124,12.53944
2003-02,,15.8473,4.684318,0.9491754,3.829503,0.2,1.242938,2.571916,1.6,-0.2,3.885638,4.993598,14.81691,0.3061225,2.980877,3.862661,11.07496
2003-03,,16.57308,4.246714,1.339085,4.489807,0.9,1.127396,2.536408,1.6,-0.1,4.524861,3.826531,14.78284,0.4085802,3.020134,4.059829,10.61602
2003-04,,16.7694,2.914573,0.671791,4.002644,1.0,0.9029346,2.007012,1.5,-0.1,3.749015,2.929936,14.62398,0.408998,2.224694,5.117271,9.012932
2003-05,,17.23585,2.808425,0.4140629,3.510794,0.7,0.5636979,1.763072,1.3,-0.2,3.175405,2.033037,13.62078,0.5112475,2.057842,4.661017,8.483256
2003-06,,16.57056,2.602603,0.5481158,3.642328,0.3,0.9019166,1.968599,1.2,-0.4,2.991675,1.778907,13.92594,0.8196721,2.112285,4.411765,7.369792
2003-07,,15.42979,2.089552,0.2705293,3.095671,0.5,1.013514,1.859903,1.3,-0.2,3.187296,1.526718,13.91463,1.123595,2.109939,4.158004,5.152525
2003-08,,15.07445,1.982161,0.5372521,2.878272,0.9,1.127396,1.867695,1.4,-0.3,2.979104,2.171137,13.34557,0.7135576,2.158273,3.099174,4.81897
2003-09,,15.1433,2.180377,0.530364,2.2127,1.1,1.014656,2.0688,1.3,-0.2,3.332499,2.030457,13.27783,0.8146639,2.320442,2.886598,3.19727
2003-10,,13.98368,1.581028,0.4537735,1.172023,1.8,1.128668,2.125615,1.3,0.0,3.714242,1.643489,13.19938,0.610998,2.040816,3.285421,0.896526
2003-11,,11.01845,1.576355,0.5126108,0.9528751,3.0,1.245753,2.245707,1.3,-0.5,3.432083,1.38539,12.47524,0.508647,1.76503,3.067485,-1.427341
2003-12,,9.300513,2.077151,0.5938203,1.072768,3.2,1.122334,2.181993,1.3,-0.4,3.419052,0.625,11.98785,0.6097561,1.879491,3.719008,-1.634509
2004-01,,7.707318,1.27451,0.172403,0.7885514,3.2,1.122334,1.986359,1.5,-0.3,3.394245,-1.831502,11.27699,0.9146342,1.926252,4.347826,-1.999269
2004-02,,6.688916,0.6809338,0.09064917,-0.008817565,2.1,0.78125,1.71123,1.4,0.0,3.285272,-1.829268,10.57624,1.119023,1.693064,4.132231,-1.586527
2004-03,,5.887647,0.7759457,-0.09703136,-0.7470677,3.0,1.003345,1.704344,1.2,-0.1,3.065233,-0.6142506,10.24796,0.9155646,1.737242,3.49076,-1.698617
2004-04,,5.258418,1.660156,0.5459229,-0.2866508,3.8,1.677852,2.109755,1.1,-0.4,3.251238,0.2475248,10.21522,0.610998,2.285093,2.231237,-1.815761
2004-05,,5.153546,2.439024,0.9399631,0.6192919,4.4,2.130045,2.610656,1.4,-0.5,3.348196,0.996264,10.14962,0.4069176,3.051771,2.834008,-1.803656
2004-06,,6.059129,2.536585,1.11204,1.055924,5.0,1.787709,2.451735,1.5,0.0,3.629945,1.248439,10.12776,0.203252,3.266195,3.018109,-1.540141
2004-07,,6.810486,2.339181,0.8624169,1.378645,5.3,1.783723,2.395068,1.4,-0.1,4.359037,1.503759,10.3574,0.2020202,2.990756,3.193613,-0.8410531
2004-08,,7.182932,1.846453,1.001052,1.59514,5.3,1.895206,2.377573,1.4,-0.2,4.791656,1.0,11.27714,0.4048583,2.654388,4.609219,-1.252737
2004-09,,6.704476,1.842871,0.8608367,1.453597,5.2,1.785714,2.085788,1.2,0.0,3.852263,1.119403,11.37695,0.0,2.537797,4.809619,-0.5510654
2004-10,,6.864244,2.33463,1.292668,1.908249,4.3,1.897321,2.12841,1.3,0.5,3.760086,1.368159,11.53133,0.4048583,3.189189,4.572565,0.5059854
2004-11,,7.23683,2.42483,1.517432,2.481918,2.8,1.901566,2.067183,1.5,0.8,3.319547,1.242236,11.69704,0.6072875,3.523035,4.166667,2.259393
2004-12,,7.599496,2.131783,1.33171,2.42835,2.4,2.219756,2.076734,1.8,0.2,3.035099,1.118012,11.74123,0.4040404,3.255562,3.784861,2.1989
2005-01,,7.407309,1.936108,1.204848,2.291711,1.9,1.442841,1.513552,1.7,-0.1,3.402775,0.9950249,12.69666,0.0,2.969762,4.365079,2.064934
2005-02,,7.386301,2.125604,1.410244,2.185689,3.9,1.66113,1.705807,1.7,-0.3,3.365225,0.9937888,12.96448,-0.2012073,3.007519,4.166667,1.798115
2005-03,,7.535836,2.309913,1.441198,2.404847,2.7,1.766004,1.943442,2.0,-0.2,2.988527,0.9888752,13.62601,0.0,3.148346,4.166667,1.937793
2005-04,,8.07143,2.401537,1.415957,2.944742,1.8,1.210121,1.880441,1.9,0.0,3.09235,1.358025,13.77227,0.2024292,3.510638,4.960318,2.132906
2005-05,,8.050132,1.619048,1.08177,2.686975,1.8,1.207464,1.5728,1.9,0.2,3.077935,1.602959,13.84004,0.3039514,2.80275,3.740157,1.873767
2005-06,,7.266919,1.712655,0.6808151,2.6667,1.6,1.317234,1.653179,2.0,-0.5,2.767511,1.602959,13.68189,0.6085193,2.530311,3.320313,1.576549
2005-07,,6.565665,2.0,1.189098,3.05699,1.8,1.533406,1.667439,2.3,-0.3,2.553241,1.481481,13.16372,0.3024194,3.167899,4.061895,2.126613
2005-08,,6.01558,2.576336,0.9607608,2.967921,1.3,1.531729,1.837088,2.4,-0.3,1.973923,1.856436,12.53266,0.4032258,3.641161,3.448276,2.500308
2005-09,,6.036602,3.238095,1.396591,3.934277,0.9,1.864035,2.135519,2.5,-0.3,2.481985,1.96802,12.33097,0.8080808,4.686677,3.632887,2.561261
2005-10,,6.36364,2.56654,1.33317,4.137441,1.2,1.861993,1.853771,2.4,-0.7,2.278501,1.840491,11.67568,1.008065,4.347826,4.182509,2.394401
2005-11,,6.215761,1.988636,0.9515855,3.622931,1.3,1.756312,1.588032,2.2,-0.8,2.48921,1.840491,11.26702,1.10664,3.455497,5.333333,1.77002
2005-12,,5.689227,2.087286,1.006393,3.663597,1.6,1.411509,1.597701,2.1,-0.1,2.618973,1.842752,10.91498,1.207243,3.415659,5.566219,2.017115
2006-01,,5.699946,2.754036,1.29081,4.077988,1.9,1.859956,2.057328,2.2,-0.1,2.2248,1.847291,10.70962,1.510574,3.985317,4.372623,2.096283
2006-02,,5.51076,2.17597,1.383652,4.083092,0.9,1.851852,1.826536,2.2,-0.1,2.01425,2.583026,11.17989,1.612903,3.597497,4.571429,2.180534
2006-03,,5.322151,2.163688,1.028831,4.031557,0.8,1.409978,1.472603,2.0,-0.2,2.002169,2.325581,10.6094,2.116935,3.362649,4.571429,1.864632
2006-04,,4.633167,2.439024,1.059177,3.766254,1.2,1.956522,1.709012,2.2,-0.1,2.000153,2.679659,9.767138,2.424242,3.545735,4.652825,1.798648
2006-05,,4.227167,2.811621,1.361888,3.739133,1.4,1.735358,2.072185,2.4,0.1,2.302048,2.305825,9.418671,2.222222,4.166667,5.925406,2.432236
2006-06,,4.029208,2.43218,1.562134,3.916651,1.5,1.84182,1.956101,2.6,0.5,2.411397,2.184466,9.027268,2.116935,4.318766,7.269146,3.395174
2006-07,,3.966753,2.334267,1.424719,3.84242,1.0,1.833873,1.936219,2.5,0.3,2.399164,2.068126,9.255177,2.211055,4.145343,6.332198,3.346172
2006-08,,3.842114,2.139535,1.452136,3.814486,1.3,1.508621,1.883367,2.6,0.9,2.691951,1.944107,9.616225,1.606426,3.818737,5.938375,3.881279
2006-09,,3.697184,0.7380074,0.793958,2.812685,1.5,1.076426,1.265823,2.5,0.6,2.48005,2.6538,9.441277,2.40481,2.062374,6.398648,4.05811
2006-10,,3.264889,1.019462,0.2587231,2.051294,1.4,1.075269,1.062627,2.5,0.4,2.187191,2.650602,9.147401,2.59481,1.305221,6.917439,4.48495
2006-11,,3.018236,1.392758,0.4976379,2.123491,1.9,1.402373,1.381966,2.8,0.3,2.096692,2.53012,9.028221,2.78607,1.973684,5.950735,4.510015
2006-12,,3.141516,1.672862,0.6210557,2.567686,2.8,1.391863,1.493382,2.9,0.3,2.089147,2.171291,8.995778,2.882704,2.54065,6.528648,4.817256
2007-01,,2.987813,1.109057,0.1021764,2.797534,2.2,1.718582,1.245753,2.7,0.0,1.682092,1.20919,8.197703,3.571429,2.075643,6.722689,5.180852
2007-02,,3.018564,2.037037,-0.01144142,2.715956,2.7,1.71123,1.049188,2.7,-0.2,2.170794,0.7194245,7.612333,2.976191,2.415199,7.563025,4.911779
2007-03,,2.957038,2.302026,0.1727158,2.552931,3.3,1.925134,1.192485,2.9,-0.1,2.159281,1.076555,7.366838,2.862784,2.778779,6.722689,5.325092
2007-04,,2.99818,2.197802,0.4539854,2.487568,3.0,2.132196,1.254621,2.7,0.0,2.449602,0.2372479,7.602221,2.859961,2.573697,6.666667,5.964663
2007-05,,3.18318,2.187785,0.4879854,2.872517,3.4,2.132196,1.070831,2.5,0.0,2.348788,0.3558719,7.762853,2.964427,2.690864,6.61157,6.048435
2007-06,,3.689806,2.191781,0.6308945,3.228277,4.4,1.914894,1.19353,2.5,-0.2,2.548336,0.3562945,8.482848,3.060217,2.687038,5.691057,6.027911
2007-07,,3.741742,2.189781,0.7202842,3.830662,5.6,2.012712,1.106145,2.0,0.0,2.539651,0.476758,8.69837,3.834808,2.358231,6.451613,6.20778
2007-08,,4.177372,1.730419,0.4357687,4.679245,6.5,2.123142,1.180401,2.0,-0.2,2.038442,0.3575685,8.589878,5.039526,1.970083,7.258065,6.153846
2007-09,,4.146188,2.472528,0.7470757,5.848976,6.2,2.662407,1.517857,2.0,-0.2,2.323773,-0.3525264,9.349323,4.902153,2.755052,6.4,6.484366
2007-10,,4.115212,2.385321,1.26429,6.451352,6.5,2.765957,2.002237,2.3,0.3,3.015873,-0.2347418,10.83232,5.350194,3.536175,5.511811,6.897739
2007-11,,4.1878,2.472528,1.770191,7.436603,6.9,3.297872,2.446927,2.2,0.6,3.519091,1.527615,11.49315,6.001936,4.306203,5.511811,7.230575
2007-12,,4.457659,2.3766,2.004008,7.823145,6.5,3.167899,2.586111,2.3,0.7,3.606973,2.83353,11.86926,6.47343,4.081269,5.511811,7.568309
2008-01,,4.56148,2.193784,2.426292,7.455075,7.1,2.851109,2.818792,2.4,0.7,3.890129,3.584229,12.56239,6.992337,4.280294,5.511811,8.273748
2008-02,,4.613513,1.814882,2.364594,8.070803,8.7,2.839117,2.846935,2.6,1.0,3.575608,3.809524,12.66258,8.67052,4.026556,5.46875,8.949335
2008-03,,4.728311,1.350135,2.630892,8.50844,8.3,3.147954,3.179544,2.6,1.2,3.938281,3.195266,13.34579,9.596929,3.981456,7.874016,9.630053
2008-04,,5.041627,1.702509,2.283981,8.301081,8.5,2.400835,3.020246,3.0,0.8,4.115989,3.195266,14.30377,10.45062,3.93689,7.8125,9.419289
2008-05,,5.576029,2.230152,2.8555,8.875021,7.7,3.02714,3.321929,3.3,1.3,4.874958,3.073286,15.12161,10.36468,4.175543,7.751938,9.8022
2008-06,,6.060584,3.127793,2.911658,9.474133,7.1,3.235908,3.571429,3.7,2.0,5.544045,3.431953,15.14442,10.63218,5.02179,7.692307,10.60246
2008-07,,6.367092,3.392857,3.074772,9.476223,6.3,3.322949,3.613659,4.2,2.3,5.904135,4.270463,14.73347,11.07955,5.600123,8.333333,11.22045
2008-08,,6.165818,3.491495,2.921472,9.305241,4.9,3.118503,3.158706,4.4,2.1,5.613507,4.513064,15.04297,10.91251,5.371855,9.022556,11.20825
2008-09,,6.250534,3.395889,2.927221,9.232459,4.6,2.80083,2.979331,4.8,2.1,5.108846,5.306604,15.05439,10.34418,4.936927,9.774436,11.2685
2008-10,,6.40953,2.598566,2.598069,9.853125,4.0,2.380952,2.664766,4.2,1.7,4.8151,5.411765,14.22804,10.89566,3.655186,10.44776,10.59335
2008-11,,6.388597,1.966041,1.452157,8.887383,2.4,1.338826,1.625041,3.8,1.0,4.532213,3.125,13.77668,9.497717,1.069575,10.44776,10.25007
2008-12,,5.902724,1.160714,0.7010068,7.092753,1.2,1.125896,0.999674,3.0,0.4,4.138585,2.181401,13.28166,8.983666,0.0914129,9.701492,9.308293
2009-01,,5.839345,1.073345,0.13908,6.31756,1.0,0.9240246,0.7071366,2.9,0.0,3.746852,2.306805,13.34809,7.878245,0.0298465,10.44776,8.471761
2009-02,,5.902537,1.426025,0.2375163,4.512144,-1.6,1.124744,0.8684325,3.1,-0.1,4.103838,2.522936,13.85211,6.914894,0.2361911,9.62963,8.92562
2009-03,,5.607123,1.243339,-0.4241361,3.689837,-1.2,0.4069176,0.3016916,2.8,-0.3,3.880956,2.522936,13.97586,5.954466,-0.3835562,8.029197,9.1354
2009-04,,5.533778,0.3524229,-0.3337536,3.139347,-1.5,0.7135576,0.128866,2.3,-0.1,3.58302,2.866972,13.15549,5.208333,-0.7368857,8.695652,8.914101
2009-05,,5.198622,0.08726004,-0.961154,1.737935,-1.4,0.0,-0.2563555,2.1,-1.1,2.734393,3.09633,12.28463,5.478261,-1.281436,8.633094,8.360128
2009-06,,4.801566,-0.2599653,-0.9510052,0.5868666,-1.7,0.1011122,-0.48957,1.7,-1.8,1.993049,3.432494,11.87317,5.194805,-1.426776,9.285714,7.131537
2009-07,,4.499396,-0.9499136,-1.177709,-0.96504,-1.8,-0.5025126,-0.725256,1.6,-2.2,1.618728,2.275313,12.00674,4.177323,-2.097161,11.88811,6.71875
2009-08,,4.363852,-0.7785467,-0.8100511,-2.32774,-1.2,0.0,-0.181372,1.4,-2.2,2.162578,1.931818,11.60496,4.071247,-1.484349,11.72414,6.36646
2009-09,,4.343101,-0.8643042,-0.9224877,-2.257134,-0.8,-0.2018164,-0.3629764,1.0,-2.2,2.160618,1.231803,10.68599,4.395605,-1.286206,11.64384,6.018518
2009-10,,4.166391,0.08733624,-0.8336549,-3.120338,-0.5,0.0,-0.2136296,1.2,-2.5,1.982267,0.6696429,9.68783,3.497086,-0.1828483,11.48649,5.692307
2009-11,,4.218346,0.9640666,0.02391149,-3.380892,0.6,0.4065041,0.3970809,1.5,-1.9,2.439053,1.571268,9.100391,4.003336,1.838296,13.51351,5.692307
2009-12,,4.31165,1.323919,0.2826881,-2.580917,1.9,0.8097166,0.9144701,2.1,-1.7,2.800649,2.022472,8.797004,4.246461,2.721331,14.96599,6.163328
2010-01,,4.592086,1.858407,1.023746,-1.32189,1.5,0.7121058,1.101869,2.6,-1.3,3.51834,2.480271,8.021173,4.149378,2.625709,16.21622,5.819295
2010-02,,4.8311,1.581722,0.9327145,0.2546085,2.7,0.5055612,1.280672,2.1,-1.1,2.984819,2.908278,7.181658,4.560531,2.143332,14.86487,5.462822
2010-03,,5.166003,1.403509,1.39971,0.306039,2.4,1.215806,1.589859,2.4,-1.1,2.458886,3.467561,6.462247,4.710744,2.313959,14.86487,4.783258
2010-04,,5.260261,1.843723,1.372658,0.9147563,2.8,1.214575,1.683827,2.7,-1.2,2.598269,3.344482,6.039316,4.867987,2.236447,13.33333,4.315476
2010-05,,5.218403,1.394943,1.106686,1.504735,3.1,1.215806,1.649175,2.5,-0.9,2.701205,2.558398,5.965509,5.358615,2.020986,13.90728,4.30267
2010-06,,4.841091,0.9556907,0.4863281,1.159826,2.9,0.9090909,1.508021,2.4,-0.7,2.688872,1.880531,5.744309,5.514403,1.053349,13.72549,3.994083
2010-07,,4.600534,1.830863,0.4184842,2.252991,3.3,1.111111,1.675978,2.3,-0.9,2.530432,1.89099,5.460587,5.973814,1.235193,11.25,3.513909
2010-08,,4.485544,1.743679,0.2935003,2.621754,3.5,1.008065,1.389483,2.4,-0.9,2.681131,1.895206,6.04062,5.96577,1.148105,9.876543,3.357664
2010-09,,4.70422,1.918047,0.2830119,1.869946,3.6,1.213347,1.564342,2.4,-0.6,3.407687,1.769912,6.96345,5.910931,1.143683,9.815951,3.202329
2010-10,,5.195061,2.443281,0.1939616,1.984462,4.4,1.314459,1.594948,2.5,0.2,3.682515,2.10643,7.498268,5.792438,1.172188,9.69697,3.347889
2010-11,,5.634848,1.996528,0.2411068,2.458334,5.1,1.518219,1.571352,2.6,0.1,2.988028,1.98895,8.055642,5.773857,1.143161,8.333333,3.49345
2010-12,,5.908689,2.351916,0.519572,2.981064,4.6,1.305221,1.759062,3.1,0.0,3.033528,2.753304,8.776659,5.43131,1.495723,9.467456,3.338171
2011-01,,5.992987,2.345786,0.2784839,2.720377,4.9,1.717172,1.741639,3.4,-0.6,3.440994,1.980198,9.557916,7.201078,1.631847,9.302325,3.617945
2011-02,,6.014171,2.16263,0.5102031,2.673797,4.9,1.911469,1.657635,3.7,-0.5,3.938728,1.195652,9.471017,7.036653,2.107585,8.823529,3.597122
2011-03,,6.298987,3.287197,1.004265,3.362002,5.4,2.002002,1.987945,3.5,-0.5,4.133366,0.972973,9.460138,6.759114,2.681603,8.823529,3.994294
2011-04,,6.510257,3.275862,0.2588865,3.217019,5.3,1.9,2.07784,3.8,-0.4,3.815792,1.294498,9.612939,6.766061,3.163631,9.411765,4.279601
2011-05,,6.552782,3.697335,0.3690573,3.257077,5.5,2.002002,2.012221,3.8,-0.4,3.912196,1.626898,9.591125,6.294954,3.568646,8.72093,4.55192
2011-06,,6.712551,3.098107,0.5641826,3.438025,6.4,2.102102,2.10726,3.6,-0.4,4.217106,1.411509,9.416461,6.30329,3.558828,8.620689,5.12091
2011-07,,6.872599,2.739726,0.4720441,2.902273,6.5,2.097902,1.94421,3.8,0.2,4.509045,1.637555,9.013072,5.460537,3.628716,8.426967,5.374823
2011-08,,7.225226,3.084833,0.1922175,3.175215,6.2,2.095808,2.234872,3.9,0.2,4.68579,1.31291,8.15658,5.262247,3.771208,8.988764,5.225989
2011-09,,7.310902,3.165098,0.4857559,3.277849,6.1,2.397602,2.236523,4.5,0.0,3.759178,1.521739,7.21273,5.078844,3.868357,10.05587,5.641749
2011-10,,6.970099,2.896082,-0.1125024,3.671016,5.5,2.295409,2.349594,4.3,-0.2,3.561498,1.302932,7.191394,4.74046,3.5252,9.392265,6.197183
2011-11,,6.641309,2.893617,-0.5257328,3.937109,4.2,2.392822,2.51526,4.1,-0.5,4.175172,1.083424,6.776707,4.643126,3.394378,9.340659,6.188467
2011-12,,6.502414,2.297872,-0.7147083,4.429976,4.1,1.982161,2.462022,3.7,-0.2,4.158648,0.1071811,6.100637,4.56385,2.962419,6.486486,6.320225
2012-01,,6.218308,2.4618,-0.789483,4.239878,4.5,2.085402,2.352447,3.2,0.1,3.345869,0.5393744,4.16249,2.591793,2.925217,5.319149,6.284916
2012-02,,5.849393,2.624894,-0.8835077,4.408029,3.2,2.171767,2.289119,3.1,0.3,3.032858,1.181525,3.738729,2.47578,2.871099,7.567567,6.25
2012-03,,5.239686,1.926298,-0.9542573,3.794755,3.6,2.158979,2.301711,3.1,0.5,2.661791,0.7494647,3.697489,2.577873,2.651398,8.648648,6.035666
2012-04,,5.105378,2.003339,-0.9896104,3.518914,3.4,1.962709,2.087208,2.8,0.4,2.55302,0.3194888,3.573585,2.462527,2.30274,10.21505,6.29275
2012-05,,4.98766,1.243781,-1.01359,3.129303,3.0,1.962709,1.982857,2.5,0.2,2.538555,0.5336179,3.614816,2.566845,1.704254,10.16043,5.714286
2012-06,,4.914823,1.502504,-1.053698,2.649007,2.2,1.666667,1.929625,2.3,-0.2,2.196198,0.3211991,4.297105,2.771855,1.663994,10.05291,5.548038
2012-07,,5.198414,1.25,-0.7141086,2.508424,1.8,1.8591,1.938226,2.4,-0.4,1.477122,0.2148228,5.590518,2.765957,1.408451,9.84456,4.832215
2012-08,,5.240384,1.246883,-0.452998,2.566658,2.0,2.150538,2.082904,2.3,-0.4,1.266472,0.3239741,5.95039,2.866242,1.692379,10.30928,5.2349
2012-09,,5.282203,1.160862,-0.4113652,2.839078,1.9,2.04878,1.908988,2.1,-0.3,2.087324,0.5353319,6.575747,2.959831,1.991282,9.137055,5.473965
2012-10,,5.449829,1.15894,-0.22223,2.924121,1.7,2.04878,1.852996,2.4,-0.4,2.091309,1.071811,6.554534,3.375527,2.162344,9.59596,5.570292
2012-11,,5.533837,0.8271298,-0.3754671,2.12766,2.0,1.94742,1.416692,2.4,-0.2,1.631426,1.178993,6.469647,3.368421,1.764134,9.547739,5.695364
2012-12,,5.839528,0.8319467,-0.43446,1.491443,2.5,2.040816,1.329243,2.4,-0.1,1.425858,1.391863,6.57565,3.578947,1.741022,11.16751,5.812418
2013-01,,6.154026,0.4971002,-0.2696843,1.587883,2.0,1.653697,1.169711,2.4,-0.3,1.629169,1.39485,7.074063,4.736842,1.594865,11.61616,5.519054
2013-02,,6.312605,1.237624,-0.2561671,1.301862,3.2,1.545894,1.042305,2.5,-0.7,1.583652,0.955414,7.276754,4.621849,1.977924,12.0603,5.882353
2013-03,,6.588495,0.9860312,-0.5936288,1.51828,2.1,1.440922,0.9729401,2.5,-0.9,1.461025,1.381509,7.020775,4.188482,1.473896,11.44279,6.080207
2013-04,,6.492286,0.4091653,-0.6343441,0.9833677,2.4,1.154957,0.6882591,2.2,-0.7,1.329647,1.804671,7.234155,3.970742,1.063085,10.2439,5.791506
2013-05,,6.505934,0.7371007,-0.5073508,0.9467168,2.1,1.539942,0.8,2.4,-0.3,1.148439,1.910828,7.383506,3.75391,1.361965,10.67961,5.534105
2013-06,,6.696528,1.151316,-0.1279547,1.886792,2.7,1.832208,0.9313626,2.6,0.2,1.168701,2.134472,6.883256,3.319502,1.754417,11.05769,5.512821
2013-07,,6.270692,1.316872,-0.002752338,2.167032,2.7,1.92123,1.067616,2.5,0.7,1.615397,3.001072,6.450359,3.623188,1.960682,10.84906,6.402049
2013-08,,6.090762,1.067323,-0.04454233,2.186589,2.6,1.531101,0.8686869,2.4,0.9,1.504683,3.336921,6.492897,3.302374,1.518368,10.74766,6.377551
2013-09,,5.858621,1.065574,-0.05538238,1.965039,3.1,1.434034,0.8809234,2.4,1.1,0.9802816,2.662407,6.132802,2.874743,1.184925,10.69767,6.075949
2013-10,,5.837485,0.6546645,-0.2552282,1.534404,3.2,1.24283,0.5659996,2.0,1.1,0.8608911,2.439024,6.249013,2.653061,0.9636127,11.05991,5.527638
2013-11,,5.774407,0.902379,0.07985541,2.372351,3.0,1.337154,0.6782063,1.9,1.5,1.201093,2.436441,6.495426,2.647658,1.237072,11.46789,5.388471
2013-12,,5.910683,1.237624,0.06713167,3.011322,2.5,1.428571,0.7063572,1.9,1.6,1.143381,2.006336,6.447943,2.54065,1.501736,9.132421,5.243446
2014-01,,5.58534,1.483924,0.05437877,3.005892,2.5,1.339713,0.6490873,1.8,1.4,1.080296,2.222222,6.047327,1.809045,1.578947,7.239819,5.728518
2014-02,,5.679518,1.140994,-0.1411062,3.398991,2.0,1.236917,0.9203075,1.6,1.5,1.01246,2.10305,6.194966,2.008032,1.126349,6.726458,5.925926
2014-03,,6.153469,1.545972,0.002847425,3.864561,2.4,1.041667,0.6122654,1.5,1.6,1.292008,1.991614,6.914645,2.110553,1.512203,6.696429,5.97561
2014-04,,6.279552,2.03749,0.0379856,5.013224,1.8,1.332065,0.7237636,1.7,3.4,1.498196,1.876955,7.329496,2.613065,1.952858,7.079646,6.20438
2014-05,,6.374281,2.276423,0.2207019,5.386558,2.5,0.8530806,0.6831425,1.5,3.7,1.665798,1.875,7.585398,2.713568,2.127111,7.017544,6.829268
2014-06,,6.523283,2.357723,0.04966065,4.767025,2.3,1.041667,0.4814443,1.8,3.6,1.658617,1.880878,7.799669,2.610442,2.072341,6.493506,6.804374
2014-07,,6.502234,2.112104,0.03184936,4.742612,2.3,0.8482563,0.4627767,1.6,3.4,1.589716,2.289282,7.446824,2.297702,1.992329,7.234043,6.618532
2014-08,,6.51297,2.112104,0.07161428,4.826438,2.0,0.8482563,0.4406169,1.5,3.3,1.408107,1.979167,7.55412,2.497503,1.699611,6.751055,6.47482
2014-09,,6.746474,2.027575,-0.08768015,5.131237,1.6,0.8482563,0.291077,1.3,3.2,1.146437,2.178423,8.026366,2.295409,1.657919,6.302521,5.966587
2014-10,,6.58724,2.357723,-0.01266156,6.068477,1.6,0.7554296,0.4522613,1.3,2.9,1.14994,2.070393,8.294902,2.087475,1.66434,4.979253,5.952381
2014-11,,6.555291,1.95122,-0.05859243,5.716974,1.4,0.5655043,0.3217374,1.1,2.4,0.9657702,1.96484,9.0565,1.984127,1.322355,4.115226,5.826397
2014-12,,6.408519,1.466993,-0.3284491,4.653882,1.5,0.1877934,0.06012024,0.7,2.4,0.8333418,2.070393,11.36234,1.883052,0.7564933,5.85774,5.338078
2015-01,,7.137458,0.9748172,-0.4851975,4.540679,0.8,-0.2832861,-0.3829101,0.5,2.4,0.9746273,2.070393,14.97146,1.579467,-0.08934832,7.172996,4.475854
2015-02,,7.701587,1.047542,-0.8396546,4.402369,1.4,-0.04656311,-0.2705682,0.4,2.2,0.644992,1.853759,16.70688,1.377953,-0.0251298,6.302521,4.079254
2015-03,,8.128505,1.201923,-0.8747237,4.181546,1.4,0.1747867,-0.0698324,0.3,2.3,0.4705147,1.952724,16.92639,1.476378,-0.07363739,6.276151,4.027618
2015-04,,8.171487,0.798722,-1.122652,4.144247,1.5,0.8662329,0.07984032,0.3,0.6,0.4359777,1.944729,16.4165,0.9794319,-0.1995174,5.785124,4.581902
2015-05,,8.472942,0.8744038,-1.181789,3.970337,1.2,1.162551,0.2993414,0.4,0.5,0.5518641,2.04499,15.78192,1.076321,-0.03993275,5.737705,4.3379
2015-06,,8.894683,1.032565,-1.037265,4.424678,1.4,0.8781202,0.2595328,0.3,0.4,0.701539,2.666667,15.28712,1.174168,0.1237712,6.097561,4.550626
2015-07,,9.558393,1.272872,-1.275927,4.607509,1.6,0.7956734,0.1702383,0.5,0.2,0.7346808,1.831129,15.64277,1.171875,0.1695698,4.365079,4.62754
2015-08,,9.525477,1.272872,-1.402459,4.989794,2.0,0.7956734,0.04985045,0.4,0.2,0.700297,2.042901,15.76968,0.9746588,0.1950793,4.347826,4.504505
2015-09,,9.492789,1.033386,-1.443673,4.644624,1.6,0.5952844,0.03002402,0.2,0.0,0.5039756,2.13198,15.67766,1.170732,-0.03612975,5.13834,4.504505
2015-10,,9.928892,1.032565,-1.359866,3.995993,1.3,0.8781202,0.06003001,0.2,0.3,0.8075885,2.434077,15.58587,1.168452,0.1705744,6.324111,4.494382
2015-11,,10.47577,1.355662,-1.392509,3.927896,1.5,0.1747867,0.0400882,0.4,0.3,0.8193082,2.738337,14.981,1.264591,0.5017976,6.719368,4.719101
2015-12,,10.67194,1.606426,-1.308355,4.368715,1.6,0.1747867,0.1802524,0.5,0.2,1.132213,2.332657,12.90816,1.264591,0.7295198,6.324111,5.18018
2016-01,,10.7058,2.011263,-1.266732,4.790085,1.8,0.5076142,0.2225369,0.6,-0.1,0.6214293,2.941176,9.766088,2.526725,1.373087,5.905512,6.200676
2016-02,,10.35588,1.355662,-0.8284798,4.706275,2.3,0.1008065,-0.1909164,0.6,0.2,1.113228,3.235591,8.058712,2.524272,1.0178,5.533597,6.942889
2016-03,,9.386373,1.266825,-0.8607506,4.455993,2.3,0.3009027,-0.1497454,0.8,0.0,0.8423586,3.326613,7.25796,2.521823,0.8525362,5.511811,6.526549
2016-04,,9.277795,1.664025,-0.3518723,4.188194,2.3,-0.0998004,-0.1894695,0.7,-0.3,1.002506,3.313253,7.236607,2.521823,1.12511,5.859375,6.462213
2016-05,,9.32119,1.497242,-0.4399569,4.235707,2.0,0.1992032,-0.01989654,0.7,-0.5,0.7797661,3.406814,7.300725,2.32333,1.019323,6.589147,6.564551
2016-06,,8.843572,1.493711,-0.374045,4.204434,1.9,0.2988048,0.1891677,0.8,-0.4,0.7396302,3.696304,7.48279,2.224371,0.9973265,6.130268,6.528836
2016-07,,8.735771,1.256873,-0.202861,4.023926,1.8,0.4970179,0.219934,0.9,-0.4,0.369151,4.395605,7.205553,2.220077,0.8271388,6.463878,6.472492
2016-08,,8.974498,1.099764,-0.1430682,3.370058,1.3,0.3976143,0.2291978,1.0,-0.5,0.4881937,4.004004,6.842325,2.027027,1.062875,5.30303,6.25
2016-09,,8.475968,1.33753,-0.1814716,3.09511,1.9,0.5976096,0.3901951,1.3,-0.5,1.348517,3.578529,6.417378,1.92864,1.463784,4.135338,6.465517
2016-10,,7.873671,1.493711,-0.2127681,2.847051,2.1,0.7968128,0.359964,1.3,0.1,1.488363,3.663366,6.089907,1.636189,1.635988,3.345725,6.774194
2016-11,,6.987383,1.180173,-0.3383042,2.933619,2.3,0.8024072,0.5309557,1.5,0.5,1.531225,3.553801,5.763477,1.248799,1.692537,2.592592,6.866953
2016-12,,6.287988,1.501976,-0.0067,2.708489,2.1,1.504514,0.6097561,1.8,0.3,1.337058,3.468781,5.375142,0.9606148,2.074622,2.230483,7.066381
2017-01,,5.354015,2.129338,0.3489557,2.781034,2.5,1.616162,1.34235,1.9,0.4,2.241259,2.758621,5.020274,-0.5687204,2.500042,1.858736,6.794055
2017-02,,4.758907,2.045633,0.6460153,2.741473,0.8,1.913394,1.208094,2.3,0.3,2.08292,2.546523,4.592386,-0.5681818,2.737958,2.621723,6.492146
2017-03,,4.571105,1.563722,0.5678923,2.741611,0.9,1.4,1.14977,2.3,0.2,2.277247,2.439024,4.248812,-0.6622517,2.380612,2.61194,6.126688
2017-04,,4.082517,1.636789,0.4377588,2.658789,1.2,1.698302,1.168948,2.6,0.4,1.955335,2.23518,4.13464,-0.6622517,2.19969,2.214022,5.246913
2017-05,,3.597256,1.319876,0.479389,2.558164,1.5,1.192843,0.8059701,2.7,0.4,2.003769,2.131783,4.093156,-0.7568591,1.874878,1.090909,5.338809
2017-06,,2.998485,1.006971,0.1972077,1.697757,1.5,1.390268,0.6856802,2.6,0.4,1.805735,1.926782,4.352456,-0.4730369,1.633488,1.083032,5.005107
2017-07,,2.711626,1.163693,0.3292469,1.693675,1.4,1.384768,0.7182045,2.6,0.4,2.166998,1.531101,3.864634,-0.7554296,1.727978,1.785714,4.356636
2017-08,,2.455909,1.398601,0.4627675,1.84953,1.8,1.584158,0.9047524,2.7,0.7,2.488598,1.347449,3.293435,-0.7568591,1.938974,2.517986,4.563895
2017-09,,2.537691,1.552795,0.6520706,1.448973,1.6,1.683168,0.9866454,2.8,0.7,2.000788,1.631478,2.963457,-0.7568591,2.232964,2.888087,4.8583
2017-10,,2.701321,1.394268,0.6609076,1.873244,1.9,1.284585,1.056093,2.8,0.2,1.761811,1.241643,2.727655,-1.231061,2.041129,3.23741,4.632427
2017-11,,2.803785,2.099533,0.7871262,1.913876,1.7,1.59204,1.175884,2.8,0.6,1.153278,1.143947,2.502644,-1.70778,2.202583,3.971119,4.417671
2017-12,24.7956,2.947421,1.869159,0.8386562,2.272254,1.8,1.383399,1.19225,2.7,1.0,1.408035,1.628353,2.523063,-1.12274,2.109082,4.0,4.5
2018-01,25.00623,2.855116,1.698842,0.7402027,2.187435,1.5,1.39165,1.334528,2.7,1.4,0.7599376,1.629914,2.2072,2.974261,2.070508,5.109489,4.274354
2018-02,25.43711,2.844894,2.158828,0.6280298,1.99607,2.9,1.086957,1.183726,2.5,1.5,1.253401,2.196753,2.197002,2.933333,2.211795,4.744525,3.834808
2018-03,25.39652,2.680803,2.309469,0.7953681,1.813311,2.1,1.47929,1.561728,2.3,1.1,1.215362,2.190476,2.360305,2.761905,2.359711,4.363636,3.718199
2018-04,25.49816,2.762797,2.223926,0.8031909,1.880781,1.8,1.277014,1.639344,2.2,0.6,1.528427,2.376426,2.411317,2.571429,2.462744,3.971119,4.301075
2018-05,26.29076,2.855013,2.222222,0.9992321,2.042702,1.8,2.062868,2.023492,2.3,0.7,1.468443,2.27704,2.42152,2.287893,2.801012,3.956835,4.288499
2018-06,29.4665,4.391104,2.453988,1.146528,2.545342,1.9,1.860921,2.023293,2.3,0.7,1.481337,2.551985,2.299359,2.091255,2.871548,3.928571,4.377432
2018-07,31.20916,4.484844,2.990798,1.230351,2.662692,2.1,1.853659,2.287808,2.3,0.9,1.118895,3.016023,2.503815,2.235966,2.949515,5.614035,5.048543
2018-08,34.42611,4.193016,2.835249,1.180957,2.636709,2.3,1.851852,2.25638,2.4,1.3,1.43175,3.418803,3.070647,2.249762,2.69918,5.614035,4.84966
2018-09,40.54234,4.525976,2.217125,0.9894649,3.144266,2.5,1.94742,2.20073,2.2,1.2,2.087158,3.399433,3.390646,2.097235,2.276972,5.614035,4.826255
2018-10,45.90969,4.557029,2.444614,1.106566,2.911431,2.5,2.341463,2.20842,2.2,1.4,2.002128,3.113208,3.545422,2.396932,2.52247,5.226481,5.004812
2018-11,48.46918,4.046031,1.675552,0.9219655,2.816901,2.2,2.056807,1.891067,2.2,0.8,2.03664,3.487276,3.834713,2.799228,2.176601,4.861111,5.096154
2018-12,47.64559,3.745581,1.987768,0.691547,2.568284,1.9,1.559454,1.590574,2.0,0.3,1.320517,3.487276,4.268995,2.193995,1.910159,5.244755,4.401914
2019-01,49.31258,3.776528,1.442673,0.560085,2.211626,1.7,1.372549,1.238329,1.8,0.2,0.7928834,3.113208,4.996622,-1.934827,1.551235,6.597222,3.908484
2019-02,51.27571,3.889619,1.509434,0.578697,2.200365,1.5,1.466276,1.317342,1.8,0.2,0.4606084,2.990654,5.237608,-2.202073,1.520135,6.968641,4.07197
2019-03,54.73234,4.57589,1.881114,0.7290673,2.479255,2.3,1.263363,1.109489,1.8,0.5,0.3746398,2.889096,5.269088,-2.131603,1.862523,7.665505,4.528302
2019-04,55.79512,4.940909,2.025506,0.7080731,2.431151,2.5,2.036857,1.263117,2.0,0.9,0.5561416,2.878366,5.174705,-1.949861,1.99644,8.333333,4.404873
2019-05,57.29651,4.659262,2.398801,0.6342515,2.756262,2.7,1.443696,0.9384675,1.9,0.7,0.6804677,2.504638,5.132794,,1.790228,,4.392523
