country,AUS,CAN,CHE,CHL,DEU,FRA,GBR,JPN,KOR,NOR,NZL,RUS,USA,IND,ZAF
subject,LTINT,LTINT,LTINT,LTINT,LTINT,LTINT,LTINT,LTINT,LTINT,LTINT,LTINT,LTINT,LTINT,LTINT,LTINT
measure,TOT,TOT,TOT,TOT,TOT,TOT,TOT,TOT,TOT,TOT,TOT,TOT,TOT,TOT,TOT
1953-04,,,,,,,,,,,,,2.83,,
1953-05,,,,,,,,,,,,,3.05,,
1953-06,,,,,,,,,,,,,3.11,,
1953-07,,,,,,,,,,,,,2.93,,
1953-08,,,,,,,,,,,,,2.95,,
1953-09,,,,,,,,,,,,,2.87,,
1953-10,,,,,,,,,,,,,2.66,,
1953-11,,,,,,,,,,,,,2.68,,
1953-12,,,,,,,,,,,,,2.59,,
1954-01,,,,,,,,,,,,,2.48,,
1954-02,,,,,,,,,,,,,2.47,,
1954-03,,,,,,,,,,,,,2.37,,
1954-04,,,,,,,,,,,,,2.29,,
1954-05,,,,,,,,,,,,,2.37,,
1954-06,,,,,,,,,,,,,2.38,,
1954-07,,,,,,,,,,,,,2.3,,
1954-08,,,,,,,,,,,,,2.36,,
1954-09,,,,,,,,,,,,,2.38,,
1954-10,,,,,,,,,,,,,2.43,,
1954-11,,,,,,,,,,,,,2.48,,
1954-12,,,,,,,,,,,,,2.51,,
1955-01,,3.2,2.7,,,,,,,,,,2.61,,
1955-02,,3.13,2.75,,,,,,,,,,2.65,,
1955-03,,3.09,2.84,,,,,,,,,,2.68,,
1955-04,,3.09,2.85,,,,,,,,,,2.75,,
1955-05,,3.11,2.99,,,,,,,,,,2.76,,
1955-06,,3.1,3.06,,,,,,,,,,2.78,,
1955-07,,3.12,3.04,,,,,,,,,,2.9,,
1955-08,,3.21,3.08,,,,,,,,,,2.97,,
1955-09,,3.25,3.2,,,,,,,,,,2.97,,
1955-10,,3.26,3.17,,,,,,,,,,2.88,,
1955-11,,3.3,3.07,,,,,,,,,,2.89,,
1955-12,,3.41,3.04,,,,,,,,,,2.96,,
1956-01,,3.38,2.94,,,,,,,,,,2.9,,
1956-02,,3.3,2.91,,,,,,,,,,2.84,,
1956-03,,3.36,2.97,,,,,,,,,,2.96,,
1956-04,,3.51,3.06,,,,,,,,,,3.18,,
1956-05,,3.57,3.14,,6.4,,,,,,,,3.07,,
1956-06,,3.45,3.18,,6.8,,,,,,,,3.0,,
1956-07,,3.48,3.18,,6.8,,,,,,,,3.11,,
1956-08,,3.7,3.24,,6.8,,,,,,,,3.33,,
1956-09,,3.81,3.21,,7.0,,,,,,,,3.38,,
1956-10,,3.87,3.22,,7.0,,,,,,,,3.34,,
1956-11,,3.9,3.23,,7.2,,,,,,,,3.49,,
1956-12,,3.94,3.22,,7.3,,,,,,,,3.59,,
1957-01,,4.1,3.22,,7.3,,,,,,,,3.46,,4.75
1957-02,,4.06,3.16,,7.4,,,,,,,,3.34,,4.75
1957-03,,4.0,3.59,,7.5,,,,,,,,3.41,,4.75
1957-04,,4.03,3.55,,7.4,,,,,,,,3.48,,4.75
1957-05,,4.19,3.8,,7.4,,,,,,,,3.6,,4.75
1957-06,,4.22,3.77,,7.4,,,,,,,,3.8,,4.75
1957-07,,4.25,3.79,,7.5,,,,,,,,3.93,,4.75
1957-08,,4.33,3.87,,7.6,,,,,,,,3.93,,4.75
1957-09,,4.32,3.93,,7.6,,,,,,,,3.92,,4.75
1957-10,,4.19,3.92,,7.7,,,,,,,,3.97,,4.75
1957-11,,3.98,3.8,,7.7,,,,,,,,3.72,,4.75
1957-12,,3.83,3.61,,7.7,,,,,,,,3.21,,4.75
1958-01,,3.93,3.49,,7.5,,,,,,,,3.09,,4.75
1958-02,,3.94,3.41,,7.5,,,,,,,,3.05,,5.0
1958-03,,3.96,3.34,,7.4,,,,,,,,2.98,,5.0
1958-04,,3.95,3.24,,7.4,,,,,,,,2.88,,5.0
1958-05,,3.86,3.2,,7.3,,,,,,,,2.92,,5.25
1958-06,,3.91,3.03,,7.1,,,,,,,,2.97,,5.25
1958-07,,4.06,3.04,,6.7,,,,,,,,3.2,,5.25
1958-08,,4.11,3.04,,6.5,,,,,,,,3.54,,5.25
1958-09,,4.19,3.02,,6.2,,,,,,,,3.76,,5.25
1958-10,,4.31,3.0,,6.0,,,,,,,,3.8,,5.25
1958-11,,4.54,3.03,,5.9,,,,,,,,3.74,,5.25
1958-12,,4.63,3.0,,5.9,,,,,,,,3.86,,5.25
1959-01,,4.63,2.98,,5.8,,,,,,,,4.02,,5.25
1959-02,,4.68,2.91,,5.6,,,,,,,,3.96,,5.25
1959-03,,4.86,2.85,,5.6,,,,,,,,3.99,,5.25
1959-04,,4.79,2.83,,5.6,,,,,,,,4.12,,5.25
1959-05,,4.95,3.14,,5.7,,,,,,,,4.31,,5.25
1959-06,,5.03,3.22,,5.7,,,,,,,,4.34,,5.25
1959-07,,5.02,3.14,,5.6,,,,,,,,4.4,,5.25
1959-08,,5.2,3.06,,5.5,,,,,,,,4.43,,5.25
1959-09,,5.42,3.16,,5.8,,,,,,,,4.68,,5.25
1959-10,,5.33,3.17,,6.0,,,,,,,,4.53,,5.25
1959-11,,5.3,3.17,,6.1,,,,,,,,4.53,,5.25
1959-12,,5.37,3.29,,6.2,,,,,,,,4.69,,5.25
1960-01,,5.54,3.32,,6.5,5.82,5.33,,,,,,4.72,,5.25
1960-02,,5.46,3.3,,6.4,5.8,5.4,,,,,,4.49,,5.25
1960-03,,5.39,3.22,,6.4,5.76,5.59,,,,,,4.25,,5.25
1960-04,,5.29,3.13,,6.4,5.81,5.67,,,,,,4.28,,5.25
1960-05,,5.21,3.07,,6.4,5.74,5.69,,,,,,4.35,,5.25
1960-06,,5.07,3.04,,6.6,5.73,6.04,,,,,,4.15,,5.25
1960-07,,5.08,2.97,,6.7,5.68,6.01,,,,,,3.9,,5.25
1960-08,,4.98,2.94,,6.5,5.51,6.03,,,,,,3.8,,5.25
1960-09,,4.8,3.01,,6.5,5.54,6.1,,,,,,3.8,,5.38
1960-10,,4.96,3.05,,6.3,5.56,6.1,,,,,,3.89,,5.38
1960-11,,5.2,3.04,,6.2,5.52,6.14,,,,,,3.93,,5.38
1960-12,,5.28,3.02,,6.2,5.49,6.17,,,,,,3.84,,5.38
1961-01,,5.27,2.96,,6.1,5.55,6.15,,,,,,3.84,,5.38
1961-02,,5.17,2.86,,6.0,5.64,6.0,,,,,,3.78,,5.62
1961-03,,5.14,2.84,,5.9,5.59,6.06,,,,,,3.74,,5.62
1961-04,,5.21,2.82,,5.7,5.5,6.03,,,,,,3.78,,5.62
1961-05,,5.17,2.86,,5.6,5.51,6.09,,,,,,3.71,,5.88
1961-06,,5.04,2.97,,5.6,5.47,6.34,,,,,,3.88,,5.88
1961-07,,4.95,3.13,,5.7,5.45,6.56,,,,,,3.92,,5.88
1961-08,,4.99,3.1,,5.9,5.43,6.69,,,,,,4.04,,5.88
1961-09,,4.98,2.97,,6.0,5.45,6.68,,,,,,3.98,,5.88
1961-10,,4.97,2.97,,6.0,5.53,6.11,,,,,,3.92,,5.88
1961-11,,4.87,3.01,,6.0,5.55,6.21,,,,,,3.94,,5.88
1961-12,,4.94,2.98,,6.0,5.56,6.25,,,,,,4.06,,5.88
1962-01,,4.96,2.96,,5.9,5.52,6.2,,,,,,4.08,,5.88
1962-02,,4.95,2.99,,5.7,5.62,6.27,,,,,,4.04,,5.88
1962-03,,4.88,3.1,,5.6,5.62,6.27,,,,,,3.93,,5.88
1962-04,,4.81,3.25,,5.6,5.48,6.28,,,,,,3.84,,5.88
1962-05,,4.89,3.14,,5.8,5.53,6.28,,,,,,3.87,,5.75
1962-06,,5.13,3.26,,5.9,5.4,6.19,,,,,,3.91,,5.62
1962-07,,5.41,3.19,,5.9,5.32,5.81,,,,,,4.01,,5.25
1962-08,,5.42,3.14,,6.0,5.33,5.62,,,,,,3.98,,5.0
1962-09,,5.38,3.11,,6.0,5.37,4.89,,,,,,3.98,,5.0
1962-10,,5.19,3.12,,6.2,5.34,5.05,,,,,,3.93,,5.0
1962-11,,5.06,3.11,,6.2,5.37,5.17,,,,,,3.92,,4.75
1962-12,,5.11,3.12,,6.1,5.31,5.14,,,,,,3.86,,4.75
1963-01,,5.1,3.14,,6.0,5.34,5.23,,,,,,3.83,,4.75
1963-02,,5.11,3.13,,6.0,5.36,5.43,,,,,,3.92,,4.75
1963-03,,5.11,3.1,,6.0,5.36,5.45,,,,,,3.93,,4.75
1963-04,,5.01,3.1,,6.0,5.29,5.29,,,,,,3.97,,4.75
1963-05,,4.95,3.14,,6.1,5.36,5.17,,,,,,3.93,,4.75
1963-06,,4.95,3.15,,6.1,5.28,5.08,,,,,,3.99,,4.75
1963-07,,5.06,3.22,,6.1,5.24,5.06,,,,,,4.02,,4.75
1963-08,,5.22,3.25,,6.1,5.28,4.96,,,,,,4.0,,4.75
1963-09,,5.22,3.33,,6.1,5.37,4.9,,,,,,4.08,,4.75
1963-10,,5.07,3.44,,6.1,5.41,4.97,,,,,,4.11,,4.75
1963-11,,5.14,3.42,,6.0,5.41,5.21,,,,,,4.12,,4.75
1963-12,,5.15,3.54,,6.0,5.36,5.24,,,,,,4.13,,4.75
1964-01,,5.17,3.64,,5.9,5.45,5.27,,,,,,4.17,,4.75
1964-02,,5.17,3.8,,5.9,5.44,5.45,,,,,,4.15,,4.75
1964-03,,5.22,3.89,,6.0,5.42,5.46,,,,,,4.22,,4.75
1964-04,,5.24,3.88,,6.2,5.46,5.49,,,,,,4.23,,4.75
1964-05,,5.2,4.02,,6.3,5.49,5.55,,,,,,4.2,,4.75
1964-06,,5.2,4.05,,6.3,5.47,5.64,,,,,,4.17,,4.75
1964-07,,5.21,4.04,,6.3,5.4,5.76,,,,,,4.19,,4.75
1964-08,,5.24,4.05,,6.3,5.4,5.75,,,,,,4.19,,4.75
1964-09,,5.22,4.05,,6.4,5.46,5.77,,,,,,4.2,,4.75
1964-10,,5.19,4.08,,6.4,5.5,5.84,,,,,,4.19,,4.75
1964-11,,5.09,4.08,,6.4,5.45,6.07,,,,,,4.15,,4.75
1964-12,,5.06,4.07,,6.4,5.45,6.38,,,,,,4.18,,5.0
1965-01,,4.98,4.04,,6.4,5.44,6.35,,,,,,4.19,,5.0
1965-02,,5.0,3.94,,6.5,6.31,6.36,,,,,,4.21,,5.0
1965-03,,5.09,3.91,,6.5,6.31,6.52,,,,,,4.21,,5.25
1965-04,,5.05,3.92,,6.6,6.32,6.6,,,,,,4.2,,5.5
1965-05,,5.08,3.92,,6.9,6.28,6.69,,,,,,4.21,,5.5
1965-06,,5.15,3.92,,7.1,6.27,6.73,,,,,,4.21,,5.5
1965-07,,5.24,3.92,,7.2,6.15,6.79,,,,,,4.2,,5.5
1965-08,,5.3,3.92,,7.3,6.16,6.68,,,,,,4.25,,6.0
1965-09,,5.3,3.94,,7.4,6.22,6.47,,,,,,4.29,,6.0
1965-10,,5.36,3.96,,7.5,6.34,6.43,,,,,,4.35,,6.0
1965-11,,5.42,3.98,,7.5,6.35,6.41,,,,,,4.45,,6.0
1965-12,,5.42,3.98,,7.7,6.28,6.59,,,,,,4.62,,6.0
1966-01,,5.41,3.98,,7.6,6.32,6.42,,,,,,4.61,,6.0
1966-02,,5.54,3.98,,7.6,6.37,6.55,,,,,,4.83,,6.0
1966-03,,5.63,3.98,,7.7,6.41,6.73,,,,,,4.87,,6.0
1966-04,,5.6,4.01,,8.0,6.44,6.7,,,,,,4.75,,6.0
1966-05,,5.6,4.02,,8.2,6.43,6.76,,,,,,4.78,,6.0
1966-06,,5.64,4.04,,8.4,6.72,7.0,,,,,,4.81,,6.0
1966-07,,5.72,4.16,,8.6,6.6,7.34,,,,,,5.02,,6.5
1966-08,,5.88,4.24,,8.6,6.66,7.49,,,,,,5.22,,6.5
1966-09,,5.79,4.27,,8.5,6.71,7.0,,,,,,5.18,,6.5
1966-10,,5.73,4.36,,8.4,6.76,6.92,,,,,,5.01,,6.5
1966-11,,5.82,4.4,,8.2,6.74,6.86,,,,,,5.16,,6.5
1966-12,,5.86,4.53,,7.7,6.79,6.63,,,,,,4.84,,6.5
1967-01,,5.62,4.74,,7.5,6.78,6.57,,,,,,4.58,,6.5
1967-02,,5.57,4.74,,7.4,6.73,6.4,,,,,,4.63,,6.5
1967-03,,5.5,4.72,,7.2,6.64,6.43,,,,,,4.54,,6.5
1967-04,,5.51,4.69,,6.9,6.72,6.37,,,,,,4.59,,6.5
1967-05,,5.72,4.68,,6.9,6.67,6.42,,,,,,4.85,,6.5
1967-06,,5.85,4.75,,6.9,6.71,6.64,,,,,,5.02,,6.5
1967-07,,5.85,4.6,,6.9,6.68,6.81,,,,,,5.16,,6.5
1967-08,,5.92,4.48,,6.8,6.63,6.71,,,,,,5.28,,6.5
1967-09,,6.05,4.32,,6.7,6.71,6.74,,,,,,5.3,,6.5
1967-10,,6.32,4.45,,6.7,6.69,6.9,,,,,,5.48,,6.5
1967-11,,6.39,4.52,,6.8,6.77,7.1,,,,,,5.75,,6.5
1967-12,,6.48,4.55,,6.8,6.75,7.31,,,,,,5.7,,6.5
1968-01,,6.49,4.59,,6.7,6.78,7.3,,,,,,5.53,,6.5
1968-02,,6.69,4.39,,6.7,6.77,7.27,,,,,,5.56,,6.5
1968-03,,6.88,4.35,,6.7,6.77,7.3,,,,,,5.74,,6.5
1968-04,,6.61,4.37,,6.6,6.73,7.27,,,,,,5.64,,6.5
1968-05,,6.81,4.35,,6.4,6.98,7.36,,,,,,5.87,,6.5
1968-06,,6.74,4.34,,6.4,7.01,7.61,,,,,,5.72,,6.5
1968-07,,6.6,4.35,,6.4,6.94,7.69,,,,,,5.5,,6.5
1968-08,,6.45,4.35,,6.3,6.9,7.55,,,,,,5.42,,6.5
1968-09,,6.51,4.34,,6.3,6.93,7.5,,,,,,5.46,,6.5
1968-10,,6.8,4.38,,6.3,6.95,7.52,,,,,,5.58,,6.5
1968-11,,6.93,4.33,,6.3,7.23,7.73,,,,,,5.7,,6.5
1968-12,,7.19,4.33,,6.3,7.42,8.01,,,,,,6.03,,6.5
1969-01,,7.23,4.38,,6.3,7.56,8.26,,,,,,6.04,,6.5
1969-02,,7.16,4.4,,6.3,7.87,8.4,,,,,,6.19,,6.5
1969-03,,7.24,4.6,,6.4,8.1,8.66,,,,,,6.3,,6.5
1969-04,,7.23,4.67,,6.5,8.08,8.65,,,,,,6.17,,6.5
1969-05,,7.38,4.58,,6.5,8.12,8.97,,,,,,6.32,,6.5
1969-06,,7.55,4.69,,6.7,8.18,9.29,,,,,,6.57,,6.5
1969-07,5.8,7.54,5.0,,6.9,8.16,8.98,,,,,,6.72,,6.5
1969-08,5.79,7.51,5.2,,6.9,8.21,9.02,,,,,,6.69,,6.5
1969-09,5.81,7.72,5.37,,7.2,8.27,9.06,,,,,,7.16,,6.5
1969-10,5.83,7.84,5.23,,7.4,8.44,8.84,,,,,,7.1,,6.5
1969-11,5.85,8.03,5.34,,7.4,8.51,8.92,,,,,,7.14,,6.5
1969-12,5.95,8.27,5.34,,7.6,8.63,8.91,,,,,,7.65,,6.5
1970-01,5.95,8.34,5.33,,7.6,8.74,8.89,,,,5.54,,7.79,,6.5
1970-02,5.96,8.21,5.55,,7.8,8.84,8.68,,,,5.53,,7.24,,6.5
1970-03,6.05,8.05,5.66,,8.1,8.76,8.54,,,,5.54,,7.07,,6.5
1970-04,6.94,7.88,5.88,,8.1,8.63,8.55,,,,5.55,,7.39,,6.5
1970-05,6.85,8.18,5.86,,8.4,8.62,8.8,,,,5.53,,7.91,,7.0
1970-06,6.86,8.06,5.87,,8.7,8.55,8.85,,,,5.5,,7.84,,7.0
1970-07,6.89,7.97,5.81,,8.7,8.46,8.5,,,,5.47,,7.46,,7.0
1970-08,6.87,7.99,5.76,,8.4,8.39,8.33,,,,5.47,,7.53,,7.75
1970-09,6.87,7.92,5.74,,8.5,8.48,8.43,,,,5.49,,7.39,,7.75
1970-10,6.88,7.93,5.75,,8.7,8.47,8.42,,,,5.49,,7.33,,7.75
1970-11,6.83,7.8,5.68,,8.6,8.41,8.69,,,,5.49,,6.84,,7.75
1970-12,6.81,7.26,5.7,,8.2,8.26,8.93,,,,5.49,,6.39,,7.75
1971-01,6.85,6.69,5.58,,7.7,8.33,8.8,,,,5.51,,6.24,,7.75
1971-02,6.85,6.81,5.52,,7.7,8.4,8.59,,,,5.51,,6.11,,7.75
1971-03,6.84,6.8,5.44,,7.9,8.42,8.34,,,,5.51,,5.7,,8.5
1971-04,6.85,6.83,5.27,,7.9,8.43,8.21,,,,5.51,,5.83,,8.5
1971-05,6.82,7.19,5.32,,8.0,8.46,8.09,,,,5.51,,6.39,,8.5
1971-06,6.83,7.25,5.38,,8.2,8.45,8.14,,,,5.51,,6.52,,8.5
1971-07,6.81,7.41,5.45,,8.3,8.48,7.71,,,,5.52,,6.73,,8.5
1971-08,6.82,7.34,5.31,,8.3,8.44,7.69,,,,5.53,,6.58,,8.5
1971-09,6.78,7.0,5.1,,8.1,8.46,7.47,,,,5.52,,6.14,,8.5
1971-10,6.58,6.82,4.97,,8.0,8.46,7.24,,,,5.52,,5.93,,8.5
1971-11,6.38,6.66,4.86,,7.9,8.45,7.05,,,,5.52,,5.81,,8.5
1971-12,6.15,6.54,4.99,,7.9,8.28,7.09,,,,5.53,,5.93,,8.5
1972-01,6.14,6.66,4.76,,7.6,8.41,7.03,,,,5.53,,5.95,,8.5
1972-02,5.84,6.87,4.6,,7.3,8.33,7.05,,,,5.53,,6.08,,8.5
1972-03,5.84,7.07,4.77,,7.4,8.07,7.39,,,,5.53,,6.07,,8.5
1972-04,5.85,7.32,4.94,,7.7,7.92,7.44,,,,5.53,,6.19,,8.5
1972-05,5.85,7.33,4.93,,7.8,7.9,7.85,,,,5.52,,6.13,,8.5
1972-06,5.85,7.39,5.06,,7.9,7.83,8.95,,,,5.52,,6.11,,8.5
1972-07,5.8,7.48,4.95,,8.0,7.8,8.9,,,,5.45,,6.11,,8.5
1972-08,5.75,7.46,4.93,,7.9,7.86,9.05,,,,5.54,,6.21,,8.25
1972-09,5.75,7.48,4.98,,7.9,7.83,9.29,,,,5.54,,6.55,,8.12
1972-10,5.77,7.34,5.08,,8.0,7.91,9.1,,,,5.52,,6.48,,8.12
1972-11,5.76,7.18,5.29,,8.4,8.02,9.09,,,,5.53,,6.28,,8.12
1972-12,5.78,7.12,5.27,,8.6,8.28,9.36,,,,5.54,,6.36,,8.13
1973-01,5.69,7.12,5.36,,8.6,8.33,9.17,,,,5.54,,6.46,,8.12
1973-02,5.76,7.18,5.32,,8.6,8.38,9.33,,,,5.53,,6.64,,8.12
1973-03,5.8,7.3,5.29,,8.6,8.53,9.78,,,,5.55,,6.71,,7.75
1973-04,6.12,7.34,5.42,,8.8,8.62,9.66,,,,5.55,,6.67,,7.75
1973-05,6.2,7.58,5.37,,9.2,8.69,9.74,,,,5.55,,6.85,,7.75
1973-06,6.72,7.76,5.36,,9.9,8.88,9.88,,,,5.66,,6.9,,7.75
1973-07,6.74,7.75,5.36,,9.9,9.15,10.43,,,,5.99,,7.13,,7.75
1973-08,6.73,7.8,5.65,,9.8,9.33,11.22,,,,6.01,,7.4,,7.75
1973-09,8.38,7.82,5.79,,9.6,9.42,11.48,,,,6.03,,7.09,,7.75
1973-10,8.35,7.63,5.77,,9.7,9.5,11.29,,,,6.02,,6.79,,7.75
1973-11,8.35,7.37,6.13,,9.4,9.5,12.08,,,,6.05,,6.73,,7.75
1973-12,8.36,7.69,6.31,,9.6,9.65,12.64,,,,6.08,,6.74,,8.0
1974-01,8.36,7.74,6.38,,9.6,10.21,13.0,,,,6.06,,6.99,,8.25
1974-02,8.36,7.73,6.59,,9.9,10.48,13.46,,,,6.04,,6.96,,8.25
1974-03,8.37,7.92,7.09,,10.5,10.69,13.51,,,,6.04,,7.21,,8.25
1974-04,8.38,8.59,7.23,,10.4,10.7,13.82,,,,6.05,,7.51,,8.25
1974-05,8.45,8.87,7.3,,10.6,10.8,13.33,,,,6.05,,7.58,,8.25
1974-06,9.52,9.26,7.28,,10.7,11.45,13.81,,,,6.14,,7.54,,8.5
1974-07,9.5,9.66,7.23,,10.8,11.4,14.17,,,,6.12,,7.81,,9.25
1974-08,9.5,9.73,7.36,,10.8,11.4,14.52,,,,6.09,,8.04,,9.75
1974-09,9.5,9.76,7.41,,10.8,11.38,14.17,,,,6.08,,8.04,,9.75
1974-10,9.5,9.42,7.32,,10.8,11.14,14.61,,,,6.1,,7.9,,9.75
1974-11,9.5,8.92,7.19,,10.5,11.17,15.76,,,,6.11,,7.68,,9.75
1974-12,9.5,8.84,7.17,,9.9,11.21,16.32,,,,6.11,,7.43,,9.5
1975-01,9.4,8.42,6.83,,9.4,10.9,15.07,,,,6.11,,7.5,,9.5
1975-02,9.5,8.2,6.66,,8.9,10.69,13.33,,,,6.11,,7.39,,9.5
1975-03,9.5,8.26,6.79,,8.9,10.34,12.24,,,,6.1,,7.73,,9.5
1975-04,9.5,8.73,6.87,,8.8,10.36,12.42,,,,6.1,,8.23,,9.5
1975-05,9.5,8.81,6.76,,8.6,10.31,13.11,,,,6.1,,8.06,,9.5
1975-06,9.5,8.8,6.51,,8.4,10.21,12.99,,,,6.11,,7.86,,9.5
1975-07,10.0,9.06,6.45,,8.5,10.2,12.75,,,,6.1,,8.06,,9.5
1975-08,10.0,9.41,6.18,,8.5,10.11,12.77,,,,6.63,,8.4,,10.0
1975-09,10.0,9.7,6.21,,8.5,10.1,12.76,,,,6.63,,8.43,,10.0
1975-10,10.0,9.54,6.08,,8.5,10.15,13.51,,,,6.63,,8.14,,10.0
1975-11,10.0,9.45,5.96,,8.6,10.19,13.66,,,,6.64,,8.05,,10.0
1975-12,10.0,9.54,5.93,,8.5,10.18,13.57,,,,6.66,,8.0,,10.0
1976-01,10.02,9.39,5.4,,8.3,10.16,12.64,,,,6.92,,7.74,,10.17
1976-02,10.0,9.29,5.29,,8.2,10.16,12.13,,,,6.92,,7.79,,10.02
1976-03,9.99,9.47,5.14,,7.9,10.29,12.55,,,,8.6,,7.73,,9.92
1976-04,10.0,9.33,5.19,,7.9,10.24,12.47,,,,8.6,,7.56,,9.99
1976-05,10.0,9.33,5.21,,8.1,10.19,12.37,,,,8.6,,7.9,,10.01
1976-06,9.99,9.32,5.12,,8.2,10.37,13.45,,,,8.6,,7.86,,10.04
1976-07,10.0,9.35,5.09,,8.4,10.51,13.56,,,,8.58,,7.83,,10.02
1976-08,9.99,9.32,4.99,,8.3,10.61,13.67,,,,8.58,,7.77,,10.5
1976-09,9.99,9.14,4.89,,8.1,10.66,14.18,,,,8.58,,7.59,,11.24
1976-10,9.98,9.13,4.6,,8.0,10.95,15.67,,,,8.72,,7.41,,11.23
1976-11,10.0,9.01,4.41,,7.6,10.94,15.46,,,,8.7,,7.29,,11.1
1976-12,10.41,8.67,4.46,,7.4,11.04,15.17,,,,8.7,,6.87,,11.0
1977-01,10.4,8.5,4.05,,7.2,10.66,14.07,,,,8.7,,7.21,,11.17
1977-02,10.4,8.57,3.97,,7.2,10.72,13.34,,,,8.7,,7.39,,11.11
1977-03,10.4,8.76,3.95,,7.0,10.88,12.44,,,,8.71,,7.46,,11.08
1977-04,10.4,8.8,3.93,,6.6,11.12,12.18,,,,8.71,,7.37,,11.26
1977-05,10.41,8.81,4.44,,6.5,11.19,11.86,,,,8.71,,7.46,,11.05
1977-06,10.41,8.74,4.49,,6.6,11.11,12.52,,,,8.53,,7.28,,11.1
1977-07,10.41,8.72,4.22,,6.4,11.07,12.87,,,,8.53,,7.33,,11.03
1977-08,10.41,8.67,4.08,,6.2,11.0,12.29,,,,9.98,,7.4,,11.11
1977-09,10.18,8.57,3.94,,6.2,10.97,11.03,,,,10.05,,7.34,,10.9
1977-10,10.01,8.69,3.85,,6.2,11.01,10.31,,,,10.33,,7.52,,10.9
1977-11,9.79,8.73,3.84,,6.2,11.1,10.72,,,,9.92,,7.58,,10.7
1977-12,9.5,8.76,3.78,,6.1,11.07,10.7,,,,10.0,,7.69,,10.69
1978-01,9.36,8.98,3.65,,5.9,11.25,10.61,,,,10.0,,7.96,,10.88
1978-02,9.2,9.12,3.45,,5.8,11.36,10.39,,,,9.98,,8.03,,10.8
1978-03,9.2,9.15,3.49,,5.7,11.07,11.2,,,,10.0,,8.04,,10.75
1978-04,9.17,9.23,3.4,,5.7,10.75,11.91,,,,9.99,,8.15,,10.67
1978-05,9.1,9.16,3.48,,5.9,10.76,12.28,,,,9.99,,8.35,,10.58
1978-06,9.1,9.23,3.39,,6.0,10.6,12.48,,,,9.99,,8.46,,10.57
1978-07,9.1,9.19,3.37,,6.2,10.49,12.37,,,,9.79,,8.64,,10.57
1978-08,9.0,9.13,3.31,,6.4,10.4,12.23,,,,9.99,,8.41,,10.34
1978-09,9.0,9.16,3.25,,6.3,10.37,12.38,,,,9.97,,8.42,,10.2
1978-10,8.89,9.3,3.07,,6.4,10.21,12.72,,,,10.01,,8.64,,9.89
1978-11,8.8,9.55,3.03,,6.6,10.14,13.09,,,,10.02,,8.81,,9.78
1978-12,8.8,9.63,3.03,,6.7,9.94,13.12,,,,10.02,,9.01,,9.72
1979-01,8.85,9.83,3.11,,6.8,9.68,13.55,,,,10.1,,9.1,,9.34
1979-02,9.0,9.91,3.08,,7.1,9.77,13.99,,,,10.05,,9.1,,9.07
1979-03,9.35,9.92,3.22,,7.2,9.65,12.08,,,,10.02,,9.12,,9.11
1979-04,9.65,9.76,3.21,,7.3,9.64,11.39,,,,12.64,,9.18,,9.1
1979-05,9.7,9.76,3.18,,7.8,9.96,11.75,,,,12.95,,9.25,,9.35
1979-06,10.0,9.74,3.45,,8.0,10.71,12.56,,,,12.64,,8.91,,9.35
1979-07,10.07,9.76,3.49,,7.9,11.25,12.34,,,,12.08,,8.95,,9.49
1979-08,10.07,10.01,3.51,,7.6,11.67,12.26,,,,12.35,,9.03,,9.33
1979-09,10.07,10.29,3.5,,7.5,11.56,12.56,,,,,,9.33,,9.17
1979-10,10.07,10.85,3.6,,7.7,11.6,13.09,,,,13.0,,10.3,,9.15
1979-11,10.08,11.12,4.04,,8.0,12.09,14.76,,,,12.96,,10.65,,9.34
1979-12,10.08,11.2,4.04,,7.9,12.59,15.02,,,,12.98,,10.39,,9.32
1980-01,10.45,11.69,4.48,,8.0,12.52,14.41,,,,13.44,,10.8,,9.24
1980-02,10.55,12.61,4.72,,8.4,14.11,14.74,,,,13.45,,12.41,,9.26
1980-03,11.2,13.22,5.1,,9.4,14.44,14.93,,,,13.57,,12.75,,9.26
1980-04,11.73,12.56,4.97,,9.4,13.95,14.42,,,,13.47,,11.47,,9.41
1980-05,11.78,11.4,4.82,,8.3,13.49,14.11,,,,13.44,,10.18,,9.53
1980-06,11.76,11.28,4.72,,8.1,13.34,13.78,,,,13.49,,9.78,,9.54
1980-07,11.78,11.6,4.6,,7.9,13.43,13.08,,,,13.4,,10.25,,9.85
1980-08,11.82,12.38,4.87,,7.8,13.46,13.7,,,,13.25,,11.1,,10.08
1980-09,11.78,12.59,4.87,,8.1,13.85,13.47,,,,12.98,,11.51,,10.4
1980-10,11.9,12.76,4.69,,8.3,14.27,13.2,,,,12.96,,11.75,,11.11
1980-11,12.42,13.03,4.68,,8.6,14.24,13.34,,,,12.96,,12.68,,11.54
1980-12,12.6,12.94,4.63,,8.8,14.31,13.78,,,,12.99,,12.84,,11.81
1981-01,13.1,12.82,4.79,,9.0,14.58,13.97,,,,12.81,,12.57,,12.48
1981-02,13.1,13.3,5.2,,9.8,15.05,13.84,,,,12.97,,13.19,,12.73
1981-03,13.1,13.37,5.47,,10.2,14.98,13.66,,,,12.88,,13.12,,12.75
1981-04,13.1,14.25,5.48,,10.0,14.97,13.66,,,,12.85,,13.68,,12.69
1981-05,13.1,15.34,5.85,,10.5,17.25,14.4,,,,12.85,,14.1,,13.05
1981-06,13.1,14.76,5.62,,10.5,17.32,14.69,,,,12.9,,13.47,,13.03
1981-07,13.9,15.89,5.51,,10.5,17.11,15.28,,,,12.9,,14.28,,13.02
1981-08,15.0,16.45,5.84,,10.7,17.03,15.23,,,,13.02,,14.94,,13.1
1981-09,15.0,17.0,6.13,,10.6,17.08,15.81,,,,12.77,,15.32,,13.22
1981-10,15.0,16.76,5.99,,10.2,16.94,16.34,,,,12.57,,15.15,,13.21
1981-11,15.0,14.93,5.57,,9.9,16.75,15.72,,,,12.92,,13.39,,13.24
1981-12,15.0,15.0,5.39,,9.7,16.44,16.0,,,,12.55,,13.72,,13.33
1982-01,15.0,15.82,5.35,,9.8,16.42,15.94,,,,12.78,,14.59,,13.93
1982-02,15.1,15.66,5.49,,9.7,16.29,15.09,,,,12.78,,14.43,,14.2
1982-03,15.15,14.95,4.96,,9.4,16.35,14.01,,,,12.98,,13.86,,14.3
1982-04,15.2,14.93,4.84,,8.9,16.29,14.2,,,,12.92,,13.87,,14.22
1982-05,16.4,14.7,4.77,,8.7,16.13,13.89,,,,12.97,,13.62,,14.15
1982-06,16.4,15.96,5.05,,9.1,15.98,13.75,,,,12.99,,14.3,,14.49
1982-07,16.4,16.1625,4.73,,9.3,15.96,13.35,,,,12.97,,13.95,,14.7
1982-08,16.5,14.9625,4.35,,9.0,15.79,12.21,,,,12.73,,13.06,,14.09
1982-09,15.2,13.926,4.08,,8.6,15.76,11.51,,,,12.94,,12.34,,12.72
1982-10,14.55,12.735,3.9,,8.3,15.81,10.69,,,,12.82,,10.91,,12.19
1982-11,14.6,11.77,3.87,,8.2,15.79,10.8,,,,13.0,,10.55,,11.8
1982-12,14.0,11.648,3.79,,7.9,15.4,11.58,,,,12.84,,10.54,,11.31
1983-01,13.0,11.365,3.86,,7.8,14.99,11.87,,,,12.77,,10.46,,10.58
1983-02,13.6,11.4325,3.86,,7.8,14.9,11.79,,,,12.95,,10.72,,11.4
1983-03,14.4,11.186,4.14,,7.6,14.65,11.38,,,,12.69,,10.51,,12.25
1983-04,14.1,11.0675,4.06,,7.7,14.55,11.06,,,,13.95,,10.4,,11.99
1983-05,13.1,10.71,4.18,,7.8,14.55,11.16,,,,14.0,,10.38,,12.25
1983-06,14.7,11.046,4.28,,8.2,14.52,10.99,,,,13.59,,10.85,,13.12
1983-07,14.8,11.5675,4.2,,8.2,14.04,11.53,,,,14.02,,11.38,,13.29
1983-08,14.7,11.79,4.45,,8.4,13.96,11.72,,,,10.41,,11.85,,13.4
1983-09,14.15,11.77,4.39,,8.5,14.03,11.25,,,,10.13,,11.65,,13.14
1983-10,13.4,11.5475,4.26,,8.3,14.15,11.02,,,,10.57,,11.54,,13.29
1983-11,13.2,11.516,4.25,,8.3,14.12,10.68,,,,10.61,,11.69,,13.63
1983-12,13.5,11.785,4.16,,8.4,13.96,10.77,,,,10.5,,11.83,,13.64
1984-01,13.5,11.7175,4.31,,8.4,13.76,10.77,,,,10.84,,11.67,,14.13
1984-02,14.0,11.872,4.39,,8.2,13.87,10.87,,,,11.53,,11.84,,13.8
1984-03,14.1,12.8425,4.377,,8.1,13.98,10.66,,,,10.44,,12.32,,13.78
1984-04,13.9,13.235,4.471,,8.1,13.81,10.85,,,,8.91,,12.63,,14.46
1984-05,14.15,13.64,4.635,,8.2,13.82,11.38,,,,8.55,,13.41,,14.86
1984-06,13.75,13.6675,4.529,,8.2,13.99,11.59,,,,10.06,,13.56,,14.72
1984-07,13.15,13.73,4.66,,8.2,13.91,12.07,,,,10.25,,13.36,,15.43
1984-08,12.8,12.912,4.618,,8.1,13.58,11.41,,,,15.03,,12.72,,16.0
1984-09,13.1,12.7675,4.68,,7.8,13.05,11.23,,,,15.31,,12.52,,16.6
1984-10,13.2,12.544,4.74,,7.6,12.02,11.1,,,,16.65,,12.16,,16.47
1984-11,13.25,11.93,4.622,,7.4,12.36,10.73,,,,16.9,,11.57,,16.21
1984-12,13.4,11.6625,4.603,,7.2,12.7,10.87,,,,16.85,,11.5,,16.26
1985-01,13.1,11.406,4.706,,7.3,12.12,11.36,,,12.5,17.1,,11.38,,16.88
1985-02,13.7,11.855,4.93,,7.6,12.25,11.49,,,12.74,17.35,,11.51,,17.42
1985-03,13.8,12.16,4.866,,7.7,12.27,11.33,,,12.81,17.43,,11.86,,17.3
1985-04,13.95,11.545,4.761,,7.4,11.98,11.07,,,12.87,17.73,,11.43,,16.56
1985-05,13.8,11.074,4.737,,7.2,11.72,11.23,,,12.87,18.71,,10.85,,16.25
1985-06,13.5,10.515,4.776,,7.1,12.12,11.03,,,12.92,17.24,,10.16,,15.48
1985-07,13.4,10.594,4.779,,6.9,11.87,10.77,,,13.01,17.3,,10.31,,15.34
1985-08,13.95,10.595,4.686,,6.7,11.96,10.69,,,13.0,17.83,,10.33,,16.15
1985-09,13.8,10.7925,4.65,,6.5,11.97,10.68,,,12.99,18.27,,10.37,,16.75
1985-10,14.55,10.668,4.575,,6.7,11.59,10.52,,,12.97,18.62,,10.24,,17.34
1985-11,15.05,10.0175,4.514,,6.8,11.22,10.69,,,13.0,17.38,,9.78,,17.94
1985-12,14.85,9.72,4.421,,6.6,11.33,10.78,,,13.26,16.93,,9.26,,18.09
1986-01,14.1,10.042,4.414,,6.5,10.79,11.13,,,13.49,17.98,,9.19,,17.62
1986-02,13.7,9.9675,4.258,,6.4,10.1,10.73,,,13.48,18.48,,8.7,,17.18
1986-03,12.6,9.4025,4.173,,6.1,9.29,9.69,,,13.37,17.87,,7.78,,17.29
1986-04,12.25,8.848,4.261,,5.7,8.56,8.94,,,13.05,17.64,,7.3,,17.36
1986-05,12.65,8.9325,4.396,,6.1,8.58,9.15,,,13.02,15.65,,7.71,,17.11
1986-06,12.95,9.12,4.426,,6.2,8.65,9.45,,,13.27,15.07,,7.8,,17.38
1986-07,14.2,8.872,4.317,,6.1,8.55,9.61,,,13.35,15.94,,7.3,,16.4
1986-08,14.1,8.825,4.117,,5.9,8.05,9.66,,,13.35,16.07,,7.17,,14.89
1986-09,13.85,9.0025,4.18,,6.0,8.51,10.28,,,13.21,15.64,,7.45,,14.5
1986-10,13.6,9.166,4.078,,6.3,8.97,10.92,,,13.12,15.25,,7.43,,15.76
1986-11,13.6,8.9025,4.088,,6.4,9.49,11.08,,,13.25,15.58,,7.25,,15.64
1986-12,13.4,8.666,4.051,,6.2,9.89,10.98,,,13.63,16.2,,7.11,,15.26
1987-01,13.8,8.33,3.93,,6.1,8.859048,10.27,,,13.55,16.0,,7.08,,15.14
1987-02,14.0,8.4575,4.006,,6.1,9.2095,9.97,,,13.41,16.44,,7.25,,15.38
1987-03,13.45,8.2825,4.037,,6.0,8.691363,9.11,,,13.4,16.76,,7.25,,14.96
1987-04,13.05,8.828,4.035,,5.8,8.631,9.14,,,13.38,16.0,,8.02,,15.18
1987-05,13.0,9.5925,4.069,,5.7,8.884286,8.8,,,13.43,15.7,,8.61,,15.55
1987-06,12.8,9.3325,4.015,,6.0,9.289524,8.93,,,13.46,15.49,,8.4,,15.6
1987-07,12.95,9.574,3.981,,6.3,9.365714,9.29,,,13.43,15.58,,8.45,,15.5
1987-08,12.95,10.095,4.059,,6.5,9.811905,10.13,,,13.27,15.65,,8.76,,15.09
1987-09,12.5,10.722,4.328,,6.7,10.23227,10.21,,,12.77,15.67,,9.42,,15.15
1987-10,13.65,10.4375,4.121,,6.9,10.74545,10.14,,,12.95,15.65,,9.52,,15.24
1987-11,13.3,9.875,3.86,,6.4,10.02105,9.23,,,13.27,15.17,,8.86,,15.31
1987-12,12.85,10.122,3.952,,6.5,10.00238,9.63,,,13.34,14.41,,8.99,,15.46
1988-01,12.4,9.715,3.943,,6.5,9.8305,9.71,,,13.38,14.13,,8.67,,16.14
1988-02,12.3,9.2,3.928,,6.3,9.134762,9.52,,,13.33,13.66,,8.21,,16.53
1988-03,11.9,9.422,3.924,,6.2,9.276957,9.22,,,13.25,13.05,,8.37,,16.62
1988-04,11.5,9.6925,3.772,,6.3,9.2,9.2,,,13.18,12.95,,8.72,,16.45
1988-05,12.3,9.9425,3.981,,6.6,9.249091,9.41,,,13.06,12.78,,9.09,,16.44
1988-06,11.95,9.722,4.013,,6.6,8.936818,9.51,,,12.81,12.81,,8.92,,16.13
1988-07,11.95,9.9,4.189,,6.7,8.941428,9.84,,,12.75,12.69,,9.06,,16.09
1988-08,11.8,10.242,4.181,,6.8,9.207727,9.91,,,12.85,12.74,,9.26,,16.08
1988-09,11.95,10.15,4.102,,6.6,9.011818,10.1,,,12.9,12.76,,8.98,,16.03
1988-10,11.9,9.8475,3.982,,6.4,8.769524,9.69,,,12.78,12.82,,8.8,,16.47
1988-11,12.35,10.02,4.11,,6.4,8.748571,9.86,,,12.49,13.2,,8.96,,16.77
1988-12,12.95,10.1175,4.112,,6.5,8.701364,10.14,,,11.97,13.8,,9.11,,16.71
1989-01,13.3,10.1425,4.581,,6.7,8.582106,9.96,4.8,,11.33,13.38,,9.09,,16.64
1989-02,13.65,10.1925,4.792,,6.9,9.033334,9.72,4.894,,10.77,13.1,,9.17,,16.64
1989-03,13.65,10.562,4.88,,7.0,9.09619,9.88,5.147,,10.79,13.23,,9.36,,16.92
1989-04,13.4,10.315,5.108,,6.9,8.8425,10.18,5.221,,10.78,13.3,,9.18,,17.22
1989-05,13.9,9.912,5.357,,7.1,8.7955,10.17,5.174,,10.59,13.22,,8.86,,17.38
1989-06,13.5,9.43,5.121,,6.9,8.687727,10.55,5.225,,10.77,13.1,,8.28,,17.24
1989-07,13.35,9.34,5.179,,6.8,8.578421,10.15,5.04,,10.83,12.95,,8.02,,17.19
1989-08,12.95,9.316,5.276,,6.8,8.37619,9.91,4.883,,10.83,12.23,,8.11,,17.04
1989-09,13.65,9.545,5.398,,7.0,8.558095,10.21,5.096,,10.62,12.23,,8.19,,16.83
1989-10,13.55,9.5275,5.414,,7.2,8.822272,10.45,5.156,,10.66,12.46,,8.01,,16.94
1989-11,13.1,9.494,5.514,,7.5,9.061905,10.55,5.371,,10.95,12.31,,7.87,,16.92
1989-12,12.9,9.59,5.748,,7.5,9.1185,10.56,5.52,,10.99,12.44,,7.84,,15.85
1990-01,12.8,9.748,6.165,,7.63,9.550454,10.89,6.449,,10.72,12.26,,8.21,,15.49
1990-02,13.3,10.1925,6.452,,8.43,10.03,11.33,6.778,,10.57,12.1,,8.47,,15.61
1990-03,13.44,10.74,6.584,,8.67,10.01318,12.42,6.899,,10.7,12.21,,8.59,,15.66
1990-04,13.78,11.345,6.691,,8.7,9.623684,12.74,6.906,,10.94,12.38,,8.79,,16.16
1990-05,13.51,11.322,6.319,,8.74,9.565,12.41,6.508,,10.8,12.34,,8.76,,16.166
1990-06,13.4,10.755,6.166,,8.82,9.7245,11.8,6.421,,10.76,12.16,,8.48,,16.67
1990-07,13.16,10.6725,6.079,,8.58,9.59,11.84,6.772,,10.66,12.08,,8.47,,16.418
1990-08,13.49,10.64,6.583,,8.9,10.11591,12.15,7.62,,10.58,12.71,,8.75,,16.269
1990-09,13.63,10.8025,6.544,,9.09,10.475,12.1,8.032,,10.57,12.87,,8.89,,16.417
1990-10,13.35,11.27,6.527,,9.09,10.37609,11.74,7.6,,10.61,12.92,,8.72,,16.56
1990-11,12.23,10.705,6.607,,8.95,10.20318,11.37,7.08,,10.64,12.96,,8.39,,16.43
1990-12,12.07,10.305,6.676,,8.85,9.918333,10.84,6.454,,10.61,12.35,,8.08,,15.96
1991-01,11.52,10.206,6.429512,,8.94,9.8,10.59,6.432,,10.57,12.14,,8.09,,16.0
1991-02,11.53,9.6775,6.259196,,8.42,9.142,10.13,6.309,,10.45,11.46,,7.85,,15.58
1991-03,11.38,9.6325,6.149453,,8.41,9.061,10.29,6.591,,10.4,11.29,,8.11,,15.64
1991-04,10.98,9.4975,6.062965,,8.39,8.893809,10.19,6.64,,10.17,10.79,,8.04,,15.83
1991-05,10.75,9.574,5.793477,,8.39,8.867369,10.38,6.637,,9.89,9.99,,8.07,,16.01
1991-06,11.17,9.815,5.975621,,8.39,9.12,10.58,6.735,,9.77,9.8,,8.28,,16.31
1991-07,10.99,10.006,6.025197,,8.61,9.164783,10.28,6.67,,9.75,9.76,,8.27,,16.43
1991-08,10.67,9.77,6.170845,,8.56,9.0915,10.03,6.414,,9.71,9.93,,7.9,,16.79
1991-09,10.31,9.58,6.243027,,8.45,8.881429,9.64,6.081,,9.75,9.44,,7.65,,16.84
1991-10,9.82,9.116,6.763309,,8.36,8.798696,9.72,5.885,,9.88,8.89,,7.53,,17.21
1991-11,9.78,8.62,6.648876,,8.34,8.834737,9.77,5.927,,9.83,8.86,,7.42,,16.83
1991-12,9.39,8.53,6.354408,,8.24,8.804762,9.66,5.719,,9.79,8.97,,7.09,,16.66
1992-01,10.11,8.13,6.196381,,7.98,8.452609,9.46,5.449,,9.52,8.98,,7.03,,16.65
1992-02,10.04,8.345,6.157865,,7.92,8.495,9.3,5.578,,9.32,9.32,,7.34,,16.86
1992-03,9.89,8.63,6.569022,,8.0,8.641818,9.68,5.531,,9.34,9.06,,7.54,,16.41
1992-04,9.43,8.756,6.575747,,8.04,8.6975,9.43,5.71,,9.38,8.96,,7.48,,16.26
1992-05,9.12,8.6375,6.884722,,8.08,8.568889,9.02,5.739,,9.37,8.78,,7.39,,15.97
1992-06,8.9,8.3425,6.977725,,8.06,8.740477,9.12,5.64,,9.46,8.61,,7.26,,15.98
1992-07,8.3,7.92,6.958719,,8.12,8.911428,9.05,5.408,,9.55,7.97,,6.84,,15.29
1992-08,8.97,7.2975,6.875874,,8.08,9.04381,9.35,5.112,,9.87,7.87,,6.59,,14.38
1992-09,8.94,7.41,6.303462,,7.71,8.742272,9.19,5.021,,10.24,7.93,,6.42,,14.18
1992-10,8.86,7.765,5.87507,,7.47,8.425,8.65,5.015,,10.2,7.83,,6.59,,13.86
1992-11,9.14,7.7325,5.930874,,7.38,8.131579,8.19,4.868,,9.61,7.69,,6.87,,14.54
1992-12,8.94,7.872,5.4755,,7.33,8.204091,8.32,4.848,,9.42,7.82,,6.77,,14.9
1993-01,8.6,7.93,5.369981,,7.15,7.917,8.29,4.723,,8.93,7.86,,6.6,,14.65
1993-02,7.98,7.8375,4.932656,,6.94,7.7705,7.95,4.409,,8.39,7.79,,6.26,,14.36
1993-03,7.82,7.436,4.671634,,6.66,7.334783,7.72,4.318,,7.67,7.45,,5.98,,14.49
1993-04,7.55,7.455,4.795454,,6.68,7.152,7.89,4.593,,7.4,7.32,,5.97,,15.03
1993-05,7.71,7.5625,4.701289,,6.83,7.177778,8.15,4.943,,7.12,7.27,,6.04,,14.92
1993-06,7.37,7.474,4.544234,,6.81,6.954091,7.96,4.836,,6.81,7.33,,5.96,,14.68
1993-07,6.88,7.245,4.487945,,6.62,6.761428,7.62,4.517,,6.65,6.94,,5.81,,14.24
1993-08,6.64,7.09,4.445062,,6.41,6.310476,7.07,4.407,,6.16,6.55,,5.68,,13.85
1993-09,6.84,6.822,4.349373,,6.2,6.131818,6.96,4.016,,6.1,6.27,,5.36,,13.29
1993-10,6.49,6.8175,4.135904,,6.0,5.958095,6.87,3.931,,5.9,6.12,,5.33,,13.07
1993-11,6.81,6.8175,4.141039,,5.98,6.035,6.85,3.762,,5.75,6.23,,5.72,,12.69
1993-12,6.68,6.752,4.053852,,5.85,5.796957,6.4253,3.396,,5.69,6.08,,5.77,,12.34
1994-01,6.36,6.5175,4.081263,,5.8,5.668571,6.3794,3.597,,5.56,5.69,,5.75,,12.21
1994-02,7.05,6.535,4.338178,,6.07,5.942,6.7572,4.041,,5.55,5.81,,5.97,,12.8
1994-03,7.95,7.246,4.501833,,6.34,6.373913,7.417,4.453,,6.11,6.29,,6.48,,12.99
1994-04,8.44,8.055,4.759236,,6.48,6.68579,7.8401,4.093,,6.59,7.01,,6.97,,13.24
1994-05,8.79,8.2875,4.823728,,6.66,6.967,8.2825,3.984,,7.23,7.19,,7.18,,13.76
1994-06,9.63,8.832,5.142416,,7.05,7.485455,8.7105,4.278,,8.08,7.48,,7.1,,14.46
1994-07,9.57,9.105,5.075263,,6.9,7.395263,8.533,4.531,,7.7,8.09,,7.3,,15.11
1994-08,9.36,8.978,5.3498,,7.09,7.609091,8.6524,4.778,,8.15,8.2,,7.24,,15.87
1994-09,10.33,8.9,5.473846,,7.52,8.097273,8.8959,4.642,,8.9,9.05,,7.46,,16.89
1994-10,10.51,9.015,5.461267,,7.54,8.187,8.7797,4.684,,8.71,8.99,,7.74,,16.91
1994-11,10.47,9.152,5.271116,,7.49,8.1385,8.6361,4.718,,8.63,9.09,,7.96,,16.94
1994-12,10.04,9.0725,5.22539,,7.46,8.015454,8.5814,4.561,,8.02,8.68,,7.81,,16.8
1995-01,10.3345,9.349524,5.279278,,7.6,8.229524,8.7349,4.605,,8.16,8.59,,7.78,,17.02
1995-02,10.1465,8.9015,5.226172,,7.42,8.008,8.6557,4.515,,8.0,8.58,,7.47,,16.82
1995-03,10.13783,8.642174,5.044002,,7.28,8.021304,8.5938,4.113,,7.98,8.38,,7.2,,16.72
1995-04,9.798823,8.416842,4.806321,,7.09,7.821111,8.4378,3.545,,7.75,7.87,,7.06,,16.82
1995-05,9.106087,8.060454,4.660052,,6.86,7.5155,8.1802,3.386,,7.47,7.44,,6.63,,16.95
1995-06,8.856191,7.858182,4.693461,,6.78,7.454762,8.1097,3.024,,7.55,7.48,,6.17,,16.78
1995-07,9.081904,8.076,4.572577,,6.86,7.431,8.2613,2.933,,7.57,7.61,,6.28,,16.62
1995-08,9.124348,8.264091,4.458735,,6.74,7.328571,8.1169,3.215,,7.41,7.94,,6.49,,15.96
1995-09,8.686191,7.9285,4.188054,,6.59,7.352857,7.9486,3.03,,7.08,7.78,,6.2,,15.49
1995-10,8.508636,7.720953,3.957297,,6.57,7.481818,8.0967,2.925,,6.96,7.32,,6.04,,15.15
1995-11,8.495,7.47381,3.642102,,6.34,7.025714,7.7752,3.048,,6.7,7.17,,5.93,,14.39
1995-12,8.254737,7.249474,3.729394,,6.07,6.7495,7.4926,2.983,,6.46,7.19,,5.71,,14.56
1996-01,8.112381,7.091818,4.123271,,5.89,6.444091,7.4408,3.12,,6.39,7.06,,5.65,,13.77
1996-02,8.248571,7.240476,4.074162,,6.2,6.592857,7.7618,3.271,,6.79,7.22,,5.81,,14.1
1996-03,8.808095,7.621905,4.043052,,6.44,6.644762,8.057,3.299,,6.85,7.82,,6.27,,15.04
1996-04,8.873684,7.699524,3.940035,,6.38,6.498571,8.0602,3.301,,6.71,8.25,,6.51,,15.78
1996-05,8.832174,7.768182,4.333988,,6.45,6.459474,8.0871,3.388,,6.9,8.52,,6.74,,16.53
1996-06,8.931579,7.8095,4.305989,,6.56,6.547,8.054,3.252,,7.05,8.83,,6.91,,15.78
1996-07,8.629565,7.711818,4.200471,,6.48,6.443478,7.9162,3.294,,7.02,8.55,,6.87,,15.39
1996-08,8.04,7.305714,4.051986,,6.3,6.343,7.8219,3.209,,6.97,8.17,,6.64,,15.82
1996-09,8.003333,7.3385,3.815232,,6.23,6.231429,7.8151,2.928,,7.02,8.29,,6.83,,15.42
1996-10,7.550435,6.644546,3.710277,,6.01,5.969565,7.5413,2.8,,6.75,7.64,,6.53,,15.8
1996-11,7.156667,6.135,3.74688,,5.86,5.828948,7.5952,2.759,,6.5,7.16,,6.2,,16.18
1996-12,7.324,6.392,3.630954,,5.79,5.742381,7.5716,2.597,,6.33,7.22,,6.3,,16.19
1997-01,7.459048,6.632727,3.691208,,5.8,5.675909,7.5552,2.632,,6.03,7.34,,6.58,,15.82
1997-02,7.394,6.3035,3.25192,,5.55,5.4605,7.1962,2.583,,5.65,7.34,,6.42,,15.03
1997-03,7.899474,6.5395,3.564477,,5.71,5.654737,7.4544,2.524,,5.94,7.78,,6.69,,15.16
1997-04,7.92381,6.784545,3.432463,,5.87,5.803637,7.638,2.382,,6.19,8.1,,6.89,,15.24
1997-05,7.674545,6.573333,3.258882,,5.76,5.693684,7.1681,2.736,,6.03,7.62,,6.71,,15.08
1997-06,7.151,6.271429,3.177785,,5.72,5.650952,7.1418,2.684,,5.95,7.13,,6.49,,14.72
1997-07,6.642609,5.963182,3.241436,,5.56,5.470909,7.0577,2.505,,5.95,6.81,,6.22,,14.21
1997-08,6.650952,5.9945,3.354877,,5.66,5.583,7.0893,2.354,,6.06,7.05,,6.3,,14.24
1997-09,6.311364,5.876191,3.387237,,5.59,5.520454,6.8216,2.21,,5.89,6.88,,6.21,,14.18
1997-10,6.182174,5.609091,3.443554,,5.58,5.590435,6.5109,1.994,,5.75,6.64,,6.03,,14.05
1997-11,6.031,5.503158,3.389094,,5.56,5.565,6.624,1.941,,5.72,6.65,,5.88,,14.5
1997-12,6.139048,5.665714,3.084358,,5.33,5.320909,6.3739,1.939,,5.5,6.96,,5.81,,14.14
1998-01,5.806,5.360476,3.084,,5.11,5.111429,6.0978,1.948,,5.33,6.74,,5.54,,13.61
1998-02,5.887,5.434,2.964,,4.99,5.031,6.0461,2.0,,5.29,6.83,,5.57,,13.49
1998-03,5.865,5.427273,3.109,,4.9,4.953182,5.992,1.855,,5.28,6.93,,5.65,,13.33
1998-04,5.685,5.312381,3.344,,4.9,4.957619,5.8249,1.867,,5.33,6.82,,5.64,,12.92
1998-05,5.639048,5.387,3.179,,4.96,5.01,5.8648,1.655,,5.5,6.66,,5.65,,13.46
1998-06,5.57619,5.318636,3.308,,4.8,4.860476,5.7743,1.54,,5.47,6.6,,5.5,,14.6
1998-07,5.521304,5.347727,3.19,,4.68,4.779047,5.8319,1.683,,5.4,6.25,,5.46,,15.89
1998-08,5.638571,5.565,2.988,,4.42,4.522857,5.5706,1.502,,5.47,6.17,,5.34,,16.95
1998-09,5.345909,5.246666,3.086,,4.06,4.199545,5.151,1.103,,5.44,6.02,,4.81,,18.3
1998-10,4.965909,4.908095,2.914,,4.06,4.170455,5.0114,0.879,,5.48,5.46,,4.53,,16.51
1998-11,5.130952,5.169,2.659,,4.12,4.179524,4.9292,0.977,,5.48,5.59,,4.83,,16.05
1998-12,4.854762,4.872381,2.71,,3.86,3.907391,4.5175,1.488,,5.33,5.38,,4.65,,16.36
1999-01,5.127895,4.9465,2.555,,3.7,3.77,4.2868,1.91,,5.01,5.53,96.34,4.72,,15.89
1999-02,5.3,5.124,2.55,,3.85,3.929,4.4319,2.117,,4.75,5.62,99.47,5.0,,14.88
1999-03,5.526522,5.220435,2.604,,4.04,4.133478,4.6554,1.816,,4.92,5.84,98.67,5.23,,14.54
1999-04,5.3575,5.029524,2.534,,3.85,3.976191,4.592,1.563,,4.69,5.7,110.55,5.18,,14.58
1999-05,5.875714,5.3595,2.72,,4.01,4.16,4.9068,1.334,,4.98,6.12,96.75,5.54,,15.14
1999-06,6.206666,5.580909,2.937,,4.36,4.474545,5.1716,1.632,,5.45,6.51,64.73,5.9,,14.93
1999-07,6.135909,5.490952,3.044,,4.68,4.813182,5.3721,1.703,,5.81,6.54,68.36,5.79,,14.97
1999-08,6.34,5.755714,3.169,,4.88,5.010455,5.4312,1.878,,5.97,6.88,75.88,5.94,,15.28
1999-09,6.341363,5.721428,3.427,,5.04,5.19,5.6909,1.759,,6.03,6.91,83.74,5.92,,15.35
1999-10,6.606667,6.0895,3.625,,5.29,5.433333,5.8801,1.692,,6.27,7.11,86.87,6.11,,15.0
1999-11,6.556364,6.034762,3.69,,5.04,5.145714,5.3145,1.817,,6.02,7.02,89.06,6.03,,14.3
1999-12,6.737143,6.14,3.617,,5.15,5.269546,5.389,1.767,,6.07,7.17,78.09,6.28,,13.96
2000-01,7.177895,6.4915,3.784,,5.54,5.662381,5.8227,1.691,,6.36,7.48,58.57,6.66,,13.49
2000-02,6.957619,6.338572,3.868,,5.51,5.615714,5.6347,1.796,,6.33,7.31,51.06,6.52,,13.5
2000-03,6.570435,6.028261,4.155,,5.33,5.434783,5.3707,1.819,,6.14,7.06,40.95,6.26,,13.92
2000-04,6.264706,5.924211,4.076,,5.22,5.332778,5.3213,1.74,,6.09,6.84,41.12,5.99,,14.27
2000-05,6.465652,6.215,4.19,,5.38,5.503182,5.4033,1.705,,6.25,7.1,41.05,6.44,,14.79
2000-06,6.172381,5.895454,4.008,,5.19,5.323182,5.2097,1.664,,6.09,6.85,37.82,6.1,,14.33
2000-07,6.161905,5.8635,3.976,,5.27,5.399048,5.2388,1.689,,6.22,6.73,29.44,6.05,,13.9
2000-08,6.227391,5.766364,3.84,,5.21,5.360435,5.3312,1.75,,6.18,6.68,25.68,5.83,,13.52
2000-09,6.13619,5.7295,3.954,,5.26,5.419048,5.3873,1.876,,6.34,6.74,23.59,5.8,,13.72
2000-10,6.107955,5.723333,3.927,,5.21,5.355,5.2179,1.815,8.25,6.37,6.7,23.8,5.74,,13.72
2000-11,5.989545,5.727143,3.771,,5.15,5.285455,5.0983,1.764,7.86,6.24,6.59,24.18,5.72,,13.4
2000-12,5.543158,5.402105,3.552,,4.89,5.042632,4.9118,1.624,7.18,6.01,6.15,24.7,5.24,,12.88
2001-01,5.405476,5.418636,3.497,,4.8,4.940454,4.8471,1.508,6.65,5.95,6.06,23.29,5.16,,12.61
2001-02,5.32125,5.43,3.492,,4.78,4.931,4.8248,1.415,6.41,5.96,6.04,21.97,5.1,,11.97
2001-03,5.130682,5.301363,3.327,,4.67,4.837727,4.703,1.169,7.0,6.01,5.95,22.36,4.89,,11.79
2001-04,5.577222,5.5915,3.529,,4.83,5.000526,4.9468,1.315,7.74,6.22,6.26,20.96,5.14,,12.17
2001-05,5.943478,5.851364,3.556,,5.05,5.205909,5.1153,1.25,7.58,6.48,6.62,19.34,5.39,,11.93
2001-06,5.89675,5.718095,3.383,,5.0,5.150476,5.1951,1.152,7.14,6.59,6.63,18.81,5.28,,11.32
2001-07,6.086364,5.800476,3.357,,5.02,5.152273,5.2037,1.305,6.83,6.65,6.74,18.96,5.24,,10.9
2001-08,5.761522,5.530909,3.317,,4.82,4.953043,4.9854,1.343,6.29,6.45,6.58,18.58,4.97,,10.75
2001-09,5.57825,5.302631,3.302,,4.81,4.9415,4.9876,1.346,6.19,6.4,6.52,17.48,4.73,,10.81
2001-10,5.407609,5.232727,3.005,,4.6,4.719565,4.8253,1.363,6.54,6.1,6.4,17.34,4.57,,10.73
2001-11,5.457727,5.177143,3.261,,4.45,4.574545,4.6271,1.328,6.88,5.86,6.3,16.84,4.65,,10.27
2001-12,5.816842,5.408421,3.555,,4.74,4.8665,4.8928,1.334,7.01,6.17,6.62,16.67,5.09,,11.63
2002-01,5.858333,5.343637,3.59,,4.86,4.926818,4.9171,1.42,7.1,6.23,6.58,15.7,5.04,,11.61
2002-02,5.94575,5.321,3.61,,4.92,4.994,4.9251,1.501,7.0,6.35,6.61,15.1,4.91,,11.89
2002-03,6.309,5.667,3.636,,5.16,5.243,5.2202,1.421,7.17,6.63,6.88,16.09,5.28,,12.63
2002-04,6.294,5.658637,3.528,,5.15,5.242381,5.2331,1.394,7.3,6.71,6.87,17.05,5.21,,12.47
2002-05,6.215218,5.595909,3.465,,5.17,5.255238,5.2689,1.365,7.09,6.77,6.81,16.85,5.16,,11.66
2002-06,6.007632,5.424,3.299,,5.02,5.1125,5.099,1.328,6.76,6.78,6.64,16.56,4.93,,11.6
2002-07,5.859783,5.290454,3.248,,4.87,4.955217,5.0027,1.296,6.54,6.56,6.54,16.24,4.65,,11.15
2002-08,5.648409,5.120476,3.192,,4.59,4.673182,4.746,1.255,6.24,6.31,6.33,16.28,4.26,,11.08
2002-09,5.435714,4.8855,2.761,,4.38,4.462381,4.5006,1.129,6.16,6.06,6.17,16.23,3.87,,11.35
2002-10,5.659131,5.127273,2.863,,4.46,4.552608,4.616,1.095,6.11,6.16,6.33,15.39,3.94,,11.27
2002-11,5.499524,5.0895,2.799,,4.48,4.534,4.6378,0.979,5.8,6.12,6.29,14.62,4.05,,10.86
2002-12,5.395,4.9675,2.396,,4.33,4.383333,4.5644,0.975,5.77,5.93,6.28,13.78,4.03,,10.44
2003-01,5.275,4.961818,2.396,,4.18,4.224091,4.3899,0.836,5.43,5.68,6.12,13.14,4.05,,10.17
2003-02,5.16775,5.012,2.375,,3.95,4.012,4.2131,0.828,5.15,5.32,5.88,10.89,3.9,,9.94
2003-03,5.271667,4.997143,2.537,,4.0,4.098095,4.3243,0.724,5.2,5.25,5.91,9.43,3.81,,10.0
2003-04,5.346053,5.051905,2.659,,4.15,4.220953,4.4663,0.663,5.03,5.31,5.98,8.93,3.96,,9.93
2003-05,5.028182,4.671905,2.358,,3.82,3.89381,4.2197,0.577,4.68,4.97,5.6,8.05,3.57,,9.76
2003-06,4.80275,4.288095,2.607,,3.62,3.693333,4.1127,0.529,4.46,4.5,5.23,7.74,3.33,,9.26
2003-07,5.232826,4.683182,2.666,,3.97,4.008261,4.4078,0.956,4.95,4.9,5.54,8.42,3.98,,9.57
2003-08,5.524048,4.902,2.875,,4.13,4.162857,4.604,1.406,5.26,5.01,5.91,8.43,4.45,,9.59
2003-09,5.512955,4.757143,2.777,,4.17,4.23,4.7132,1.42,4.77,4.91,5.95,8.81,4.27,,9.61
2003-10,5.608696,4.815454,2.882,,4.22,4.283043,4.9071,1.437,4.87,4.94,6.02,8.59,4.29,,9.13
2003-11,5.874,4.856842,2.993,,4.35,4.4085,5.065,1.333,5.35,4.97,6.21,8.6,4.3,,9.28
2003-12,5.757381,4.729048,2.78,,4.29,4.335714,4.896,1.33,5.43,4.78,6.05,8.35,4.27,,9.15
2004-01,5.7005,4.586191,2.852,,4.17,4.198095,4.7875,1.33,5.42,4.54,5.93,7.76,4.15,,9.27
2004-02,5.6205,4.4515,2.681,,4.11,4.1435,4.8056,1.211,5.43,4.29,5.91,8.16,4.08,,9.4
2004-03,5.415435,4.260435,2.632,,3.91,3.976087,4.7088,1.418,5.26,4.12,5.74,7.97,3.83,,9.6
2004-04,5.803,4.612857,2.809,,4.1,4.182381,4.957,1.52,5.25,4.67,6.04,8.35,4.35,,9.85
2004-05,5.958095,4.773,2.888,,4.25,4.344285,5.1118,1.505,5.16,4.91,6.26,8.41,4.72,,10.24
2004-06,5.845476,4.932727,3.04,,4.31,4.393091,5.2,1.807,5.01,4.72,6.29,8.48,4.73,,10.38
2004-07,5.717727,4.75,2.957,6.5,4.24,4.272318,5.1083,1.808,4.88,4.47,6.18,8.49,4.5,,10.08
2004-08,5.583182,4.630952,2.825,6.32,4.08,4.112227,5.0071,1.588,4.33,4.29,6.2,8.52,4.28,,9.72
2004-09,5.412045,4.602381,2.75,6.16,4.02,4.092182,4.9109,1.393,4.14,4.23,6.16,8.37,4.13,,9.28
2004-10,5.401429,4.55,2.623,6.63,3.89,3.975857,4.7683,1.483,4.05,4.19,6.08,8.28,4.1,,9.16
2004-11,5.4,4.484762,2.443,6.26,3.78,3.857227,4.6903,1.452,3.96,4.05,6.05,8.22,4.19,,8.96
2004-12,5.231905,4.320476,2.382,6.02,3.58,3.642739,4.5316,1.397,3.85,3.94,5.95,8.46,4.23,,8.38
2005-01,5.351842,4.2605,2.249,5.99,3.56,3.575381,4.5419,1.31,4.42,3.9,5.99,8.41,4.22,,8.2
2005-02,5.39775,4.205,2.381,5.91,3.54,3.599,4.5884,1.419,4.88,3.77,5.95,8.38,4.17,,7.85
2005-03,5.652619,4.358182,2.355,6.09,3.7,3.751381,4.796,1.325,4.77,4.02,6.16,8.49,4.5,,8.21
2005-04,5.472,4.19381,2.074,6.14,3.48,3.542762,4.6218,1.257,4.69,3.87,5.99,8.53,4.34,,8.45
2005-05,5.287727,4.07381,2.014,5.9,3.3,3.376773,4.4173,1.238,4.42,3.7,5.81,8.51,4.14,,8.4
2005-06,5.140476,3.828182,1.999,5.68,3.13,3.201682,4.2847,1.143,4.46,3.55,5.71,8.5,4.0,,8.08
2005-07,5.190238,3.8995,1.955,5.85,3.2,3.27,4.3011,1.295,4.89,3.56,5.75,8.47,4.18,,8.12
2005-08,5.218696,3.920455,1.928,5.81,3.23,3.298478,4.3249,1.365,5.08,3.62,5.77,8.21,4.26,,7.9
2005-09,5.186364,3.868572,1.95,5.87,3.07,3.132046,4.2109,1.45,5.15,3.49,5.71,7.73,4.2,,8.04
2005-10,5.400238,4.047,2.097,6.34,3.24,3.289999,4.3482,1.513,5.36,3.68,5.88,7.58,4.46,,8.1
2005-11,5.435227,4.107143,2.184,6.53,3.45,3.497204,4.3129,1.454,5.68,3.96,5.95,7.38,4.54,,7.88
2005-12,5.3465,4.041,1.96,6.48,3.34,3.378476,4.2186,1.488,5.6,3.83,5.83,7.1,4.47,,7.57
2006-01,5.2035,4.029047,2.153,6.25,3.32,3.344091,4.0752,1.547,5.58,3.65,5.72,6.96,4.42,,7.37
2006-02,5.272,4.17,2.252,,3.47,3.50805,4.1543,1.598,5.28,3.72,5.7,7.01,4.57,,7.26
2006-03,5.341304,4.199565,2.517,6.37,3.64,3.685391,4.3177,1.759,5.42,3.84,5.72,7.01,4.72,,7.36
2006-04,5.579706,4.41579,2.752,,3.89,3.9535,4.5177,1.956,5.45,4.07,5.74,7.04,4.99,,7.46
2006-05,5.75,4.399546,2.7,,3.96,4.001364,4.6488,1.849,5.2,4.17,5.81,7.05,5.11,,7.63
2006-06,5.737857,4.441364,2.848,6.51,3.96,4.006168,4.6645,1.901,5.25,4.26,5.84,7.06,5.11,,8.29
2006-07,5.834048,4.444,2.742,,4.01,4.025238,4.656,1.927,5.16,4.31,5.88,7.07,5.09,,8.58
2006-08,5.773261,4.252728,2.547,,3.88,3.897478,4.6535,1.668,4.94,4.2,5.84,7.02,4.88,,8.59
2006-09,5.601666,4.068572,2.369,6.1,3.75,3.769381,4.5522,1.628,4.89,4.12,5.8,6.93,4.72,,8.64
2006-10,5.665,4.106667,2.495,,3.79,3.807455,4.6155,1.718,4.79,4.18,5.84,6.91,4.73,,8.39
2006-11,5.599545,3.999524,2.341,,3.71,3.740991,4.5452,1.69,4.91,4.16,5.71,6.89,4.6,,7.87
2006-12,5.696579,3.978235,2.489,5.58,3.77,3.809684,4.6195,1.645,4.95,4.24,5.77,6.77,4.56,,7.81
2007-01,5.877619,4.121818,2.619,5.34,4.02,4.069409,4.8694,1.705,5.04,4.39,5.93,6.77,4.76,,7.65
2007-02,5.80925,4.1175,2.556,,4.05,4.09597,4.896,1.64,5.01,4.52,5.94,6.77,4.72,,7.5
2007-03,5.736818,4.045909,2.702,5.58,3.94,3.996773,4.8194,1.629,4.94,4.45,5.87,6.77,4.56,,7.59
2007-04,5.909722,4.1715,2.801,5.66,4.15,4.207944,5.0439,1.653,5.07,4.71,6.06,6.73,4.69,,7.64
2007-05,5.920869,4.292727,3.032,6.34,4.28,4.336848,5.1458,1.733,5.22,4.88,6.17,6.68,4.75,,7.58
2007-06,6.20475,4.612857,3.194,6.48,4.56,4.618952,5.4321,1.903,5.48,5.19,6.72,6.68,5.1,,8.1
2007-07,6.149773,4.59,3.108,6.48,4.5,4.582909,5.4084,1.809,5.52,5.1,6.77,6.65,5.0,,8.34
2007-08,5.925909,4.428637,3.049,6.2,4.3,4.388881,5.1499,1.577,5.42,4.91,6.4,6.71,4.67,,8.37
2007-09,5.992105,4.356316,3.056,6.3,4.22,4.356661,4.9928,1.698,5.52,4.81,6.16,6.82,4.52,,8.45
2007-10,6.174348,4.362727,2.987,6.48,4.28,4.402217,4.9576,1.616,5.56,4.91,6.37,6.7,4.53,,8.12
2007-11,6.025455,4.121428,2.906,6.24,4.09,4.227727,4.7263,1.497,5.61,4.76,6.39,6.67,4.15,,8.19
2007-12,6.207632,4.01579,3.111,6.49,4.21,4.354105,4.6937,1.526,5.82,4.66,6.4,6.66,4.1,,8.29
2008-01,6.076428,3.848182,2.939,,4.03,4.149954,4.4925,1.429,5.56,4.52,6.28,6.63,3.74,,8.36
2008-02,6.294524,3.64,3.059,,3.95,4.07919,4.6234,1.429,5.28,4.39,6.4,6.83,3.74,,8.69
2008-03,6.085526,3.509,3.033,,3.8,4.0194,4.445,1.245,5.36,4.28,6.36,6.96,3.51,,9.16
2008-04,6.170476,3.6325,3.242,6.540601,4.04,4.269909,4.6432,1.6,5.17,4.5,6.48,6.96,3.68,,9.15
2008-05,6.355,3.6245,3.284,7.017645,4.2,4.405857,4.8683,1.778,5.5,4.63,6.43,6.99,3.88,,9.51
2008-06,6.58675,3.786471,3.29,7.567279,4.52,4.733714,5.2103,1.601,5.89,4.94,6.42,6.98,4.1,,10.35
2008-07,6.366522,3.751,3.166,7.804599,4.49,4.690289,5.0494,1.537,6.03,4.94,6.18,7.13,4.01,,10.1
2008-08,5.8625,3.53,2.942,7.88893,4.2,4.40181,4.7267,1.431,5.91,4.69,6.13,7.56,3.89,,9.2
2008-09,5.645909,3.646667,2.669,7.653715,4.09,4.361864,4.5701,1.481,5.99,4.49,5.82,8.25,3.69,,9.04
2008-10,5.215227,3.668182,2.764,6.822436,3.88,4.183565,4.5789,1.486,5.53,4.17,5.86,8.73,3.81,,9.24
2008-11,4.94075,3.571579,2.226,6.532445,3.56,3.9767,4.2571,1.377,5.73,4.18,5.73,8.46,3.53,,8.58
2008-12,4.215714,2.945714,2.148,6.083062,3.05,3.5395,3.6238,1.214,4.87,3.77,4.88,8.8,2.42,,7.82
2009-01,4.08575,2.812381,2.221,5.571222,3.07,3.601611,3.6699,1.272,4.42,3.69,4.49,9.98,2.52,,7.85
2009-02,4.253,2.960526,2.174,4.844532,3.13,3.678137,3.6899,1.277,5.24,3.75,4.53,10.09,2.87,,8.26
2009-03,4.327727,2.885909,2.175,4.886536,3.02,3.647409,3.2497,1.323,4.97,3.81,4.77,10.58,2.82,,8.43
2009-04,4.512,2.954286,2.196,5.440839,3.13,3.659143,3.4072,1.402,4.9,3.9,5.24,10.12,2.93,,8.57
2009-05,5.004286,3.202,2.536,5.687312,3.37,3.804453,3.6206,1.481,5.05,4.12,5.59,10.13,3.29,,8.7
2009-06,5.556667,3.459091,2.478,5.890076,3.47,3.899662,3.7221,1.363,5.26,4.23,5.97,9.7,3.72,,8.88
2009-07,5.487826,3.429091,2.192,5.745703,3.34,3.732863,3.8238,1.386,5.18,4.05,5.75,10.04,3.56,,9.11
2009-08,5.53325,3.4645,2.124,5.608758,3.31,3.587429,3.7142,1.314,5.44,4.17,5.82,10.11,3.59,,8.8
2009-09,5.323637,3.365714,2.155,5.852798,3.26,3.586869,3.6566,1.258,5.38,4.17,5.63,10.23,3.4,,8.7
2009-10,5.450238,3.425238,2.207,5.980509,3.21,3.557895,3.5699,1.404,5.45,4.07,5.66,9.59,3.39,,9.11
2009-11,5.466667,3.3925,2.002,6.164409,3.22,3.555156,3.7592,1.253,5.39,4.04,6.01,9.07,3.4,,9.0
2009-12,5.473095,3.41619,1.972,6.31085,3.14,3.475064,3.8871,1.272,5.31,3.98,6.02,8.85,3.59,,9.03
2010-01,5.5575,3.485,2.01,6.389003,3.26,3.5157,4.0025,1.308,5.35,4.08,6.0,8.46,3.73,,9.24
2010-02,5.4775,3.423684,1.93,6.395744,3.17,3.49805,4.0624,1.295,5.3,3.87,5.86,8.25,3.69,,9.11
2010-03,5.62,3.490435,1.94,6.46719,3.1,3.437391,4.0915,1.361,4.92,3.85,5.86,7.89,3.73,,8.92
2010-04,5.795,3.67,1.87,6.472571,3.06,3.401619,4.1007,1.286,4.91,3.84,5.96,7.55,3.85,,8.75
2010-05,5.48,3.4455,1.57,6.364314,2.73,3.075667,3.7772,1.257,4.95,3.46,5.73,7.71,3.42,,8.97
2010-06,5.3275,3.297727,1.51,6.365788,2.54,3.073213,3.6007,1.08,4.93,3.36,5.51,7.63,3.2,,8.99
2010-07,5.145,3.185238,1.5,6.257122,2.62,2.988031,3.5087,1.075,4.91,3.33,5.4,7.62,3.01,,8.78
2010-08,4.97,2.949524,1.19,5.975469,2.35,2.678455,3.233,1.023,4.68,3.12,5.24,7.65,2.7,,8.17
2010-09,5.0025,2.881428,1.37,5.963199,2.3,2.678318,3.1271,0.898,4.28,3.3,5.28,7.71,2.65,,7.92
2010-10,5.085,2.766,1.46,6.102022,2.35,2.718658,3.0685,0.903,4.11,3.24,5.09,7.67,2.54,,8.03
2010-11,5.3775,3.022381,1.56,6.168201,2.53,2.997419,3.311,1.161,4.48,3.28,5.49,7.83,2.76,,8.12
2010-12,5.555,3.204762,1.67,6.113865,2.91,3.341565,3.6098,1.133,4.46,3.61,5.82,8.01,3.29,,8.38
2011-01,5.52,3.253,1.82,6.561131,3.02,3.442857,3.7273,1.213,4.69,3.75,5.61,8.0,3.39,,8.52
2011-02,5.61,3.417368,1.9,6.872066,3.2,3.60325,3.8799,1.241,4.76,3.81,5.56,8.0,3.58,,8.7
2011-03,5.435,3.266522,1.93,6.580013,3.21,3.609609,3.7386,1.214,4.51,3.77,5.58,8.05,3.41,,8.94
2011-04,5.5125,3.328,2.08,6.416609,3.34,3.689995,3.7619,1.215,4.48,3.79,5.7,7.95,3.46,,8.73
2011-05,5.325,3.151905,1.85,6.28491,3.06,3.489244,3.5053,1.118,4.34,3.48,5.23,8.02,3.17,,8.56
2011-06,5.16,2.987727,1.74,6.270205,2.89,3.43055,3.4144,1.084,4.24,3.36,5.04,8.14,3.0,,8.5
2011-07,5.02,2.9385,1.44,6.179456,2.74,3.399364,3.3137,1.075,4.23,3.24,5.07,8.04,3.0,,8.55
2011-08,4.4925,2.446364,1.13,5.565037,2.21,2.98446,2.7833,1.023,3.96,2.6,4.55,8.19,2.3,,8.1
2011-09,4.2025,2.196667,1.0,5.052257,1.83,2.644395,2.504,0.975,3.75,2.36,4.41,8.0,1.98,,8.25
2011-10,4.37,2.296,1.08,5.100889,2.0,2.992524,2.529,1.038,3.86,2.59,4.54,7.97,2.15,,8.41
2011-11,4.0825,2.122381,0.95,5.46221,1.87,3.407547,2.2917,1.062,3.8,2.49,4.14,8.14,2.01,,8.47
2011-12,3.825,1.992,0.74,5.290954,1.93,3.158901,2.1828,0.971,3.81,2.38,3.91,8.23,1.98,8.56,8.51
2012-01,3.795,1.98,0.74,5.072552,1.82,3.179682,2.1104,0.959,3.8,2.22,3.86,8.35,1.97,8.235,8.4
2012-02,3.97,2.021,0.72,5.294448,1.85,3.015762,2.2191,0.962,3.81,2.4,3.98,8.06,1.97,8.1925,8.23
2012-03,4.15,2.106818,0.85,5.786806,1.83,2.954182,2.323,0.966,3.95,2.48,4.17,8.09,2.17,8.374,8.37
2012-04,3.8575,2.0645,0.74,5.822207,1.62,2.9935,2.2117,0.914,3.9,2.34,3.98,8.18,2.05,8.5875,8.28
2012-05,3.2775,1.922273,0.61,5.50968,1.34,2.751821,1.9416,0.846,3.75,2.05,3.66,8.13,1.8,8.565,8.28
2012-06,2.995,1.747619,0.68,5.353374,1.3,2.569429,1.7698,0.789,3.63,1.94,3.4,8.26,1.62,8.204,8.16
2012-07,2.8875,1.656191,0.56,5.207931,1.24,2.275193,1.6523,0.78,3.3,1.73,3.4,8.09,1.53,8.096666,7.52
2012-08,3.1875,1.826818,0.57,5.316412,1.34,2.119435,1.6735,0.8,3.09,1.92,3.66,8.17,1.68,8.196,7.48
2012-09,3.0925,1.837895,0.6,5.352487,1.49,2.237201,1.7222,0.757,3.05,2.07,3.57,8.25,1.72,8.175,7.4
2012-10,3.0225,1.811818,0.6,5.406122,1.47,2.185698,1.7721,0.76,2.97,1.98,3.51,8.21,1.75,8.1475,7.67
2012-11,3.0875,1.738095,0.53,5.476211,1.34,2.139682,1.7741,0.713,2.99,2.01,3.47,7.96,1.65,8.204,7.64
2012-12,3.2275,1.767895,0.56,5.508618,1.3,2.010344,1.8467,0.781,3.13,2.08,3.56,8.1,1.72,8.1375,7.37
2013-01,3.3975,1.931364,0.79,5.617204,1.51,2.165192,2.0795,0.775,3.05,2.31,3.55,6.94,1.91,7.8725,7.26
2013-02,3.4975,1.967895,0.72,5.66988,1.54,2.244584,2.1781,0.669,3.04,2.49,3.81,6.99,1.98,7.8375,7.29
2013-03,3.5125,1.8515,0.75,5.600318,1.35,2.070982,1.9768,0.492,2.91,2.24,3.72,7.13,1.96,7.91,7.39
2013-04,3.245,1.748636,0.61,5.281054,1.2,1.80282,1.7824,0.589,2.84,2.07,3.33,7.05,1.76,7.83,6.97
2013-05,3.225,1.901818,0.76,5.166661,1.29,1.872818,1.9462,0.879,2.9,2.1,3.37,6.99,1.93,7.502,6.96
2013-06,3.54,2.2445,1.06,5.275863,1.53,2.210652,2.3063,0.822,3.31,2.4,3.83,7.35,2.3,7.4025,7.94
2013-07,3.75,2.438182,1.1,5.294773,1.56,2.246759,2.471,0.79,3.47,2.61,4.23,7.51,2.58,7.725,7.97
2013-08,3.86,2.611428,1.14,5.269819,1.73,2.362364,2.7088,0.708,3.61,2.84,4.47,7.56,2.74,8.328,8.37
2013-09,4.0,2.698,1.11,5.266206,1.89,2.48581,2.8443,0.669,3.53,3.12,4.7,7.5,2.81,8.6025,8.15
2013-10,3.97,2.518182,1.07,5.159538,1.76,2.394348,2.6784,0.59,3.44,2.95,4.65,7.53,2.62,8.5725,7.87
2013-11,4.13,2.5585,1.03,4.964596,1.68,2.265,2.7598,0.605,3.584,2.86,4.7,7.65,2.72,8.862,8.18
2013-12,4.24,2.6735,1.25,5.138932,1.8,2.33075,2.9458,0.688,3.653,2.94,4.76,7.77,2.9,8.875,8.32
2014-01,4.18,2.534091,0.98,5.056942,1.76,2.384136,2.91,0.614,3.647,2.95,4.64,7.91,2.86,8.764,8.48
2014-02,4.12,2.42,0.95,5.0,1.56,2.25275,2.8147,0.586,3.522,2.85,4.57,7.8,2.71,8.8125,8.67
2014-03,4.1,2.454286,0.95,5.018712,1.51,2.151857,2.7837,0.605,3.543,2.94,4.58,8.17,2.72,8.8375,8.52
2014-04,4.03,2.444762,0.86,4.91436,1.46,2.025714,2.7417,0.61,3.54,2.88,4.55,8.18,2.71,8.9875,8.41
2014-05,3.78,2.315238,0.77,4.959644,1.33,1.8384,2.6989,0.566,3.402,2.73,4.29,8.14,2.56,8.752,8.16
2014-06,3.7,2.298571,0.71,4.856439,1.26,1.711857,2.7842,0.536,3.286,2.61,4.42,8.12,2.6,8.6325,8.34
2014-07,3.47,2.194546,0.62,4.662457,1.11,1.559,2.7343,0.527,3.056,2.43,4.37,8.22,2.54,8.655,8.25
2014-08,3.41,2.062,0.53,4.342398,0.95,1.406381,2.5347,0.488,3.086,2.36,4.2,8.57,2.42,8.56,8.21
2014-09,3.55,2.180952,0.59,4.590267,0.92,1.350818,2.4919,0.497,3.012,2.4,4.19,8.73,2.53,8.4925,8.2
2014-10,3.32,2.010455,0.56,4.633357,0.79,1.259783,2.2469,0.465,2.769,2.21,4.04,8.88,2.3,8.402,8.06
2014-11,3.26,2.003158,0.41,4.441609,0.72,1.1358,2.1593,0.42,2.692,2.05,4.03,8.63,2.33,8.185,7.86
2014-12,2.96,1.851905,0.38,4.363199,0.59,0.9207727,1.9287,0.33,2.681,1.77,3.77,10.22,2.21,7.955,7.84
2015-01,2.64,1.525714,-0.07,4.184115,0.39,0.6740952,1.589,0.275,2.415,1.45,3.42,10.37,1.88,7.794,7.39
2015-02,2.5,1.379474,0.01,4.203212,0.3,0.59685,1.7365,0.33,2.346,1.39,3.26,10.51,1.98,7.7325,7.49
2015-03,2.48,1.421364,0.0,4.342277,0.23,0.5092857,1.7941,0.4,2.276,1.54,3.3,10.7,2.04,7.8225,7.81
2015-04,2.41,1.410952,0.04,4.492531,0.12,0.435,1.755,0.34,2.177,1.44,3.25,10.0,1.94,7.836667,7.85
2015-05,2.88,1.744,-0.03,4.556165,0.56,0.88885,2.0243,0.39,2.49,1.65,3.65,9.61,2.2,7.852,8.08
2015-06,2.98,1.78,0.1,4.653217,0.79,1.195524,2.1696,0.455,2.468,1.77,3.77,9.13,2.36,7.8075,8.33
2015-07,2.9,1.569546,-0.04,4.550944,0.71,1.113609,2.1353,0.41,2.45,1.7,3.47,9.19,2.32,7.816,8.18
2015-08,2.72,1.3915,-0.12,4.514416,0.61,1.005053,1.9799,0.38,2.308,1.49,3.29,12.16,2.17,7.785,8.28
2015-09,2.7,1.481429,-0.1,4.607369,0.65,1.004636,1.8814,0.35,2.216,1.6,3.29,12.64,2.17,7.7325,8.47
2015-10,2.62,1.463333,-0.27,4.466189,0.52,0.8652273,1.846,0.3,2.088,1.57,3.34,12.27,2.07,7.598,8.28
2015-11,2.85,1.6335,-0.31,4.566,0.52,0.8831428,1.9779,0.3,2.254,1.63,3.49,12.24,2.26,7.745,8.49
2015-12,2.85,1.459524,-0.04,4.626224,0.55,0.9312,1.9234,0.27,2.181,1.55,3.55,11.82,2.24,7.7925,9.34
2016-01,2.73,1.258,-0.299,4.563584,0.43,0.84285,1.7833,0.095,2.025,1.45,3.31,11.56,2.09,7.668,9.62
2016-02,2.48,1.1245,-0.453,4.446364,0.17,0.5922857,1.5032,-0.065,1.826,1.39,3.06,11.25,1.78,7.72,9.23
2016-03,2.57,1.268182,-0.387,4.439795,0.17,0.5093333,1.5434,-0.05,1.854,1.33,3.02,10.65,1.89,7.585,9.27
2016-04,2.52,1.33619,-0.245,4.392569,0.13,0.5142381,1.5688,-0.085,1.81,1.3,2.86,10.61,1.81,7.436,9.07
2016-05,2.32,1.35,-0.298,4.501842,0.13,0.5094286,1.5366,-0.12,1.787,1.4,2.67,10.49,1.81,7.28,9.29
2016-06,2.12,1.168182,-0.508,4.545489,-0.02,0.3899545,1.3105,-0.23,1.617,1.17,2.51,10.3,1.64,7.5025,9.05
2016-07,1.93,1.051,-0.543,4.406804,-0.15,0.171381,0.9569,-0.195,1.401,0.96,2.27,10.13,1.5,7.352,8.72
2016-08,1.88,1.042727,-0.462,4.289105,-0.13,0.1534348,0.7421,-0.07,1.417,1.07,2.19,10.12,1.56,7.1425,8.7
2016-09,1.99,1.08619,-0.522,4.223877,-0.09,0.1836818,0.8243,-0.085,1.512,1.23,2.4,10.01,1.63,6.864,8.68
2016-10,2.2,1.1665,-0.362,4.203056,0.0,0.3309,1.078,-0.05,1.596,1.34,2.53,10.08,1.76,6.7825,8.76
2016-11,2.51,1.437619,-0.13,4.476973,0.19,0.6673182,1.3818,0.02,1.965,1.58,2.99,10.11,2.14,6.6125,8.91
2016-12,2.79,1.732,-0.135,4.373863,0.25,0.7497619,1.4336,0.04,2.159,1.76,3.33,9.95,2.49,6.526,8.95
2017-01,2.73,1.722381,-0.072,4.167268,0.25,0.8630909,1.4203,0.085,2.111,1.69,3.23,9.62,2.43,6.7925,8.75
2017-02,2.75,1.702105,-0.213,4.152218,0.26,1.0307,1.3058,0.05,2.163,1.74,3.29,9.77,2.42,6.98,8.73
2017-03,2.81,1.714348,-0.1,4.201198,0.35,1.021609,1.194,0.065,2.221,1.77,3.28,9.56,2.48,7.118,8.62
2017-04,2.56,1.523158,-0.096,3.90074,0.22,0.8904706,1.0789,0.015,2.182,1.61,3.05,9.33,2.3,7.165,8.84
2017-05,2.54,1.513182,-0.145,4.026836,0.34,0.8056667,1.1175,0.04,2.257,1.59,2.93,9.09,2.3,7.115,8.62
2017-06,2.41,1.502727,-0.025,4.010154,0.25,0.6640909,1.0846,0.075,2.165,1.53,2.77,8.99,2.19,6.584,9.01
2017-07,2.64,1.908,0.06,4.221017,0.46,0.8358948,1.2713,0.075,2.252,1.69,2.97,8.84,2.32,6.55,9.24
2017-08,2.6,1.883636,-0.114,4.328379,0.35,0.7145714,1.1241,0.01,2.287,1.62,2.88,8.74,2.21,6.6,9.12
2017-09,2.7,2.0495,0.017,4.317871,0.35,0.7,1.2436,0.06,2.286,1.59,2.91,8.65,2.2,6.724,9.0
2017-10,2.78,2.050952,-0.029,4.488557,0.37,0.81,1.3816,0.065,2.455,1.66,2.97,8.59,2.36,6.945,9.4
2017-11,2.57,1.918571,-0.053,4.508404,0.31,0.72,1.3299,0.035,2.54,1.59,2.85,8.48,2.35,7.1675,9.8
2017-12,2.58,1.915263,-0.095,4.616859,0.3,0.67,1.2781,0.045,2.472,1.57,2.76,8.25,2.4,7.35,9.5
2018-01,2.75,2.198182,0.103,4.523826,0.47,0.86,1.3931,0.08,2.626,1.74,2.88,7.98,2.58,7.2175,9.08
2018-02,2.86,2.324211,0.116,4.546484,0.66,0.98,1.6034,0.045,2.77,1.98,2.97,7.85,2.86,7.57,8.7
2018-03,2.72,2.188571,0.054,4.493291,0.53,0.84,1.508,0.045,2.708,1.99,2.89,7.79,2.84,7.608,8.51
2018-04,2.74,2.249048,0.12,4.417883,0.48,0.78,1.5108,0.05,2.655,1.93,2.82,7.81,2.87,7.5475,8.48
2018-05,2.79,2.375454,-0.008,4.502295,0.45,0.78,1.5016,0.03,2.757,1.89,2.78,7.67,2.98,7.8475,8.9
2018-06,2.7,2.209048,-0.012,4.576517,0.33,0.75,1.4229,0.03,2.656,1.82,2.9,7.62,2.91,7.936,9.3
2018-07,2.64,2.187143,0.042,4.564861,0.28,0.67,1.3739,0.06,2.549,1.76,2.81,,2.89,7.8,9.09
2018-08,2.59,2.295455,-0.032,4.48,0.29,0.7,1.3991,0.11,2.458,1.77,2.64,,2.89,7.826,9.28
2018-09,2.63,2.353684,0.113,4.500978,0.37,0.77,1.5023,0.125,2.315,1.9,2.6,,3.0,8.02,9.53
2018-10,2.68,2.488636,0.071,4.568727,0.4,0.82,1.5462,0.13,2.338,2.0,2.62,,3.15,7.925,9.62
2018-11,2.68,2.407619,-0.015,4.461596,0.31,0.76,1.4541,0.085,2.209,1.94,2.69,,3.12,7.782,9.55
2018-12,2.43,2.057895,-0.154,4.339862,0.19,0.7,1.3125,-0.01,1.992,1.83,2.45,,2.83,7.3725,9.54
2019-01,2.27,1.953636,-0.21,4.216946,0.13,0.65,1.3221,0.0,1.991,1.78,2.33,,2.71,7.3475,9.3
2019-02,2.13,1.907368,-0.236,4.137832,0.06,0.55,1.239,-0.015,1.988,1.71,2.18,,2.68,7.43,9.26
2019-03,1.96,1.712381,-0.352,4.05,0.01,0.44,1.19,-0.095,1.953,1.66,2.02,,2.57,7.346,9.24
2019-04,1.86,1.724286,-0.267,3.92,-0.04,0.37,1.1906,-0.045,1.889,1.71,1.96,,2.53,7.4225,9.06
2019-05,1.65,1.67,-0.45,,-0.13,0.3,1.13,-0.095,1.828,1.66,1.79,,2.4,,9.1
