country,AUS,BRA,CAN,CHE,CHL,CHN,GBR,JPN,KOR,NOR,NZL,RUS,USA,IND,ZAF
subject,M3,M3,M3,M3,M3,M3,M3,M3,M3,M3,M3,M3,M3,M3,M3
measure,TOT,TOT,TOT,TOT,TOT,TOT,TOT,TOT,TOT,TOT,TOT,TOT,TOT,TOT,TOT
1951-05,,,,,,,,,,,,,,0.02098284,
1951-06,,,,,,,,,,,,,,0.02089351,
1951-07,,,,,,,,,,,,,,0.02073329,
1951-08,,,,,,,,,,,,,,0.02056927,
1951-09,,,,,,,,,,,,,,0.02033067,
1951-10,,,,,,,,,,,,,,0.02017183,
1951-11,,,,,,,,,,,,,,0.02003792,
1951-12,,,,,,,,,,,,,,0.01990365,
1952-01,,,,,,,,,,,,,,0.01990894,
1952-02,,,,,,,,,,,,,,0.01981428,
1952-03,,,,,,,,,,,,,,0.01958432,
1952-04,,,,,,,,,,,,,,0.01940475,
1952-05,,,,,,,,,,,,,,0.01929388,
1952-06,,,,,,,,,,,,,,0.01933598,
1952-07,,,,,,,,,,,,,,0.019453,
1952-08,,,,,,,,,,,,,,0.01947889,
1952-09,,,,,,,,,,,,,,0.01949227,
1952-10,,,,,,,,,,,,,,0.01944223,
1952-11,,,,,,,,,,,,,,0.01935626,
1952-12,,,,,,,,,,,,,,0.01935452,
1953-01,,,,,,,,,,,,,,0.01930703,
1953-02,,,,,,,,,,,,,,0.01926565,
1953-03,,,,,,,,,,,,,,0.0193019,
1953-04,,,,,,,,,,,,,,0.01947389,
1953-05,,,,,,,,,,,,,,0.01960435,
1953-06,,,,,,,,,,,,,,0.01959453,
1953-07,,,,,,,,,,,,,,0.01954588,
1953-08,,,,,,,,,,,,,,0.01952202,
1953-09,,,,,,,,,,,,,,0.01953336,
1953-10,,,,,,,,,,,,,,0.01957957,
1953-11,,,,,,,,,,,,,,0.01974556,
1953-12,,,,,,,,,,,,,,0.01982211,
1954-01,,,,,,,,,,,,,,0.01987448,
1954-02,,,,,,,,,,,,,,0.02000351,
1954-03,,,,,,,,,,,,,,0.02004592,
1954-04,,,,,,,,,,,,,,0.02008025,
1954-05,,,,,,,,,,,,,,0.02011755,
1954-06,,,,,,,,,,,,,,0.02011572,
1954-07,,,,,,,,,,,,,,0.0201541,
1954-08,,,,,,,,,,,,,,0.02030169,
1954-09,,,,,,,,,,,,,,0.02053089,
1954-10,,,,,,,,,,,,,,0.0207297,
1954-11,,,,,,,,,,,,,,0.02089457,
1954-12,,,,,,,,,,,,,,0.02113452,
1955-01,,,,,,,,,,,,,,0.02129337,
1955-02,,,,,,,,,,,,,,0.02140614,
1955-03,,,,,,,,,,,,,,0.02158276,
1955-04,,,,,,,,,,,,,,0.02172137,
1955-05,,,,,,,,,,,,,,0.02189018,
1955-06,,,,,,,,,,,,,,0.02216841,
1955-07,,,,,,,,,,,,,,0.02244945,
1955-08,,,,,,,,,,,,,,0.02268808,
1955-09,,,,,,,,,,,,,,0.02293799,
1955-10,,,,,,,,,,,,,,0.02317361,
1955-11,,,,,,,,,,,,,,0.02340135,
1955-12,,,,,,,,,,,,,,0.02364683,
1956-01,,,,,,,,,,,,,,0.02386169,
1956-02,,,,,,,,,,,,,,0.02397555,
1956-03,,,,,,,,,,,,,,0.02420798,
1956-04,,,,,,,,,,,,,,0.02448121,
1956-05,,,,,,,,,,,,,,0.02463705,
1956-06,,,,,,,,,,,,,,0.02474315,
1956-07,,,,,,,,,,,,,,0.02481187,
1956-08,,,,,,,,,,,,,,0.0249367,
1956-09,,,,,,,,,,,,,,0.02501603,
1956-10,,,,,,,,,,,,,,0.02502405,
1956-11,,,,,,,,,,,,,,0.02519036,
1956-12,,,,,,,,,,,,,,0.02541433,
1957-01,,,,,,,,,,,,,,0.02557109,
1957-02,,,,,,,,,,,,,,0.02577497,
1957-03,,,,,,,,,,,,,,0.02598824,
1957-04,,,,,,,,,,,,,,0.02624388,
1957-05,,,,,,,,,,,,,,0.02662859,
1957-06,,,,,,,,,,,,,,0.0269542,
1957-07,,,,,,,,,,,,,,0.0271161,
1957-08,,,,,,,,,,,,,,0.02712583,
1957-09,,,,,,,,,,,,,,0.02726255,
1957-10,,,,,,,,,,,,,,0.02758421,
1957-11,,,,,,,,,,,,,,0.02777503,
1957-12,,,,,,,,,,,,,,0.02794308,
1958-01,,,,,,,,,,,,,,0.02820776,
1958-02,,,,,,,,,,,,,,0.02843766,
1958-03,,,,,,,,,,,,,,0.02864417,
1958-04,,,,,,,,,,,,,,0.02889908,
1958-05,,,,,,,,,,,,,,0.02900126,
1958-06,,,,,,,,,,,,,,0.02901862,
1958-07,,,,,,,,,,,,,,0.02925667,
1958-08,,,,,,,,,,,,,,0.02951354,
1958-09,,,,,,,,,,,,,,0.02974491,
1958-10,,,,,,,,,,,,,,0.03009202,
1958-11,,,,,,,,,,,,,,0.03041643,
1958-12,,,,,,,,,,,,,,0.03068341,
1959-01,,,,,,,,,,,,,2.381541,0.03086665,
1959-02,,,,,,,,,,,,,2.390682,0.03111897,
1959-03,,,,,,,,,,,,,2.403146,0.03146537,
1959-04,,,,,,,,,,,,,2.410625,0.0318509,
1959-05,,,,,,,,,,,,,2.428075,0.03219203,
1959-06,,,,,,,,,,,,,2.443863,0.03248151,
1959-07,,,,,,,,,,,,,2.453004,0.03275714,
1959-08,,,,,,,,,,,,,2.462976,0.03307686,
1959-09,,,,,,,,,,,,,2.465468,0.03344864,
1959-10,,,,,,,,,,,,,2.463806,0.03377498,
1959-11,,,,,,,,,,,,,2.468792,0.03407843,
1959-12,,,,,,,,,,,,,2.474609,0.03437842,
1960-01,,,,,,,,,,,,,2.477933,0.03471427,
1960-02,0.39406,,,,,,,,,0.890502,,,2.480426,0.03502077,
1960-03,0.3972217,,,,,,,,,0.8956848,,,2.487904,0.03526168,
1960-04,0.3997957,,,,,,,,,0.8997979,,,2.493721,0.03547155,
1960-05,0.4042445,,,,,,,,,0.9022519,,,2.500369,0.03568349,
1960-06,0.4064828,,,,,,,,,0.9079137,,,2.512002,0.03591917,
1960-07,0.4076579,,,,,,,,,0.9145309,,,2.52696,0.03608637,
1960-08,0.4091408,,,,,,,,,0.9205787,,,2.550226,0.03630234,
1960-09,0.4094206,,,,,,,,,0.9271035,,,2.562691,0.03638044,
1960-10,0.4102041,,,,,,,,,0.9318128,,,2.571832,0.03621963,
1960-11,0.4097843,,,,,,,,,0.9429995,,,2.583465,0.03589594,
1960-12,0.4086372,,,,,,,,,0.9485459,,,2.59593,0.03580718,
1961-01,0.4073502,,,,,,,,,0.9463659,,,2.610056,0.03597163,
1961-02,0.4066507,,,,,,,,,0.951586,,,2.629999,0.03594464,
1961-03,0.4064828,,,,,,,,,0.9568809,,,2.644956,0.03603514,
1961-04,0.4085253,,,,,,,,,0.9612637,,,2.658252,0.03600444,
1961-05,0.411631,,,,,,,,,0.9653013,,,2.677364,0.03588647,
1961-06,0.4132538,,,,,,,,,0.9691103,,,2.694814,0.03596364,
1961-07,0.4150724,,,,,,,,,0.9724156,,,2.705617,0.03608761,
1961-08,0.4164994,,,,,,,,,0.9738112,,,2.722236,0.03635866,
1961-09,0.4191294,,,,,,,,,0.9776066,,,2.738024,0.03652824,
1961-10,0.4225709,,,,,,,,,0.9811519,,,2.75132,0.03659959,
1961-11,0.4238859,,,,,,,,,0.983434,,,2.770432,0.03686361,
1961-12,0.4258724,,,,,,,,,0.9905092,,,2.787882,0.03718661,
1962-01,0.4290901,,,,,,,,,1.001068,,,2.804501,0.0375456,
1962-02,0.43186,,,,,,,,,1.008293,,,2.826106,0.03798721,
1962-03,0.4352735,,,,,,,,,1.011655,,,2.851035,0.03848709,
1962-04,0.438631,,,,,,,,,1.019461,,,2.870978,0.03891896,
1962-05,0.4409533,,,,,,,,,1.028137,,,2.887598,0.039304,
1962-06,0.4434714,,,,,,,,,1.033082,,,2.902555,0.03960571,
1962-07,0.4476123,,,,,,,,,1.039522,,,2.91502,0.03986053,
1962-08,0.4500185,,,,,,,,,1.046053,,,2.931639,0.04009338,
1962-09,0.452145,,,,,,,,,1.051285,,,2.949089,0.04029796,
1962-10,0.4553905,,,,,,,,,1.059606,,,2.968201,0.04061363,
1962-11,0.4577408,,,,,,,,,1.065608,,,2.989806,0.04086407,
1962-12,0.4605108,,,,,,,,,1.066966,,,3.013904,0.04101963,
1963-01,0.4633647,,,,,,,,,1.068685,,,3.034678,0.0412177,
1963-02,0.4663304,,,,,,,,,1.07098,,,3.057114,0.04138835,
1963-03,0.4701076,,,,,,,,,1.076282,,,3.080381,0.04153602,
1963-04,0.4741367,,,,,,,,,1.082124,,,3.101986,0.04183186,
1963-05,0.4772424,,,,,,,,,1.088437,,,3.125253,0.04210004,
1963-06,0.4810755,,,,,,,,,1.094559,,,3.144365,0.04242905,
1963-07,0.4854963,,,,,,,,,1.100182,,,3.166801,0.04289741,
1963-08,0.4894413,,,,,,,,,1.107273,,,3.187575,0.04328494,
1963-09,0.4934424,,,,,,,,,1.112273,,,3.207519,0.04371195,
1963-10,0.496604,,,,,,,,,1.118515,,,3.226631,0.04431144,
1963-11,0.5014724,,,,,,,,,1.128688,,,3.253222,0.04477851,
1963-12,0.5079076,,,,,,,,,1.136813,,,3.267348,0.0450964,
1964-01,0.5125802,,,,,,,,,1.143606,,,3.283967,0.04561103,
1964-02,0.5165253,,,,,,,,,1.148019,,,3.30391,0.04599327,
1964-03,0.5229884,,,,,,,,,1.156474,,,3.322191,0.0460852,
1964-04,0.5294237,,,,,,,,,1.170414,,,3.33798,0.04630179,
1964-05,0.5345998,,,,,,,,,1.179072,,,3.358754,0.04666068,
1964-06,0.5403076,,,,,,,,,1.182581,,,3.382852,0.04705299,
1964-07,0.5449802,,,,,,,,,1.190034,,,3.407781,0.04749539,
1964-08,0.5499605,,,,,,,,,1.195516,,,3.435203,0.04809618,
1964-09,0.5544651,,,,,,,,,1.20427,,,3.464286,0.04856811,
1964-10,0.5582983,,,,,,,,,1.218447,,,3.482567,0.04875568,
1964-11,0.5629149,,,,,,,,,1.224921,,,3.506665,0.04908777,
1964-12,0.5661885,,,,,,,,,1.227028,,,3.529101,0.0494147,
1965-01,0.5686506,,,,,,,,,1.236521,,,3.552368,0.04968597,
1965-02,0.5724838,,,,,,,,,1.250461,,,3.576466,0.05005411,
1965-03,0.5728195,,,,,,,,,1.261934,,,3.599733,0.05030023,
1965-04,0.573575,,,,,,,,,1.270249,,,3.618014,0.05074587,0.1688796
1965-05,0.5763729,,,,,,,,,1.273798,,,3.632141,0.05136997,0.1700512
1965-06,0.5791708,,,,,,,,,1.287017,,,3.65707,0.05175373,0.1692293
1965-07,0.5819688,,,,,,,,,1.302882,,,3.680337,0.05213328,0.1689845
1965-08,0.5847667,,,,,,,,,1.312065,,,3.704435,0.05263134,0.1694392
1965-09,0.5875646,,,,,,,,,1.318929,,,3.73518,0.05303506,0.1691419
1965-10,0.5875646,,,,,,,,,1.324164,,,3.76094,0.05344545,0.1697714
1965-11,0.5875646,,,,,,,,,1.333827,,,3.7867,0.05394485,0.1707158
1965-12,0.5903625,,,,,,,,,1.347904,,,3.815784,0.05449168,0.1719049
1966-01,0.5931605,,,,,,,,,1.360171,,,3.839051,0.05507538,0.1728493
1966-02,0.5959584,,,,,,,,,1.369746,,,3.860656,0.05555454,0.1734264
1966-03,0.6015543,,,,,,,,,1.375109,,,3.882261,0.05597505,0.1738461
1966-04,0.6071501,,,,,,,,,1.378681,,,3.899711,0.05660703,0.1750527
1966-05,0.609948,,,,,,,,,1.389405,,,3.906359,0.05726546,0.1777109
1966-06,0.6127459,,,,,,,,,1.399194,,,3.915499,0.05770947,0.1802641
1966-07,0.6155439,,,,,,,,,1.406604,,,3.913007,0.05827255,0.1830796
1966-08,0.6183418,,,,,,,,,1.422022,,,3.927133,0.05882042,0.1844437
1966-09,0.6211398,,,,,,,,,1.435712,,,3.9504,0.05904577,0.1855279
1966-10,0.6239377,,,,,,,,,1.441357,,,3.952893,0.05940982,0.1870144
1966-11,0.6295335,,,,,,,,,1.449661,,,3.966188,0.06007482,0.1872417
1966-12,0.6351294,,,,,,,,,1.461916,,,3.990286,0.06067137,0.1880112
1967-01,0.6379273,,,,,,,,,1.46905,,,4.00192,0.0611,0.1895151
1967-02,0.6407252,,,,,,,,,1.482366,,,4.031003,0.0615376,0.1901447
1967-03,0.6463211,,,,,,,,,1.496088,,,4.069228,0.06211763,0.1908792
1967-04,0.6519169,,,,,,,,,1.50095,,,4.08917,0.06230864,0.1920684
1967-05,0.6547149,,,,,,,,,1.510566,,,4.13155,0.06248513,0.1927154
1967-06,0.6575128,,,,,,,,,1.526351,,,4.171436,0.06284435,0.1942019
1967-07,0.6631086,,,,,,,,,1.536415,,,4.207168,0.06308991,0.1954785
1967-08,0.6687045,,,,,,,,,1.546649,,,4.244561,0.06354818,0.196178
1967-09,0.6743004,,,,,,,,,1.56409,,,4.276968,0.0642318,0.1964753
1967-10,0.6798962,,,,,,,,,1.578578,,,4.306052,0.06489808,0.1967201
1967-11,0.685492,,,,,,,,,1.595676,,,4.330981,0.06545479,0.1986787
1967-12,0.68829,,,,,,,,,1.601347,,,4.360896,0.0661883,0.2013544
1968-01,0.6910879,,,,,,,,,1.601484,,,4.382501,0.06681231,0.2036278
1968-02,0.6994817,,,,,,,,,1.607993,,,4.40743,0.06721356,0.2049743
1968-03,0.7050775,,,,,,,,,1.61734,,,4.430696,0.06786703,0.2060061
1968-04,0.7050775,,,,,,,,,1.636402,,,4.451471,0.06855526,0.2080697
1968-05,0.7078755,,,,,,,,,1.653073,,,4.478062,0.06894932,0.2107803
1968-06,0.7134713,,,,,,,,,1.659131,,,4.508807,0.06944974,0.2132985
1968-07,0.7162693,,,,,,,,,1.674251,,,4.533736,0.07011223,0.2157818
1968-08,0.7218651,,,,,,,,,1.695089,,,4.565313,0.07064463,0.2183875
1968-09,0.727461,,,,,,,,,1.706894,,,4.600213,0.07123305,0.2206959
1968-10,0.7302589,,,,,,,,,1.72694,,,4.633451,0.07188407,0.2229518
1968-11,0.7358547,,,,,,,,,1.747403,,,4.673338,0.0722779,0.2277959
1968-12,0.7414506,,,,,,,,,1.766322,,,4.7099,0.07269009,0.2299994
1969-01,0.7470464,,,,,,,,,1.789546,,,4.730674,0.07349711,0.2295972
1969-02,0.7498444,,,,,,,,,1.809406,,,4.752279,0.0744919,0.2325001
1969-03,0.7554402,,,,,,,,,1.82064,,,4.773054,0.07552787,0.2356304
1969-04,0.763834,,,,,,,,,1.831628,,,4.783856,0.0765499,0.2371519
1969-05,0.7694299,,,,,,,,,1.843027,,,4.790504,0.07749085,0.2386034
1969-06,0.7750257,,,,,,,,,1.852315,,,4.807123,0.07854689,0.2386034
1969-07,0.7834195,,,,,,,,,1.865196,,,4.815433,0.07951722,0.2374492
1969-08,0.7918133,,,,,,,,,1.879116,,,4.820418,0.08013824,0.2387607
1969-09,0.7946112,,,,,,,,,1.909589,,,4.837038,0.0804216,0.2428529
1969-10,0.7974091,,,,,,,,,1.929632,,,4.84784,0.08089431,0.2474172
1969-11,0.803005,,,,,,,,,1.9315,,,4.86446,0.08195204,0.2506
1969-12,0.8086008,,,,,,,,,1.939566,,,4.885233,0.08270389,0.2536254
1970-01,0.8141967,,1.976729,,,,,,,1.949099,,,4.89936,0.08348867,0.2542025
1970-02,0.8197925,,1.995135,,,,,,,1.96237,,,4.871938,0.08447129,0.2530658
1970-03,0.8225905,,2.002838,,,,,,,1.988613,,,4.880248,0.08517765,0.2554441
1970-04,0.8253884,,1.994773,,,,,,,2.017001,,,4.889389,0.08759746,0.2587843
1970-05,0.8337822,,2.020727,,,,,,,2.043677,,,4.915148,0.09011165,0.2605505
1970-06,0.839378,,2.034894,,,,,,,2.072795,,,4.945894,0.09092955,0.2629638
1970-07,0.842176,,2.038203,,,,,,,2.098274,,,4.978302,0.09190881,0.2652372
1970-08,0.842176,,2.067569,,,,,,,2.113882,,,5.026497,0.09298286,0.266269
1970-09,0.839378,,2.09585,,,,,,,2.137936,,,5.078848,0.09413236,0.2679828
1970-10,0.842176,,2.100917,,,,,,,2.167026,,,5.122058,0.09562659,0.2705361
1970-11,0.8449739,,2.147139,,,,,,,2.191511,,,5.161113,0.09673641,0.2720575
1970-12,0.8505697,,2.16296,,,,,,,2.215648,,,5.205986,0.09725758,0.273544
1971-01,0.8589635,,2.194188,,,,,,,2.267503,,,5.259167,0.09830516,0.2764819
1971-02,0.8617615,,2.194085,,,,,,,2.297293,,,5.326475,0.09977453,0.2787903
1971-03,0.8645594,,2.215179,,,,,,,2.297364,,,5.400431,0.10076,0.2806265
1971-04,0.8701552,,2.218333,,,,,,,2.320847,,,5.471063,0.1014787,0.2831797
1971-05,0.8757511,,2.23374,,,,,,,2.335481,,,5.540033,0.1024442,0.2858379
1971-06,0.8813469,,2.240203,,,,,,,2.357951,,,5.592383,0.103582,0.287097
1971-07,0.8897407,,2.264244,,,,,,,2.380578,,,5.647227,0.1045819,0.2871145
1971-08,0.8981345,,2.309639,,,,,,,2.403209,,,5.696254,0.1057668,0.2894753
1971-09,0.9037303,,2.310983,,,,,,,2.413347,,,5.754421,0.1072255,0.2918012
1971-10,0.9093262,,2.353844,,,,,,,2.435499,,,5.803448,0.1086651,0.2930428
1971-11,0.91772,,2.364753,,,,,,,2.488004,,,5.854968,0.1101289,0.2951414
1971-12,0.9261137,,2.373388,,,,,,,2.498992,,,5.902333,0.1121825,0.2974672
1972-01,0.9317096,,2.456266,11.06448,,,,,,2.507104,,,5.963824,0.1139502,0.2997581
1972-02,0.9373055,,2.455129,11.26426,,,,,,2.543396,,,6.030301,0.1149021,0.302836
1972-03,0.9429013,,2.485168,11.43045,,,,,,2.569508,,,6.095116,0.116019,0.305669
1972-04,0.9484972,,2.535164,11.52318,,,,,,2.59487,,,6.135833,0.1168959,0.3073828
1972-05,0.9568909,,2.566288,11.62564,,,,,,2.617378,,,6.176551,0.1181687,0.3094114
1972-06,0.9708806,,2.610029,11.74792,,,,,,2.628216,,,6.229733,0.120393,0.313591
1972-07,0.9820723,,2.620059,11.87716,,,,,,2.64685,,,6.311167,0.1220083,0.3195543
1972-08,0.9904661,,2.600722,12.04238,,,,,,2.675565,,,6.387615,0.1234753,0.3257625
1972-09,1.007254,,2.649736,12.12721,,,,,,2.693528,,,6.467388,0.1246953,0.3313411
1972-10,1.029637,,2.709297,12.17888,,,,,,2.707863,,,6.538851,0.1257896,0.3348037
1972-11,1.049222,,2.684428,12.24431,,,,,,2.732778,,,6.597018,0.127804,0.339298
1972-12,1.068808,,2.747091,12.31465,,,,,,2.762078,,,6.666819,0.1301154,0.3462232
1973-01,1.091191,,2.783386,12.39765,,,,,,2.788445,,,6.733296,0.1319919,0.3501929
1973-02,1.113575,,2.828367,12.47959,,,,,,2.824085,,,6.764873,0.1339508,0.3530434
1973-03,1.13316,,2.847341,12.54779,,,,,,2.855846,,,6.774844,0.1367265,0.3598637
1973-04,1.149948,,2.888445,12.58762,,,,,,2.885447,,,6.811407,0.1394935,0.3686425
1973-05,1.169533,,2.898061,12.66944,,,,,,2.921668,,,6.870405,0.1418061,0.3779985
1973-06,1.191917,,2.953382,12.78587,,,,,,2.954276,,,6.924417,0.143895,0.3861303
1973-07,1.217098,,3.024215,12.86229,,,,,,2.983591,,,6.951008,0.1461768,0.3931429
1973-08,1.245077,,3.029902,12.935,,,,,,3.002129,,,6.97012,0.1483059,0.3998757
1973-09,1.270259,,3.087239,13.01945,,,,,,3.017777,,,6.974276,0.150606,0.4068883
1973-10,1.292642,,3.154039,13.10648,,,,,,3.027659,,,7.001697,0.1528285,0.4123445
1973-11,1.315026,,3.245551,13.19108,,,,,,3.048865,,,7.054048,0.1545958,0.4154049
1973-12,1.331813,,3.335099,13.26319,,,,,,3.087185,,,7.108891,0.1560797,0.4190948
1974-01,1.343005,,3.388663,13.31069,,,,,,3.122773,,,7.143792,0.157874,0.4235717
1974-02,1.356995,,3.467664,13.34524,,,,,,3.165494,,,7.181185,0.1598356,0.4298848
1974-03,1.368186,,3.545786,13.37119,,,,,,3.187222,,,7.230212,0.16147,0.4375444
1974-04,1.382176,,3.598884,13.42517,,,,,,3.19934,,,7.253479,0.1636292,0.4440324
1974-05,1.398963,,3.702754,13.4878,,,,,,3.227377,,,7.267605,0.1658867,0.4505029
1974-06,1.410155,,3.731138,13.53013,,,,,,3.247003,,,7.294196,0.1675214,0.4575155
1974-07,1.424145,,3.827924,13.59417,,,,,,3.268237,,,7.324111,0.1693591,0.4620098
1974-08,1.421347,,3.889502,13.70407,,,,,,3.301652,,,7.346547,0.1707219,0.4645455
1974-09,1.401761,,3.95475,13.81711,,,,,,3.34018,,,7.378124,0.1714667,0.4669414
1974-10,1.387772,,3.966435,13.89811,,,,,,3.389647,,,7.422996,0.172511,0.4737966
1974-11,1.384974,,4.002471,13.99124,,,,,,3.430773,,,7.467037,0.1737107,0.4840969
1974-12,1.404559,,4.040782,14.07541,,,,,,3.450285,,,7.49612,0.1747364,0.4919489
1975-01,1.435336,,4.094759,14.14302,,,,,,3.46809,,,7.531021,0.1763233,0.5022492
1975-02,1.488497,,4.140671,14.22431,,,,,,3.513179,,,7.595836,0.1785628,0.5112554
1975-03,1.53886,,4.175105,14.30966,,,,,,3.549772,,,7.686411,0.1798263,0.5191249
1975-04,1.569637,,4.187306,14.37856,,,,,,3.565689,,,7.770339,0.1811789,0.5266796
1975-05,1.597616,,4.202403,14.4705,,,,,,3.604721,,,7.876702,0.1832955,0.5303696
1975-06,1.62,,4.285644,14.21533,,,,,,3.664819,,,8.002177,0.1855656,0.5372073
1975-07,1.650777,,4.31439,13.91621,,,,,,3.724512,,,8.102724,0.1882198,0.5477524
1975-08,1.678756,,4.374623,13.96199,,,,,,3.779214,,,8.169201,0.1905543,0.5580877
1975-09,1.701139,,4.448505,14.03616,,,,,,3.847359,,,8.239001,0.1921577,0.5654326
1975-10,1.726321,,4.501035,14.15081,,,,,,3.897102,,,8.291352,0.1943284,0.5720255
1975-11,1.751502,,4.508532,14.27484,,,,,,3.929647,,,8.36697,0.1967083,0.582046
1975-12,1.771088,,4.618037,14.42908,,,,,,3.957046,,,8.444249,0.1977529,0.5915419
1976-01,1.787875,,4.66462,14.57361,,,,,,4.007399,,,8.53067,0.1996406,0.5968756
1976-02,1.793471,,4.748688,14.66322,,,,,,4.07398,,,8.644512,0.203025,0.6010377
1976-03,1.799067,,4.861141,14.75828,,,,,,4.119127,,,8.725115,0.2057937,0.6047451
1976-04,1.82145,,4.972093,14.87011,,,,,,4.178306,,,8.814859,0.2086842,0.6095018
1976-05,1.843834,,5.061952,14.97164,,,,,,4.240266,,,8.908758,0.2126274,0.6139087
1976-06,1.860621,,5.121202,15.0531,,,,,,4.297476,,,8.954461,0.2164844,0.6198371
1976-07,1.883005,,5.186657,15.14327,,,,,,4.359907,,,9.026755,0.2201387,0.6254507
1976-08,2.034093,,5.287838,15.23983,,,,,,4.404839,,,9.129794,0.2243882,0.6289657
1976-09,2.185181,,5.288666,15.30773,,,,,,4.432706,,,9.230341,0.2290839,0.6349815
1976-10,2.210362,,5.396827,15.36512,,,,,,4.486518,,,9.348338,0.2337192,0.6416968
1976-11,2.235543,,5.463832,15.43225,,,,,,4.555447,,,9.458025,0.2374978,0.6462961
1976-12,2.266321,,5.541179,15.56451,,,,,,4.620019,,,9.572698,0.2422626,0.6488668
1977-01,2.2943,,5.613304,15.72714,,,,,,4.692544,,,9.682385,0.2458972,0.6514025
1977-02,2.322279,,5.677466,15.82859,,,,,,4.752344,,,9.785424,0.2478398,0.653571
1977-03,2.344663,,5.756829,15.91045,,,,,,4.862486,1.5,,9.875999,0.2523594,0.6576982
1977-04,2.353056,,5.829574,16.0226,,,,,,4.946805,1.027579,,9.968236,0.2569612,0.6643435
1977-05,2.36145,,5.966584,16.17426,,,,,,4.961606,1.060704,,10.04635,0.2600694,0.6733847
1977-06,2.37544,,5.962397,16.35823,,,,,,5.030513,1.06745,,10.11947,0.2630472,0.6837724
1977-07,2.389429,,6.03054,16.51693,,,,,,5.111448,1.076854,,10.19343,0.2662847,0.687305
1977-08,2.403419,,6.11409,16.63593,,,,,,5.187503,1.103616,,10.27902,0.2703209,0.6887215
1977-09,2.417409,,6.21005,16.75789,,,,,,5.262348,1.120016,,10.35546,0.2747163,0.6940553
1977-10,2.431398,,6.280262,16.88206,,,,,,5.329422,1.135453,,10.42028,0.2785078,0.6979725
1977-11,2.450984,,6.299443,16.96567,,,,,,5.379885,1.16004,,10.49008,0.2827985,0.7026767
1977-12,2.470569,,6.373739,17.03236,,,,,,5.423347,1.194637,,10.55573,0.2883429,0.7104938
1978-01,2.484559,,6.435575,17.1305,,,,,,5.476979,1.232598,,10.63384,0.2922073,0.725988
1978-02,2.504144,,6.486036,17.28842,,,,,,5.502078,1.264022,,10.68203,0.2952169,0.7392437
1978-03,2.534922,,6.577652,17.50423,,,,,,5.547111,1.296333,,10.73771,0.2996161,0.7458366
1978-04,2.562901,,6.707632,17.69409,,,,,,5.597266,1.332546,,10.80585,0.3048389,0.7576758
1978-05,2.585284,,6.760833,17.85564,,,,,,5.679105,1.377003,,10.88977,0.3096677,0.7710365
1978-06,2.607668,,6.841075,18.0049,,,,,,5.729936,1.429871,,10.95625,0.3142943,0.7820538
1978-07,2.635647,,6.909011,18.04231,,,,,,5.732326,1.469658,,11.00279,0.3184593,0.7945401
1978-08,2.67202,,7.000266,18.13045,,,,,,5.791,1.511088,,11.0809,0.3224828,0.8112584
1978-09,2.705595,,7.139396,18.2776,,,,,,5.845563,1.567631,,11.17646,0.3282099,0.8056273
1978-10,2.730777,,7.219793,18.43903,,,,,,5.904947,1.639709,,11.23712,0.3342254,0.8108212
1978-11,2.75316,,7.420656,18.64985,,,,,,5.995262,1.694465,,11.29362,0.3398083,0.8378049
1978-12,2.775543,,7.505551,18.78764,,,,,,6.054224,1.71704,,11.35096,0.3479181,0.8464264
1979-01,2.80632,,7.634186,18.90211,,,,,,6.090045,1.750994,,11.39749,0.356795,0.8500988
1979-02,2.842694,,7.753566,19.0114,,,,,,6.15482,1.797859,,11.44901,0.3608015,0.8580382
1979-03,2.876269,,7.814937,19.14001,,,,,,6.218841,1.857762,,11.53211,0.3645556,0.8687583
1979-04,2.909844,,7.941658,19.25587,,,,,,6.297297,1.87284,,11.65094,0.3693098,0.8764529
1979-05,2.940621,,8.076498,19.3654,,,,,,6.358631,1.891191,,11.71825,0.3738114,0.88413
1979-06,2.963004,,8.197223,19.51556,,,,,,6.415992,1.938749,,11.82461,0.381866,0.8908978
1979-07,2.98259,,8.355638,19.72461,,,,,,6.504589,1.990531,,11.92266,0.3900744,0.8980153
1979-08,3.010569,,8.430296,19.89606,,,,,,6.565951,2.047494,,12.02072,0.3980472,0.9114109
1979-09,3.038548,,8.515501,19.94836,,,,,,6.639487,2.097986,,12.08304,0.4027366,0.9244568
1979-10,3.066528,,8.621181,20.06567,,,,,,6.722725,2.161611,,12.13539,0.4053748,0.9387094
1979-11,3.102901,,8.81951,20.23919,,,,,,6.803395,2.214002,,12.18109,0.4091777,0.956407
1979-12,3.139274,,8.925241,20.37654,,,,,,6.850966,2.275297,,12.24591,0.412892,0.9731429
1980-01,3.186839,,9.004035,20.56573,,,,24.14742,,6.881392,2.338407,,12.32069,0.4182861,0.987238
1980-02,3.237201,,9.157538,20.76072,,,,24.29466,0.4614602,6.933142,2.3681,,12.41958,0.424802,0.998745
1980-03,3.265181,,9.291861,20.86003,,,,24.42554,0.4768408,6.983389,2.384577,,12.46279,0.4308831,1.018803
1980-04,3.287564,,9.410621,20.85883,,,,24.59732,0.488419,7.0443,2.408262,,12.48273,0.4362835,1.029401
1980-05,3.315543,,9.545201,20.78885,,,,24.79364,0.4971052,7.156661,2.435349,,12.56666,0.4410809,1.033476
1980-06,3.349118,,9.676887,20.71017,,,,24.88363,0.5086812,7.2332,2.478129,,12.70709,0.4437073,1.053587
1980-07,3.391087,,9.79244,20.67408,,,,24.98997,0.5191426,7.268801,2.526233,,12.84254,0.4474412,1.082564
1980-08,3.433056,,9.777809,20.69597,,,,25.12085,0.5306355,7.373771,2.565848,,12.97549,0.4533649,1.106959
1980-09,3.469429,,9.847555,20.78351,,,,25.24355,0.5451971,7.465675,2.627764,,13.07936,0.4598303,1.130201
1980-10,3.511398,,9.963058,20.88404,,,,25.38261,0.553633,7.541241,2.667152,,13.16911,0.4672821,1.158828
1980-11,3.556165,,10.07975,20.96143,,,,25.58711,0.5598924,7.639981,2.702134,,13.26051,0.4756908,1.180198
1980-12,3.592538,,10.19748,21.0844,,,,25.75889,0.5796413,7.740711,2.756258,,13.29375,0.4827676,1.198438
1981-01,3.620517,,10.41437,21.16725,,,,25.93067,0.5970595,7.854198,2.978422,,13.35275,0.4905824,1.220543
1981-02,3.645699,,10.65959,21.19773,,,,26.12699,0.6092699,7.929842,3.249067,,13.4508,0.4992913,1.244623
1981-03,3.676476,,10.62252,21.27692,,,,26.32331,0.626559,7.914538,3.241671,,13.59955,0.507641,1.272674
1981-04,3.712849,,10.6858,21.39487,,,,26.59325,0.6422747,7.989538,3.242064,,13.78734,0.5156795,1.307247
1981-05,3.754818,,10.69676,21.51276,,,,26.75685,0.6546482,8.102182,3.406044,,13.82889,0.5225905,1.334598
1981-06,3.802382,,10.89406,21.65144,,,,27.04315,0.6670473,8.161056,3.542017,,13.87958,0.5295406,1.348815
1981-07,3.841553,,11.03867,21.79298,,,,27.25583,0.6781393,8.246729,3.634371,,13.97597,0.537683,1.365901
1981-08,3.869533,,11.27355,21.84581,,,,27.49305,0.6904731,8.326178,3.719534,,14.07901,0.5424854,1.381413
1981-09,3.90031,,11.33632,21.83921,,,,27.73845,0.7047979,8.44197,3.783665,,14.17624,0.5461467,1.381115
1981-10,3.936683,,11.32407,21.81868,,,,28.01657,0.7212489,8.530985,3.860488,,14.30753,0.5547605,1.388058
1981-11,3.973056,,11.16493,21.80708,,,,28.21289,0.7399848,8.560876,3.926356,,14.42635,0.5599707,1.409813
1981-12,4.001035,,11.31228,21.75588,,,,28.41739,0.7614953,8.603138,3.942002,,14.58756,0.5638399,1.422631
1982-01,4.029015,,11.24258,21.65196,,,,28.65461,0.78262,8.690974,3.975161,,14.71138,0.5683018,1.428088
1982-02,4.06259,,11.19771,21.6838,,,,28.85093,0.7985464,8.731602,4.022623,,14.74544,0.5721776,1.435905
1982-03,4.096165,,11.28782,21.74438,,,,29.02271,0.8165851,8.827809,3.954267,,14.84516,0.576221,1.458272
1982-04,4.140932,,11.3387,21.77551,,,,29.15359,0.8391908,8.960488,3.953799,,14.98975,0.5826924,1.469604
1982-05,4.205284,,11.3616,21.83465,,,,29.34174,0.8623188,9.040451,4.093322,,15.08531,0.5916687,1.465337
1982-06,4.247253,,11.40803,21.85879,,,,29.51352,0.8858878,9.120132,4.245547,,15.17339,0.5992496,1.47798
1982-07,4.26404,,11.42923,21.92714,,,,29.79164,0.9151455,9.167441,4.323359,,15.21909,0.6061147,1.498004
1982-08,4.289222,,11.52586,22.0416,,,,29.99614,0.938853,9.213243,4.307176,,15.33294,0.6147642,1.520196
1982-09,4.325595,,11.54959,22.22096,,,,30.15156,0.9620006,9.269256,4.29113,,15.44262,0.6241963,1.548194
1982-10,4.356372,,11.58366,22.425,,,,30.3397,0.9909696,9.317335,4.275642,,15.53652,0.6309284,1.57147
1982-11,4.389947,,11.61458,22.61321,,,,30.51966,1.01408,9.352713,4.358589,,15.65286,0.6387392,1.597702
1982-12,4.445906,,11.59586,22.70887,,,,30.65872,1.028281,9.45159,4.533742,,15.83733,0.6544532,1.629302
1983-01,4.485076,,11.67176,22.7509,,,,30.82232,1.036638,9.511203,4.695979,,16.2819,0.6626164,1.660343
1983-02,4.52145,,11.7017,22.87041,,,,30.98592,1.056332,9.577389,4.831162,,16.59268,0.6632769,1.6896
1983-03,4.596993,,11.67766,23.0474,,,,31.14952,1.079229,9.659593,4.734241,,16.74557,0.6704164,1.720186
1983-04,4.661346,,11.64043,23.20745,,,,31.37856,1.096259,9.706,4.561956,,16.85692,0.6801361,1.749233
1983-05,4.70891,,11.60584,23.38344,,,,31.57488,1.117603,9.781976,4.63286,,16.97741,0.691323,1.775587
1983-06,4.770465,,11.57498,23.56707,,,,31.78756,1.139102,9.873263,4.756926,,17.06383,0.701459,1.802956
1983-07,4.823626,,11.59643,23.69171,,,,31.9348,1.157797,10.03738,4.855741,,17.15773,0.7130629,1.815022
1983-08,4.868392,,11.65625,23.83291,,,,32.11476,1.176055,10.14108,4.96856,,17.23418,0.7238493,1.826285
1983-09,4.915957,,11.71095,23.95713,,,,32.32744,1.194288,10.13828,5.081468,,17.31063,0.7322921,1.857658
1983-10,4.963522,,11.73013,23.96533,,,,32.52377,1.210089,10.17922,5.1701,,17.44441,0.7427153,1.872959
1983-11,5.013885,,11.72858,24.04886,,,,32.65464,1.227093,10.26783,5.283453,,17.55244,0.7537034,1.87985
1983-12,5.078237,,11.76917,24.21888,,,,32.96548,1.24717,10.37255,5.417884,,17.64551,0.7683733,1.902024
1984-01,5.139791,,11.77589,24.34171,,,,33.15363,1.265876,10.4756,5.528678,,17.76766,0.7782943,1.932313
1984-02,5.204144,,11.7778,24.47853,,,,33.37449,1.281746,10.59868,5.622452,,17.93385,0.7833513,1.963669
1984-03,5.260102,,11.84657,24.61208,,,,33.66079,1.297731,10.73885,5.529034,,18.07512,0.7927789,1.979425
1984-04,5.296475,,11.91735,24.73206,,,,33.74259,1.30666,10.87809,5.535796,,18.21222,0.8029526,2.003243
1984-05,5.332849,,12.01305,24.86193,,,,33.97981,1.322872,11.00437,5.743718,,18.31526,0.8155017,2.03376
1984-06,5.374817,,12.13258,24.97899,,,,34.20885,1.354025,11.12586,5.851186,,18.40667,0.8339583,2.056511
1984-07,5.433574,,12.23883,25.08946,,,,34.42153,1.383977,11.26769,5.984647,,18.47647,0.8455156,2.086888
1984-08,5.503522,,12.25145,25.23191,,,,34.64239,1.415287,11.39157,6.211764,,18.53381,0.8514036,2.115113
1984-09,5.567874,,12.30149,25.37438,,,,34.90415,1.434395,11.59661,6.415709,,18.65014,0.8630456,2.145367
1984-10,5.626631,,12.43075,25.4857,,,,35.07593,1.453982,11.79886,6.567493,,18.77063,0.8761432,2.185746
1984-11,5.699377,,12.38349,25.55168,,,,35.30497,1.482073,11.94015,6.693426,,18.9576,0.8899835,2.232456
1984-12,5.783315,,12.54408,25.87365,,,,35.49311,1.504951,12.2685,6.804257,,19.16534,0.9080241,2.256379
1985-01,5.872848,,12.59914,26.22979,,,,35.77123,1.531768,12.43956,6.899369,,19.38139,0.9210614,2.268393
1985-02,5.96518,,12.68507,26.36076,,,,36.01663,1.560313,12.40736,6.971493,,19.56171,0.9282543,2.292946
1985-03,6.043522,,12.7072,26.52058,,,,36.28658,1.585189,12.57775,7.069933,,19.66225,0.9412262,2.30538
1985-04,6.116268,,12.79096,26.64754,,,,36.58923,1.612309,12.65944,7.278556,,19.7387,0.9514911,2.322098
1985-05,6.19461,,12.87751,26.8007,,,,36.82645,1.636742,12.72197,7.52564,,19.85587,0.9604991,2.353052
1985-06,6.242175,,12.91649,26.91343,,,,37.04732,1.652621,12.90263,7.774296,,20.04782,0.9710152,2.388814
1985-07,6.32891,,12.98179,26.94274,,,,37.29272,1.673951,13.08079,8.104157,,20.18826,0.9840779,2.417302
1985-08,6.438029,,13.04973,26.99539,,,,37.52994,1.703033,13.29608,8.299205,,20.30874,0.999068,2.441767
1985-09,6.510776,,13.13612,27.12917,,,,37.79988,1.737141,13.47439,8.423455,,20.41178,1.01169,2.448098
1985-10,6.57233,,13.21259,27.31099,,,,38.1189,1.765696,13.57277,8.562561,,20.50817,1.023906,2.460811
1985-11,6.619895,,13.30395,27.43286,,,,38.4461,1.795101,13.68146,8.717512,,20.58961,1.036158,2.485801
1985-12,6.661863,,13.38083,27.59711,,,,38.7733,1.828726,14.03137,8.897497,,20.70844,1.047654,2.508238
1986-01,6.684247,,13.55015,27.78243,,,,38.96962,1.876287,14.1522,9.031952,,20.79153,1.065353,2.52779
1986-02,6.70663,,13.62559,27.91517,0.7170138,,,39.2232,1.927012,13.98903,9.190341,,20.88128,1.082783,2.56579
1986-03,6.762589,,13.78628,27.91267,0.7378309,,,39.49314,1.964624,13.97229,9.428877,,21.04913,1.093785,2.581127
1986-04,6.866112,,13.94392,28.03589,0.7677375,,,39.69764,2.006465,14.01908,9.66017,,21.25438,1.107286,2.586356
1986-05,6.955646,,13.82495,28.3142,0.7869343,,,39.93486,2.051299,14.11022,9.786033,,21.47874,1.123449,2.621122
1986-06,7.008807,,13.85199,28.5623,0.7948619,,,40.26207,2.093111,14.19369,9.847532,,21.6466,1.139765,2.637805
1986-07,7.053573,,13.95188,28.83806,0.810804,,,40.55655,2.131308,14.2236,9.905914,,21.82608,1.154279,2.652845
1986-08,7.092744,,14.07033,28.99709,0.8301354,,,40.82648,2.17133,14.26584,10.02725,,21.99145,1.167798,2.673428
1986-09,7.123521,,14.16799,29.10799,0.851989,,,41.13733,2.211903,14.26829,10.22722,,22.16844,1.185065,2.694466
1986-10,7.16549,,14.3579,29.29856,0.8753348,,,41.36637,2.257634,14.35822,10.48647,,22.33131,1.200411,2.718616
1986-11,7.196268,,14.5477,29.47196,0.9016253,,,41.61177,2.304411,14.5099,10.74393,,22.44681,1.216142,2.739654
1986-12,7.241035,,14.76934,29.66005,0.9221378,,,42.03713,2.352969,14.58352,10.97117,,22.66868,1.237262,2.750794
1987-01,7.330568,,14.87321,29.87026,0.9416072,,9.222552,42.35615,2.402075,14.61435,11.23449,,22.8008,1.260513,2.747471
1987-02,7.420102,,15.09729,30.02706,0.9675662,,11.16401,42.66699,2.457439,14.76739,11.52059,,22.83072,1.280062,2.765116
1987-03,7.456475,,15.20597,30.27778,0.9955277,,11.32784,43.11689,2.513632,14.9351,11.62466,,22.88224,1.295625,2.803257
1987-04,7.467667,,15.35833,30.56471,1.026427,,11.51193,43.58315,2.593985,15.06556,11.53679,,22.99857,1.311164,2.843322
1987-05,7.548806,,15.50248,30.75185,1.058663,,11.67247,44.00034,2.673639,15.08597,11.53573,,23.04178,1.32282,2.881165
1987-06,7.660723,,15.64171,30.98795,1.092345,,11.78703,44.3848,2.727494,15.16761,11.68109,,23.05591,1.336125,2.901853
1987-07,7.758651,,15.7385,31.32924,1.124549,,11.94958,44.7938,2.78266,15.52818,11.77384,,23.09247,1.355901,2.945625
1987-08,7.834195,,15.78048,31.66964,1.151617,,12.12873,45.2437,2.836986,15.73751,11.84956,,23.16892,1.376741,2.977523
1987-09,7.906941,,15.87318,31.98523,1.180915,,12.21261,45.70178,2.895272,15.82284,12.04193,,23.26282,1.397702,3.026629
1987-10,8.00207,,16.00006,32.32439,1.21286,,12.35398,46.08624,2.94062,16.16628,12.34059,,23.38996,1.417164,3.092645
1987-11,8.108392,,15.8372,32.66424,1.246058,,12.50159,46.62612,3.009558,16.61929,12.54499,,23.42403,1.432946,3.167388
1987-12,8.17834,,15.96666,32.93975,1.284101,,12.61644,46.91242,3.085533,16.85977,12.68686,,23.48635,1.450064,3.23169
1988-01,8.214713,,16.02255,33.17585,1.322988,,12.78066,47.34596,3.134282,17.2906,12.772,,23.66085,1.470109,3.270601
1988-02,8.276267,,16.10993,33.42964,1.348459,,12.90456,47.84494,3.190363,17.57699,12.89683,,23.85197,1.48905,3.329814
1988-03,8.351811,,16.28556,33.63677,1.377442,,13.08472,48.19669,3.260442,17.69511,13.92068,,24.02066,1.505517,3.40356
1988-04,8.424558,,16.47433,33.9264,1.420816,,13.25181,48.56479,3.324369,17.88847,14.69014,,24.18685,1.522268,3.464925
1988-05,8.505697,,16.63667,34.28609,1.464424,,13.34868,49.07195,3.399289,17.91864,14.54165,,24.31399,1.542621,3.521463
1988-06,8.628806,,16.90288,34.40476,1.496286,,13.54853,49.44005,3.486524,17.97002,14.63362,,24.41703,1.548043,3.60182
1988-07,8.729531,,17.09894,34.60056,1.524239,,13.81926,49.82451,3.565197,17.95637,14.76795,,24.49015,1.580273,3.671613
1988-08,8.793883,,17.37575,34.86795,1.564574,,14.0547,50.25805,3.644475,17.83703,14.78829,,24.53004,1.624457,3.750116
1988-09,8.905801,,17.49394,34.94271,1.604468,,14.26159,50.62615,3.730031,17.84242,14.66895,,24.57076,1.635664,3.849744
1988-10,9.076474,,17.59419,34.95342,1.63967,,14.42522,51.07605,3.815123,17.92791,14.74822,,24.64056,1.650658,3.93323
1988-11,9.261138,,17.74935,35.01683,1.660002,,14.54176,51.44415,3.900913,17.71589,14.7825,,24.76437,1.672618,3.99421
1988-12,9.451397,,17.85586,35.00699,1.69486,,14.72017,51.84497,3.972103,17.66353,14.66795,,24.83085,1.723676,4.072049
1989-01,9.675231,,18.02296,35.16839,1.756355,,14.93052,51.98404,4.036539,17.90216,14.77255,,24.85993,1.751553,4.157389
1989-02,9.907458,,18.12037,35.55186,1.810393,,15.15493,52.76932,4.093328,17.94696,15.0218,,24.86409,1.747706,4.230803
1989-03,10.10611,,18.39749,35.83765,1.865373,,15.4068,53.1865,4.161773,17.97729,15.24085,,24.92641,1.769631,4.313013
1989-04,10.27119,,18.53207,36.00837,1.917063,,15.59504,53.48098,4.250309,18.20759,15.21931,,24.97876,1.800939,4.350664
1989-05,10.43347,,18.76385,36.21785,1.973503,,15.78261,53.75092,4.326864,18.62574,15.25783,,25.02529,1.829601,4.421157
1989-06,10.6657,,18.96699,36.49092,2.052754,,16.18927,54.209,4.407716,18.83692,15.42736,,25.16074,1.857993,4.547734
1989-07,10.90072,,19.10612,36.6107,2.121398,,16.51464,54.68344,4.497329,18.84729,15.61483,,25.36432,1.8845,4.634595
1989-08,11.07979,,19.33257,36.72457,2.174546,,16.71242,55.12516,4.594785,19.06669,15.77112,,25.54714,1.912364,4.719499
1989-09,11.18891,,19.50169,36.88438,2.242032,,16.97309,55.50144,4.68331,19.178,15.96184,,25.69754,1.942242,4.777978
1989-10,11.25326,,19.68007,36.9658,2.306187,,17.22722,55.91862,4.768458,19.18657,16.05169,,25.87703,1.97581,4.861185
1989-11,11.3428,,19.95435,37.03757,2.367185,,17.43667,56.46669,4.858919,19.34149,16.01685,,26.03658,2.008104,4.951719
1989-12,11.42114,,20.16886,37.07355,2.460021,,17.65327,57.39103,5.005263,19.37458,15.89918,,26.19612,2.035583,5.006159
1990-01,11.52186,,20.33306,37.04816,2.537006,,17.93571,57.97181,5.194112,19.35483,15.91531,,26.31495,2.062484,5.114146
1990-02,11.66176,,20.45058,37.01894,2.602846,0.936452,18.13408,59.08429,5.317674,19.45727,15.97168,,26.41799,2.089263,5.183817
1990-03,11.79326,,20.54029,36.95294,2.698117,0.9548662,18.36146,59.46875,5.403507,19.65489,15.99402,,26.50856,2.118918,5.207583
1990-04,11.91357,,20.73376,36.86087,2.785278,0.9743054,18.5809,60.5158,5.507517,19.74269,16.25387,,26.60412,2.155439,5.269875
1990-05,12.0087,,20.90044,36.81664,2.868018,0.99508,18.71339,60.81846,5.619651,19.84506,16.44296,,26.59581,2.18222,5.336678
1990-06,12.08984,,20.97324,36.87371,2.951337,1.016636,18.87583,60.99024,5.746444,20.15364,16.34025,,26.70467,2.198584,5.361125
1990-07,12.143,,21.12297,36.9099,3.032523,1.042472,18.98345,61.3338,5.86323,20.32719,16.14572,,26.79441,2.222058,5.373787
1990-08,12.19337,,21.25646,37.02994,3.123254,1.0689,19.07146,61.661,5.969109,20.36525,16.33568,,26.93983,2.241195,5.404513
1990-09,12.32767,,21.39803,37.39748,3.217586,1.092539,19.25165,62.05364,6.080524,20.40226,16.74463,,27.04453,2.266864,5.403096
1990-10,12.44518,,21.51715,37.57846,3.325178,1.118628,19.3804,62.34812,6.193913,20.32588,16.85504,,27.08359,2.295778,5.410931
1990-11,12.54031,,21.6371,37.5777,3.441226,1.144827,19.50301,62.02092,6.323829,20.25237,16.94505,,27.11101,2.324341,5.52308
1990-12,12.64103,,21.80151,37.79034,3.553864,1.169261,19.59925,62.2336,6.496577,20.2807,17.40953,,27.18746,2.354901,5.629301
1991-01,12.62984,,21.95496,37.89345,3.655895,1.194355,19.6567,62.36448,6.651246,20.41824,17.55264,,27.31958,2.378565,5.667232
1991-02,12.58228,,22.08587,37.82083,3.747555,1.219399,19.72197,62.51172,6.763011,20.60383,17.26489,,27.45918,2.411737,5.836951
1991-03,12.61865,,22.20939,37.83193,3.833224,1.243399,19.79661,62.62624,6.889623,20.75665,17.17398,,27.60377,2.445956,5.975489
1991-04,12.64103,,22.28906,37.86678,3.922998,1.264193,19.90866,62.82256,7.025717,20.89923,17.19172,,27.69102,2.474186,6.003644
1991-05,12.6802,,22.43843,37.95509,4.016781,1.286682,19.98279,62.9698,7.148995,20.94503,17.29126,,27.7791,2.513268,6.117157
1991-06,12.76414,,22.41769,38.06665,4.119725,1.314026,20.02262,63.10886,7.254272,20.91187,17.55813,,27.85306,2.543087,6.19587
1991-07,12.80611,,22.3952,38.17525,4.247941,1.342134,20.03319,63.3379,7.366042,21.00706,17.61871,,27.88796,2.562158,6.173241
1991-08,12.8229,,22.35219,38.28028,4.39203,1.371477,20.04524,63.32972,7.503784,21.12787,17.4857,,27.87882,2.593009,6.173661
1991-09,12.88445,,22.47658,38.3275,4.538535,1.40165,20.08338,63.5015,7.664144,21.83629,17.52026,,27.87799,2.631315,6.224445
1991-10,12.92083,,22.63893,38.4282,4.671726,1.424415,20.11266,63.64056,7.81511,22.32757,17.72756,,27.9212,2.680513,6.251044
1991-11,12.89285,,22.70862,38.47383,4.80686,1.447612,20.1334,63.61602,7.899996,22.29456,17.82046,,27.96607,2.743272,6.326346
1991-12,12.90404,,22.81715,38.64867,4.933028,1.478785,20.18177,63.61602,8.035929,22.62472,17.90046,,28.02175,2.792468,6.3644
1992-01,12.94601,,22.91223,38.65872,5.056484,1.512678,20.29295,63.6242,8.243315,22.76298,18.21936,,28.09653,2.831384,6.395913
1992-02,13.00476,,23.02308,38.5285,5.200384,1.547107,20.41348,63.5424,8.366343,22.86904,18.5097,,28.25275,2.877242,6.525148
1992-03,13.01316,,23.20553,38.55843,5.316297,1.577881,20.48923,63.73055,8.474911,22.80292,18.82857,,28.28516,2.916583,6.534084
1992-04,13.02435,,23.21339,38.68214,5.422208,1.622136,20.53771,63.61602,8.624817,22.74905,18.95553,,28.25026,2.947616,6.57852
1992-05,13.09989,,23.25191,38.9154,5.534326,1.669094,20.50071,63.45242,8.778568,23.04223,18.83998,,28.24112,2.993605,6.6182
1992-06,13.15026,,23.37977,39.02932,5.667751,1.703734,20.5048,63.52604,8.910787,23.17638,18.70082,,28.19791,3.044239,6.589136
1992-07,13.20621,,23.54925,39.04966,5.819061,1.736459,20.58541,63.40334,9.041999,23.3115,18.68005,,28.20206,3.087719,6.68287
1992-08,13.29295,,23.64371,39.06768,5.934134,1.771986,20.61143,63.42788,9.174259,23.54208,18.76402,,28.24278,3.125258,6.740597
1992-09,13.3573,,23.72561,39.15712,6.021388,1.811641,20.69651,63.32154,9.311302,23.65923,18.82891,,28.33834,3.144758,6.778983
1992-10,13.36849,,23.86675,39.13599,6.115942,1.854434,20.90996,63.37062,9.493059,23.7615,18.91908,,28.45052,3.181611,6.825378
1992-11,13.39927,,24.10158,39.23304,6.227587,1.898727,21.02355,63.41153,9.673873,23.90055,19.08778,,28.47296,3.22471,6.887897
1992-12,13.43844,,24.10892,39.4879,6.335655,1.940652,20.9803,63.5424,9.841066,24.38677,19.08506,,28.458,3.246403,6.916996
1993-01,13.51399,,24.18436,39.57346,6.501351,2.074899,20.95479,63.58331,10.01176,24.62577,18.96963,,28.41147,3.275181,6.841939
1993-02,13.63989,,24.3208,39.65846,6.633216,2.211827,21.02564,63.72237,10.18854,24.45052,19.03575,,28.37324,3.306375,6.843863
1993-03,13.73222,,24.42105,39.94387,6.68051,2.256151,21.10095,63.61602,10.35095,24.39298,19.03161,,28.34998,3.342468,6.8727
1993-04,13.7686,,24.41397,40.14351,6.822307,2.291844,21.11523,63.86961,10.50295,24.4296,19.11148,,28.34665,3.411236,6.872333
1993-05,13.78539,,24.44349,40.08635,6.998036,2.330029,21.12983,64.13955,10.6429,24.53684,19.34547,,28.55938,3.466968,6.879258
1993-06,13.9029,,24.48692,40.11618,7.127446,2.376665,21.20129,64.2786,10.79211,24.64669,19.53069,,28.60508,3.490485,6.853918
1993-07,14.01202,,24.55563,40.37777,7.262348,2.38158,21.34103,64.27042,10.96956,24.7487,19.99483,,28.60176,3.526952,6.848654
1993-08,13.99523,,24.55847,40.65828,7.391126,2.391276,21.45544,64.40948,11.15848,24.80101,20.28486,,28.6325,3.577121,6.949873
1993-09,14.04839,,24.66234,40.80578,7.53058,2.44537,21.50421,64.40948,11.37111,24.7827,20.16297,,28.68652,3.615468,7.082903
1993-10,14.15471,,24.77014,41.057,7.692958,2.523816,21.6052,64.52401,11.49073,24.72516,20.18353,,28.72391,3.646096,7.156177
1993-11,14.21906,,24.74031,41.35862,7.829247,2.605726,21.76929,64.46674,11.59763,24.70162,20.31519,,28.83526,3.698002,7.254843
1993-12,14.25823,,24.80251,41.5219,7.971923,2.6642,21.93899,64.54037,11.75785,24.631,20.45062,,28.87182,3.765539,7.359367
1994-01,14.36176,,24.96785,41.76279,8.117302,2.720741,22.06104,64.61399,11.9168,24.65977,20.23956,,28.87514,3.836406,7.424003
1994-02,14.50725,,24.93657,42.16441,8.245856,2.778686,22.18021,64.70396,12.14767,24.69116,20.24284,,28.88179,3.905887,7.548603
1994-03,14.64155,,24.92768,42.37735,8.37176,2.835952,22.32575,64.86757,12.40773,24.95533,20.84425,,28.91836,3.960797,7.690009
1994-04,14.77865,,25.14917,42.4253,8.460214,2.928112,22.36333,65.17023,12.63872,25.19858,21.06191,,28.92833,4.026421,7.754941
1994-05,14.88217,,25.23949,42.49669,8.552634,3.023266,22.43634,65.22749,12.89893,25.24043,21.03008,,29.00727,4.093244,7.866181
1994-06,14.97171,,25.43534,42.56639,8.653027,3.083249,22.52096,65.26839,13.19055,25.4863,21.17017,,28.91337,4.142064,7.918225
1994-07,15.02207,,25.63186,42.56681,8.771359,3.174273,22.52725,65.59559,13.45303,25.60138,21.27758,,28.98566,4.208702,7.954127
1994-08,15.10041,2.731764,25.81665,42.51772,8.935891,3.272449,22.58431,65.71011,13.66884,25.60661,21.37614,,28.96489,4.264457,8.062306
1994-09,15.18155,2.874224,25.89787,42.62501,9.110007,3.345148,22.69899,65.98005,13.8827,25.75047,21.47886,,28.96821,4.337437,8.108702
1994-10,15.29067,3.011426,25.92207,42.76442,9.345655,3.424112,22.76899,66.10275,14.1351,25.78447,21.58343,,28.95326,4.435031,8.192433
1994-11,15.47813,3.132388,25.98101,42.91093,9.522462,3.506343,22.87013,66.19273,14.35644,25.81063,21.71699,,28.97735,4.49903,8.306296
1994-12,15.62082,3.262094,26.06854,43.10991,9.61405,3.583316,23.00979,66.38087,14.59571,25.85771,22.03489,,28.97071,4.548928,8.439641
1995-01,15.67958,3.400568,26.13989,43.09682,9.748739,3.678381,23.10582,66.57719,14.89904,25.77662,22.39903,,29.02057,4.585485,8.473846
1995-02,15.73554,3.530016,26.14139,42.96155,9.897829,3.775278,23.25158,66.87985,15.01914,25.8891,22.74401,,28.99979,4.628234,8.436336
1995-03,15.86704,3.600063,26.29587,42.85852,10.07043,3.852797,23.52936,67.02709,15.09831,26.07742,22.99413,,29.00976,4.764046,8.548607
1995-04,15.99575,3.644683,26.43392,42.77671,10.24099,3.93343,23.72142,67.10889,15.32387,26.28928,23.11274,,29.07707,4.822098,8.783345
1995-05,16.07409,3.732823,26.57739,43.00177,10.43724,4.014471,23.82068,67.20705,15.5403,26.50376,23.23631,,29.28481,4.806061,9.045225
1995-06,16.12445,3.823047,26.73317,43.27209,10.65419,4.090871,23.99472,67.32157,15.76366,26.59792,23.37521,,29.49006,4.858943,9.2211
1995-07,16.18041,3.966213,26.90875,43.4084,10.76532,4.18152,24.23198,67.37884,16.00185,26.66854,23.45288,0.4755807,29.64379,4.904411,9.308574
1995-08,16.29513,4.172592,27.04509,43.66985,10.88548,4.277171,24.52448,67.55879,16.24329,26.84379,23.55938,0.5041786,29.82327,4.962574,9.338862
1995-09,16.48259,4.321382,27.17362,43.90544,11.11331,4.363658,24.73456,67.8042,16.48194,26.87779,23.86822,0.5289857,29.93213,5.037403,9.387548
1995-10,16.67285,4.439803,27.16297,44.08661,11.24747,4.451643,24.93666,67.88599,16.75119,27.34598,24.20768,0.5468814,30.02603,5.1109,9.426302
1995-11,16.82393,4.601034,27.39268,44.24702,11.39327,4.541477,25.13666,68.31136,17.05069,27.92402,24.56487,0.5632837,30.08004,5.158834,9.440257
1995-12,17.0002,4.775141,27.46052,44.4028,11.58544,4.630622,25.62036,68.48314,17.37609,28.11232,24.83197,0.580268,30.15981,5.206399,9.638271
1996-01,17.1429,4.901226,27.62069,44.80264,11.74377,4.738368,26.42583,68.61402,17.6234,28.48972,24.92008,0.6038805,30.31271,5.27354,9.861188
1996-02,17.24922,4.997753,27.87362,45.2262,11.94461,4.847794,26.92025,68.73672,17.78558,29.01365,25.05894,0.6259748,30.42905,5.337564,10.03222
1996-03,17.34715,5.113463,27.91922,45.61911,12.15402,4.938909,27.12512,69.05574,18.06112,29.45537,25.3563,0.6421829,30.63762,5.44497,10.25181
1996-04,17.44228,5.229693,27.99537,45.98301,12.33966,5.044221,27.37596,69.08028,18.40556,29.57449,25.68765,0.6560657,30.72736,5.532153,10.39616
1996-05,17.49264,5.350815,28.20555,46.10698,12.48433,5.149949,27.53013,69.36658,18.68443,29.55785,26.29074,0.6733153,30.82625,5.561161,10.5149
1996-06,17.58777,5.445518,28.28605,46.30115,12.66634,5.237608,27.78299,69.67742,18.91934,29.52497,26.82611,0.6987754,30.93427,5.631154,10.79649
1996-07,17.77803,5.533557,28.30109,46.58169,12.92787,5.333181,28.16665,69.81648,19.12906,29.6206,26.85933,0.722323,31.05559,5.713132,11.03579
1996-08,17.90953,5.637239,28.38661,46.75984,13.24098,5.433381,28.41093,69.96372,19.34018,29.611,26.84695,0.7396725,31.11376,5.774502,11.12465
1996-09,17.9431,5.741098,28.4,47.03374,13.43531,5.529379,28.65882,70.11914,19.64179,29.53881,27.00853,0.7556944,31.19187,5.842963,11.20199
1996-10,18.11098,5.836198,28.63783,47.29461,13.55807,5.612128,28.86877,70.38908,19.89196,29.73864,27.66727,0.7706959,31.33563,5.897906,11.31463
1996-11,18.39637,5.956506,28.72562,47.54455,13.70026,5.692238,29.27129,70.47088,20.06837,29.89644,27.92607,0.7817855,31.49517,5.962363,11.34333
1996-12,18.53626,6.11346,28.85187,47.64053,13.79819,5.784771,29.53679,70.5036,20.38109,29.97258,27.6258,0.7749473,31.66386,6.050006,11.37834
1997-01,18.63419,6.282371,28.90782,47.93724,14.00836,5.889438,29.82411,70.64266,20.6678,29.94015,27.73085,0.7827162,31.78269,6.157489,11.65893
1997-02,18.77689,6.410391,29.1624,48.58148,14.28699,5.991261,30.31127,70.69174,20.89517,29.69232,27.85063,0.8083279,31.87908,6.260836,11.86963
1997-03,18.88321,6.501035,29.42044,48.6424,14.49251,6.080154,30.54422,70.91261,21.18731,29.59722,27.8828,0.824492,32.00289,6.354182,12.01822
1997-04,18.99512,6.601151,29.38766,48.59623,14.73913,6.176091,30.64755,71.33797,21.4067,29.69263,28.16994,0.846446,32.13668,6.42922,12.1566
1997-05,19.14062,6.701097,29.39976,48.87246,15.01555,6.271111,30.79579,71.45248,21.60973,29.81617,28.37377,0.8707483,32.23473,6.495253,12.23977
1997-06,19.26093,6.814373,29.45824,48.99379,15.23941,6.350216,31.3561,71.72243,21.91832,30.05842,28.39077,0.8988394,32.37433,6.591904,12.39816
1997-07,19.33647,6.925105,29.42665,48.99823,15.44487,6.417188,32.03131,71.96783,22.21471,30.35822,28.59347,0.9302695,32.52308,6.673553,12.54763
1997-08,19.40082,7.033722,29.66339,48.97484,15.57421,6.49408,32.39426,72.20505,22.48135,30.5852,29.04001,0.9581823,32.80228,6.733028,12.70568
1997-09,19.45119,7.150209,29.80619,49.00261,15.8124,6.587339,31.63349,72.34411,22.73883,30.93669,29.58066,0.9809868,32.93274,6.807507,13.03506
1997-10,19.53512,7.269639,30.00649,49.14209,16.13426,6.707353,31.33251,72.55679,23.02847,31.14988,29.61273,1.007068,33.09145,6.900248,13.35068
1997-11,19.66383,7.337827,30.11377,49.12174,16.33817,6.820851,32.00992,72.73675,23.3177,31.17156,29.46295,1.009086,33.27842,7.008625,13.42824
1997-12,19.75336,7.361204,30.46798,49.09438,16.56314,6.896974,32.38306,73.18665,23.45587,31.03409,29.58231,0.9894115,33.42966,7.115165,13.42329
1998-01,19.84849,7.387067,30.39741,49.14411,16.57145,6.920873,32.79566,73.60383,23.71672,31.14287,29.94646,0.9733101,33.62327,7.197979,13.67108
1998-02,19.95481,7.451105,30.32735,49.22875,16.51372,6.944488,33.08171,73.96375,24.04136,31.54311,30.11696,0.9643791,33.895,7.301435,14.03724
1998-03,20.02196,7.60801,30.27368,49.46508,16.72823,7.014352,33.25854,74.06191,24.25453,31.65472,30.05574,0.9697381,34.10772,7.467092,14.07536
1998-04,20.12269,7.760133,30.25336,49.55337,16.93982,7.097529,33.40784,74.23369,24.55929,31.69126,30.11765,0.9795027,34.32128,7.595877,14.14124
1998-05,20.2458,7.874351,30.47424,49.30951,17.09086,7.183857,33.68935,74.54453,24.83056,31.95716,30.19068,0.9956691,34.51988,7.678203,14.20739
1998-06,20.39409,7.993677,30.71998,49.26701,17.20771,7.236238,33.97409,74.60179,24.96328,32.0402,30.31744,0.9941018,34.68524,7.781397,14.32232
1998-07,20.63191,8.110134,30.71925,49.50396,17.26659,7.387268,34.30107,74.96989,25.2764,31.96642,30.32456,0.9807155,34.84894,7.901356,14.52445
1998-08,20.84176,8.196434,30.74665,49.62831,17.35775,7.561605,34.56138,75.30527,25.68377,32.04104,30.12686,0.9847124,35.05668,8.079919,14.65954
1998-09,20.99284,8.091496,30.79712,49.53657,17.44327,7.640779,34.71458,75.56703,25.88341,32.06657,29.84823,1.095618,35.37993,8.246589,14.85731
1998-10,21.09637,7.957313,31.0504,49.47113,17.5113,7.760871,34.87981,75.69791,26.08555,32.03026,29.87235,1.204892,35.71314,8.376475,14.90598
1998-11,21.17191,8.025218,30.89375,49.74834,17.61495,7.871076,34.94829,76.17236,26.33597,32.04324,30.2343,1.244769,36.03722,8.477225,15.02374
1998-12,21.28942,8.129832,31.40736,49.6551,17.71566,7.913418,35.09989,76.42594,26.442,32.19729,30.17796,1.317249,36.27737,8.552349,15.26544
1999-01,21.4601,8.226063,30.96246,49.44869,17.86307,7.931219,35.11814,76.61407,26.79963,32.56162,30.2201,1.394799,36.50505,8.667879,15.41798
1999-02,21.63357,8.372357,30.97647,49.79186,18.01229,8.053982,35.01217,76.79404,27.29924,32.813,30.89733,1.448227,36.69368,8.793066,15.20859
1999-03,21.80145,8.528294,31.10583,49.99068,18.07036,8.214312,35.01314,77.11306,27.50516,32.93926,31.05005,1.487386,36.75101,8.949646,15.13043
1999-04,22.01129,8.671157,31.36,49.96773,18.15389,8.263121,35.06958,77.20304,27.66492,33.18238,30.69409,1.556651,36.98867,9.056244,15.30618
1999-05,22.25191,8.798527,31.49907,49.99268,18.48404,8.333735,35.16139,77.48116,27.88516,33.20445,30.27276,1.647851,37.18977,9.122043,15.25159
1999-06,22.47015,8.933215,31.70718,50.02158,18.89281,8.436983,35.24212,77.77564,28.00644,33.53511,30.28488,1.714378,37.37091,9.221332,15.4435
1999-07,22.62403,9.085259,31.85448,50.10341,19.02491,8.455183,35.31392,77.9147,28.17331,34.19626,30.85591,1.750937,37.59777,9.353162,15.72112
1999-08,22.75274,9.215401,32.03244,50.15302,19.01729,8.513523,35.41921,78.00468,28.29283,34.53746,31.23355,1.81044,37.74069,9.500515,15.75097
1999-09,22.90942,9.365049,32.01041,50.17119,19.17825,8.703583,35.42163,78.02104,28.28634,34.53555,31.38915,1.869512,37.87448,9.623897,15.99471
1999-10,23.0829,9.544271,32.45712,50.0602,19.38785,8.776474,35.37497,78.27462,28.3144,34.90571,31.41692,1.944979,38.07142,9.752648,16.30217
1999-11,23.28435,9.695145,32.68274,49.90254,19.57263,8.795945,35.69922,78.34007,28.46517,35.30903,31.33285,2.047747,38.2293,9.85518,16.51804
1999-12,23.38227,9.969006,32.9045,49.83001,19.77931,8.952579,35.98694,78.60182,28.6178,35.53172,31.46424,2.108101,38.45781,10.04146,16.83222
2000-01,23.40746,10.24938,33.02843,49.69062,19.88669,9.088729,35.93656,78.62637,28.62018,35.72271,31.50834,2.190532,38.69215,10.1776,16.98082
2000-02,23.52217,10.41877,33.33083,49.43556,19.98463,9.173444,36.17088,78.77361,28.73026,35.90107,31.50061,2.310412,38.80267,10.25099,16.96754
2000-03,23.62849,10.5752,33.65495,49.19731,20.13134,9.256809,36.82715,78.83904,28.92901,36.33215,31.46038,2.403847,39.0586,10.35824,16.88393
2000-04,23.746,10.71917,33.81538,49.05387,20.28727,9.347499,37.2964,79.02718,29.17037,36.78896,31.44389,2.475141,39.52228,10.45477,16.86954
2000-05,23.93906,10.89985,33.69564,49.08175,20.48655,9.437249,37.76,79.04354,29.34802,37.14052,31.6638,2.562752,39.41841,10.57086,16.79181
2000-06,24.11533,11.23231,33.75071,48.92618,20.71616,9.532495,38.32153,79.12534,29.46822,37.46064,31.58727,2.677531,39.56632,10.70087,16.78275
2000-07,24.25523,11.48851,34.24503,48.78227,20.93748,9.590357,38.46652,79.14171,29.64667,37.82044,31.61743,2.814751,39.71174,10.82681,16.86931
2000-08,24.42031,11.55662,34.72307,48.99847,21.15743,9.658024,38.62201,79.28076,29.86424,38.16745,31.88256,2.945304,39.94607,10.91949,16.96329
2000-09,24.55461,11.64507,34.8834,49.00316,21.32627,9.836718,38.76249,79.46072,30.03154,38.81308,32.12715,3.068476,40.24189,11.04442,17.28932
2000-10,24.65533,11.77426,34.92057,48.91167,21.46337,9.914134,38.98204,79.62433,30.16977,38.98443,32.2446,3.187984,40.37485,11.21075,17.50104
2000-11,24.57699,11.93291,35.01327,49.02481,21.68741,9.937536,39.42329,79.65704,30.35003,39.06706,32.16275,3.277052,40.46542,11.44868,17.51664
2000-12,24.47906,12.03767,35.54363,49.1554,22.01447,10.06958,39.82822,79.61614,30.51534,39.40491,32.23411,3.343869,40.83686,11.70729,17.77198
2001-01,24.66932,12.14762,35.60247,49.41993,22.31392,10.25101,40.35616,79.7552,30.72551,39.65475,32.42273,3.417923,41.25733,11.84291,18.23247
2001-02,25.00787,12.28403,35.57434,49.70899,22.43443,10.34532,40.52947,79.90244,31.00137,40.14575,32.57542,3.52797,41.57476,11.93126,18.50105
2001-03,25.30445,12.39118,35.74403,49.72918,22.51456,10.40606,40.85843,79.96789,31.19212,40.44921,32.93687,3.629717,42.05589,12.06677,18.79444
2001-04,25.5031,12.51655,35.60914,49.92492,22.72969,10.53976,41.38544,80.10695,31.35125,40.52355,33.28064,3.725422,42.58687,12.22381,19.01258
2001-05,25.7745,12.69376,35.79873,50.33971,22.94073,10.60825,41.45468,80.26237,31.63474,40.86562,33.48443,3.827548,42.56028,12.41516,19.1279
2001-06,26.08227,12.90087,35.78461,50.55474,23.14607,10.89423,41.56303,80.41779,32.04082,41.18037,33.70679,3.917823,42.89516,12.59801,19.32523
2001-07,26.15502,13.10984,35.86506,50.51564,23.4532,11.25603,41.94815,80.54049,32.43015,41.28309,33.91681,4.028572,43.14362,12.73767,19.64384
2001-08,26.3145,13.28222,36.05885,50.46304,23.76042,11.37259,42.44542,80.63865,32.76393,41.58705,34.07694,4.158198,43.42532,12.86392,20.15175
2001-09,26.70341,13.3756,36.64608,50.57595,23.98676,11.46328,42.75824,80.81043,33.30876,41.94164,34.46535,4.281484,44.34935,12.97775,20.24841
2001-10,27.07833,13.42283,36.67462,50.99208,24.25337,11.56228,43.10853,80.89223,33.68386,42.14647,34.82935,4.426105,44.25462,13.08113,20.14819
2001-11,27.46165,13.44038,36.85775,51.55238,24.46409,11.69509,43.52512,81.03129,33.71131,42.34332,34.62373,4.520045,44.61692,13.23063,20.35557
2001-12,27.76103,13.51516,37.0736,51.85467,24.50289,11.86114,43.69218,81.19489,33.87559,42.65719,34.44542,4.556464,45.05816,13.40002,20.63359
2002-01,28.02683,13.62537,37.34923,51.64859,24.63652,11.98398,43.44942,81.40757,34.3425,43.27732,34.597,4.617225,45.22767,13.51709,21.43809
2002-02,28.30942,13.65496,37.54766,51.45939,24.84077,12.12253,43.2919,81.51391,34.88614,43.64259,34.79866,4.669723,45.47198,13.6293,22.24947
2002-03,28.6144,13.82331,37.67123,51.67671,24.93953,12.29036,43.54214,81.67751,35.43397,43.66885,35.49131,4.747739,45.57169,13.76843,22.55109
2002-04,28.36538,14.0436,37.77737,51.8088,24.96644,12.41944,43.66489,81.79203,35.93325,43.81077,35.93718,4.88725,45.57169,13.94097,22.7908
2002-05,28.06321,14.10855,37.77898,51.79599,24.99984,12.56541,43.86146,81.90656,36.25513,43.89497,35.85844,5.042572,45.78774,14.35914,23.32313
2002-06,27.99326,14.12953,37.88941,52.05535,25.11459,12.73287,43.9942,81.97199,36.45732,44.43647,36.35333,5.153829,45.99548,14.70696,23.51177
2002-07,28.06041,14.15167,38.34475,52.60062,25.25047,12.8969,43.96458,82.08651,36.66913,44.86679,36.74871,5.26138,46.34864,14.81467,23.44507
2002-08,28.50808,14.24639,38.61583,52.86564,25.37091,13.08132,44.23443,82.19286,37.01543,44.80066,36.96954,5.412273,46.7018,14.97889,23.7985
2002-09,28.77668,14.42759,38.90634,52.99939,25.52034,13.29609,44.65813,82.27465,37.43586,44.66327,37.20802,5.543282,46.90456,15.12812,23.92123
2002-10,28.94735,14.61328,38.9233,53.1642,25.64198,13.50192,45.02857,82.381,37.92827,45.10368,37.31771,5.690715,47.27434,15.26559,24.17066
2002-11,29.26352,14.76997,39.11729,53.34199,25.90485,13.67663,45.32238,82.44643,38.33968,45.59497,37.81037,5.857665,47.69065,15.42774,24.52938
2002-12,29.65243,14.89646,39.1208,53.81423,26.09511,13.87623,45.43818,82.34827,38.5859,45.82195,38.43751,6.028752,47.86765,15.57108,24.56773
2003-01,29.97979,15.0383,39.2406,54.21902,26.2291,14.17564,45.37955,82.39735,38.89728,46.23803,38.67625,6.187394,48.13771,15.69335,24.88339
2003-02,30.26237,15.22538,38.97025,54.65666,26.6062,14.39742,45.66777,82.45461,39.17379,46.29919,38.85704,6.361926,48.43851,15.80506,25.30822
2003-03,30.55896,15.40434,39.51834,55.47269,26.9396,14.5409,45.8695,82.45461,39.30325,46.15046,38.94387,6.577865,48.61053,15.84547,25.47596
2003-04,30.82476,15.5704,39.86107,56.33563,27.08218,14.75948,45.96129,82.49551,39.3456,46.17019,38.85934,6.758517,48.91964,15.96908,25.95471
2003-05,31.23326,15.76187,40.31776,56.69128,27.1135,15.02575,46.05637,82.6673,39.41246,46.39353,38.89518,6.940415,49.41988,16.21034,26.52759
2003-06,31.5774,15.99581,40.69456,56.76767,27.02415,15.32131,46.29248,82.80635,39.50779,46.4687,39.19223,7.174724,49.72485,16.42286,26.84214
2003-07,31.39554,16.30222,41.07044,56.97267,26.88024,15.57001,46.83564,82.90452,39.70069,46.58696,39.58644,7.407927,50.11208,16.60148,27.08926
2003-08,31.54103,16.65354,40.90499,57.29779,26.90771,15.84684,47.12803,83.13355,39.94315,46.99208,39.7575,7.606982,50.59487,16.7388,27.10007
2003-09,32.09502,16.96867,41.07882,57.8694,27.04711,16.0943,47.42661,83.01086,40.11701,46.92962,40.30029,7.844129,50.36303,16.87585,27.23716
2003-10,32.42797,17.24505,41.27839,58.3074,27.03794,16.30474,47.78108,83.05176,40.29124,46.93705,41.1644,8.015335,50.28575,17.10302,27.59534
2003-11,32.71896,17.59354,41.68905,58.2267,26.89993,16.50522,48.20234,83.08447,40.44173,47.17633,41.87666,8.138435,50.32813,17.32626,27.86004
2003-12,33.09108,18.00484,41.79587,58.08873,26.93054,16.66751,48.84232,83.12537,40.47719,47.13068,42.42301,8.346985,50.31234,17.51785,27.99366
2004-01,33.3317,18.34694,42.5545,58.34091,27.06888,16.87099,49.92675,83.23171,40.57653,47.23695,42.8866,8.636322,50.38297,17.76559,28.16801
2004-02,33.62268,18.58755,42.76399,58.65897,27.16747,17.11082,50.40205,83.37895,40.95629,47.41785,43.29431,8.932425,50.70621,18.03639,28.79644
2004-03,34.07035,18.82639,43.12751,58.64291,27.50583,17.34709,50.39895,83.45258,41.28724,47.74495,43.56604,9.168869,51.00287,18.31292,29.21763
2004-04,34.36134,19.10639,43.50215,58.56207,27.78836,17.57677,50.83544,83.47712,41.5174,48.22031,43.70331,9.455822,51.34356,18.57175,29.36965
2004-05,34.49564,19.61511,44.05277,58.71397,27.87139,17.7709,50.99801,83.69798,41.81116,48.5811,44.29564,9.64527,51.98008,18.75677,29.51685
2004-06,34.6831,20.10039,43.92703,58.75492,28.09697,17.90881,51.32965,83.6898,42.03594,48.82048,44.48297,9.766486,51.9992,18.88158,29.69201
2004-07,34.98808,20.30591,44.19428,58.58338,28.38592,18.04361,51.74525,83.85339,42.20557,48.97151,44.15567,9.948838,52.11304,18.9977,29.98459
2004-08,35.2175,20.5185,44.57181,58.65765,28.68393,18.17476,52.08231,84.0579,42.47031,49.02152,44.10348,10.08927,52.32992,19.14314,30.53362
2004-09,35.31543,20.72842,44.78576,58.74656,29.03675,18.34886,52.34401,83.92702,42.69967,49.16752,43.88992,10.22729,52.61826,19.27585,31.29763
2004-10,35.4861,20.94284,45.23334,58.6814,29.4129,18.57358,52.55378,83.94337,42.84364,49.40528,43.979,10.49938,52.85259,19.43704,31.8433
2004-11,35.84704,21.17999,45.53611,58.94912,29.67653,18.81177,53.10433,83.94337,43.05874,50.34652,44.25934,10.85807,53.0728,19.62199,32.04681
2004-12,36.15761,21.35336,46.15033,59.16541,29.8119,19.07006,53.56614,83.95156,43.28715,50.88748,44.45438,11.16138,53.22653,19.82857,31.9263
2005-01,36.39543,21.53674,46.55237,59.56453,29.90033,19.32659,54.07013,83.98428,43.56055,50.67405,44.7117,11.43564,53.27888,20.25499,31.95139
2005-02,36.64165,21.79595,47.23375,59.92666,30.01602,19.56876,54.44797,83.99245,43.91486,51.15657,45.16766,11.71386,53.34785,20.53226,32.46835
2005-03,36.83471,22.16344,47.5951,59.85406,30.22366,19.81379,54.76512,84.15606,44.02698,52.03962,45.66505,12.01507,53.42263,20.56539,32.85425
2005-04,37.00818,22.54015,48.05173,59.88414,30.59807,20.07225,55.30046,83.9761,44.26568,52.60456,46.04211,12.31231,53.53897,20.8876,33.36558
2005-05,37.32154,22.76894,48.32523,60.15638,31.06196,20.32652,55.9741,83.9761,44.63408,52.87588,46.37922,12.57709,53.6819,21.25314,34.07306
2005-06,37.74963,22.99641,48.68549,60.84259,31.48763,20.61558,56.64313,83.95156,44.9672,53.32688,46.82032,12.88163,53.95196,21.45936,34.58591
2005-07,37.96507,23.34116,49.06721,61.78878,31.83428,20.91055,57.28297,84.11516,45.38848,53.85254,47.26359,13.24648,54.21454,21.68746,35.50751
2005-08,38.03222,23.71024,49.11369,62.07302,32.0363,21.21715,57.47098,84.24604,45.67459,54.27048,47.7089,13.69878,54.4871,21.91241,36.42164
2005-09,38.34279,24.09814,49.23989,61.97677,32.18632,21.59169,57.93192,84.32784,45.89415,54.92255,48.60467,14.14713,54.76796,22.41583,36.95603
2005-10,38.57502,24.39398,49.46987,62.08871,32.45716,21.93075,58.8443,84.28694,46.01644,55.40439,49.03799,14.50246,55.05299,22.83817,37.21805
2005-11,38.67574,24.66349,49.50518,62.37421,32.85228,22.24324,59.2033,84.32784,46.12479,55.85548,48.85994,14.82201,55.19009,23.00184,37.34858
2005-12,39.00869,25.03541,49.66049,62.34698,33.40684,22.54896,59.91004,84.25422,46.35321,56.37477,49.01691,15.18366,55.41279,23.29244,38.00687
2006-01,39.44797,25.48129,49.91947,61.88332,33.73067,22.8051,60.38406,84.17242,46.63002,56.484,49.34933,15.5316,55.76595,23.46516,38.7174
2006-02,39.74455,26.00219,50.55039,61.76777,33.89923,23.01066,60.7838,84.09061,46.95216,56.78859,49.58443,15.77145,55.96704,23.62107,39.3684
2006-03,40.13066,26.40434,51.15401,61.98266,34.2463,23.24656,62.0829,84.06608,47.19352,57.41615,49.84689,16.11269,56.0867,24.33838,40.96968
2006-04,40.82735,26.72375,51.10577,62.28502,34.52607,23.55835,62.95278,84.06608,47.4146,58.02592,50.35183,16.54766,56.39499,25.00314,41.95339
2006-05,41.33097,27.12502,51.49013,62.33088,34.74778,23.87524,62.97991,83.90247,47.83821,58.56925,50.90573,17.07978,56.45066,25.23626,42.36129
2006-06,41.63874,27.47001,51.83555,62.18437,34.99657,24.16905,63.34515,83.76342,48.35947,59.51934,51.4488,17.70941,56.76643,25.46471,43.06607
2006-07,41.99408,27.66851,52.18123,62.57436,35.15538,24.42949,64.09126,83.59164,48.79456,60.23525,52.07419,18.28511,57.11128,25.83794,43.53555
2006-08,42.383,27.86411,52.57246,63.07817,35.47283,24.73848,64.68733,83.64072,49.21572,60.5854,52.71755,18.78994,57.36722,26.39097,44.13416
2006-09,42.76072,28.1286,53.18575,63.13595,36.16491,25.05982,65.56508,83.76342,49.74863,61.32104,53.09537,19.37925,57.59075,26.89985,44.68154
2006-10,43.21957,28.50843,53.51851,63.34126,36.53931,25.39048,66.57689,83.71434,50.19249,61.93491,53.25428,20.0469,58.00124,27.16799,45.44887
2006-11,43.67004,28.99385,53.93993,63.43385,36.63592,25.75198,67.14085,83.77978,50.54496,62.53189,54.01063,20.62067,58.29042,27.4556,46.46239
2006-12,44.07294,29.38512,54.54268,63.48425,37.06504,26.11119,67.82902,83.80431,51.05639,63.53942,54.55961,21.24356,58.64856,27.88753,47.08674
2007-01,44.51501,29.81321,54.90191,63.74993,37.64894,26.43659,68.48269,83.82886,51.51665,64.40199,54.86212,21.79854,58.96433,28.2892,47.41708
2007-02,45.11657,30.29605,55.24076,63.9053,38.18285,26.87182,68.9761,83.8125,51.74161,65.21198,55.56318,22.28869,59.09562,28.77255,48.35196
2007-03,45.89159,30.54947,55.93584,63.78316,38.67466,27.28619,69.80631,83.86976,52.03991,66.67928,56.12113,23.34599,59.37649,29.65061,49.80399
2007-04,46.56869,31.03602,56.26963,63.67218,39.03443,27.57543,70.6472,83.91884,52.37766,67.27422,56.93914,24.51102,59.97644,30.16648,50.81475
2007-05,47.14227,31.62911,56.75806,63.73058,39.42802,27.89254,71.80145,83.9352,52.78044,67.85336,57.64344,25.61515,60.08945,30.2391,51.80145
2007-06,48.03761,32.08001,57.10405,63.78323,39.95502,28.22035,72.86495,84.00064,53.35446,69.26748,57.96732,26.25435,60.36533,30.80192,52.86995
2007-07,48.99729,32.11861,57.73606,63.75931,40.54895,28.70885,73.72504,83.99245,53.80101,70.15108,58.31068,26.45982,60.61712,31.54329,53.78811
2007-08,49.83387,31.97478,58.8033,63.59288,41.01163,29.2167,74.47198,83.87794,54.17895,70.95419,58.54468,27.10084,61.25197,32.06529,55.00612
2007-09,50.70683,32.40228,59.89344,63.8404,41.26574,29.65757,74.96145,83.96792,54.60937,71.82215,59.132,27.83854,61.40237,32.65668,55.89518
2007-10,51.8288,33.05077,59.94017,64.18964,41.62795,30.12945,75.01033,84.19696,55.33202,72.5845,59.86744,28.51788,61.51871,33.28186,56.37413
2007-11,53.29211,33.80826,60.73365,64.41084,42.27697,30.57164,75.25861,84.29512,55.92566,72.82599,60.21325,29.26414,61.72562,33.84077,57.29534
2007-12,54.20983,34.40837,61.2016,64.82204,42.95092,30.78556,76.38939,84.40146,56.38671,73.80409,60.70097,30.07372,61.97657,34.40535,58.35704
2008-01,54.7918,34.76044,61.88779,64.95645,43.46892,31.19441,78.35818,84.45872,57.17474,72.66973,61.48307,30.77687,62.25743,34.97416,59.05143
2008-02,55.30102,35.18402,61.96638,64.88758,43.89572,31.74262,79.95899,84.52416,57.90334,70.71385,61.65698,31.42826,62.96209,35.61239,59.61623
2008-03,55.75988,35.56773,62.96258,65.13844,44.26728,31.83541,80.90439,84.51598,58.47731,71.06209,62.06397,32.04167,63.50887,36.30758,60.48509
2008-04,56.30268,36.27118,63.49196,65.76475,44.82008,32.07791,81.72154,84.33602,59.30676,71.3876,62.62004,32.35822,63.86535,36.73304,61.63878
2008-05,56.70278,37.16027,64.29716,65.84932,45.60155,32.69492,82.005,84.49144,59.96622,71.42365,62.87851,32.8862,63.96341,37.1142,62.70821
2008-06,57.46662,37.70818,65.01381,65.32359,46.42059,33.1325,82.30495,84.70412,59.99721,71.43337,63.65556,33.75203,64.10883,37.70275,63.61203
2008-07,58.68931,38.33638,65.19394,64.89588,47.14602,33.48122,82.55492,84.6305,60.09362,71.63022,64.20903,34.20211,64.49439,38.07385,64.28708
2008-08,59.63781,39.11838,65.58171,64.88589,47.96604,33.90731,83.2232,84.72048,60.57121,72.06294,64.68435,34.8774,64.61987,38.6682,64.58769
2008-09,60.47159,39.64909,65.99517,65.04808,48.94841,34.2948,83.64072,84.74502,61.0155,72.54066,65.16447,35.34481,65.20154,39.34351,65.0237
2008-10,61.42009,39.98919,66.44302,65.24167,49.96867,34.72466,85.22467,84.64686,61.39505,72.88709,65.6572,34.89211,66.10313,39.96434,65.77712
2008-11,62.63718,40.45795,66.82178,65.64456,50.70549,35.16728,87.99416,84.835,61.70337,73.17501,66.32666,34.34713,66.52361,40.56256,66.78907
2008-12,63.40941,40.84689,66.88641,66.12225,51.00905,35.84981,89.83553,85.04768,61.68808,73.43273,66.49405,34.42037,67.98942,41.13558,67.21013
2009-01,63.80392,41.17428,66.69852,66.67589,51.08314,36.93256,91.35147,85.26357,62.047,73.70043,65.95818,34.92682,68.66499,41.97978,67.21889
2009-02,64.65449,41.64017,66.2528,67.27067,51.13172,37.97604,92.18753,85.52863,62.9091,73.81196,65.92345,35.18008,68.90764,42.79417,67.69997
2009-03,64.54537,41.92271,66.32555,67.77847,51.19895,39.08728,92.19517,85.62991,63.47422,74.07075,66.08954,35.18668,69.45524,43.48389,67.77309
2009-04,64.42786,42.43177,66.53551,68.2191,51.20411,40.23365,91.57838,85.75915,63.75784,74.1596,65.8512,35.3165,69.47934,44.24037,67.66348
2009-05,65.11615,43.22496,66.38506,68.38379,51.23625,41.08248,90.74844,85.9707,64.13261,74.43719,65.79028,35.62293,69.95631,44.97268,68.00103
2009-06,65.70931,43.78817,66.49451,68.64437,51.31799,42.03027,90.36118,86.07982,64.5667,74.72784,65.79253,36.11219,70.03526,45.54815,68.16116
2009-07,66.15697,44.35392,66.79408,69.27068,51.47581,42.97792,90.50854,86.24329,64.8924,74.65429,65.94128,36.85772,70.07514,46.12276,68.10053
2009-08,66.35843,45.00281,66.81889,69.67512,51.65451,43.59607,91.25812,86.42594,65.42289,74.49926,66.15623,37.54308,70.07098,46.66395,68.15347
2009-09,66.3976,45.62051,67.0942,69.87823,51.74001,44.21711,92.15232,86.52466,65.91025,74.29213,66.29626,37.93393,70.06517,47.14355,68.06863
2009-10,66.35004,46.27009,67.24316,70.16496,51.55008,44.94162,93.12347,86.67309,66.28159,74.21602,66.29543,38.51305,70.28953,47.68745,67.87849
2009-11,66.38361,46.85192,67.34795,70.68997,51.24996,45.59056,93.64108,86.84869,66.87503,73.85373,66.41313,39.4523,70.53882,48.27664,67.69408
2009-12,66.22413,47.29042,67.58563,70.8273,51.38731,46.08965,93.27816,86.95076,67.29752,74.02309,66.8619,40.29321,70.4981,48.75244,67.80784
2010-01,66.19894,49.11358,67.72275,70.84315,51.8529,46.83223,96.92619,87.12209,67.82543,74.41394,66.83981,41.1194,70.184,49.36239,67.86501
2010-02,66.64381,50.93201,68.3503,71.22256,52.4431,47.81712,101.3979,87.24802,68.45351,74.4307,66.64353,41.91135,70.59615,50.14887,67.92361
2010-03,67.35169,51.37119,68.37978,71.65514,53.30129,48.45417,101.7421,87.30976,69.11813,74.63142,66.8204,42.57331,70.57206,50.89152,68.44683
2010-04,67.88609,51.88195,69.23007,72.07442,54.01538,49.05105,100.8765,87.58452,69.7607,74.79087,67.18333,43.44871,70.82384,51.37198,68.92953
2010-05,68.18268,52.47933,70.03802,72.82418,54.41483,49.77767,100.2639,87.95383,70.22469,74.84692,67.53506,44.3847,71.27837,51.81095,69.21753
2010-06,68.6891,53.15186,70.58244,73.75657,54.66339,50.26099,100.2383,87.92398,70.55522,75.36398,67.4653,45.06463,71.43792,52.44637,69.63797
2010-07,69.3634,53.85883,71.10391,74.07092,54.59764,50.77944,100.1276,88.02633,70.6479,76.28076,67.50626,45.84747,71.51769,53.21127,70.31718
2010-08,69.97894,54.66223,71.6487,74.09339,54.43827,51.70747,99.89642,88.23679,70.7651,76.93027,68.00821,46.66952,71.93567,53.93836,70.89865
2010-09,70.41262,55.5124,71.50761,74.32355,54.88056,52.64408,99.7131,88.3769,70.95508,77.237,68.49283,47.4051,72.19327,54.45184,71.22466
2010-10,70.98061,56.62296,71.98373,74.61591,55.76621,53.51728,99.87461,88.52062,71.25809,77.6008,69.07841,48.35263,72.60126,55.49382,71.67282
2010-11,72.01304,57.50182,72.1452,74.97047,56.60527,54.4231,99.48936,88.56168,71.71583,78.33382,69.59977,49.41103,72.77328,56.39669,72.15704
2010-12,72.80486,57.86961,72.48322,75.41982,57.43983,55.05651,98.5081,88.52228,71.69936,79.02904,70.06686,50.23126,73.03918,57.2337,72.42978
2011-01,73.23853,58.44491,73.04585,75.7748,58.39902,55.45617,98.06379,88.6961,71.71196,79.75375,70.79733,50.76152,73.34249,57.98042,72.86533
2011-02,73.84568,59.5407,73.48397,76.28024,59.35181,55.77715,98.23237,88.85661,72.20711,80.33506,71.34256,51.44371,73.71974,58.48793,73.29535
2011-03,74.45004,60.4278,74.12756,76.74523,60.04799,56.31684,98.77309,89.05839,72.50092,80.56824,71.77232,52.1484,74.08869,59.30288,73.38496
2011-04,74.91449,61.11057,74.66206,77.08654,60.68446,56.89611,99.01625,89.42385,72.80665,81.10872,72.40072,52.62502,74.60555,60.11048,73.36504
2011-05,75.26143,61.97477,74.85392,77.56792,61.3779,57.37191,99.06799,89.83658,73.10838,81.90961,72.86893,53.16747,75.03184,60.80894,73.57944
2011-06,75.33978,62.63065,75.24908,77.86582,62.24108,58.01869,98.98952,89.89964,73.3113,81.92824,73.33646,53.77739,75.73151,61.4224,74.028
2011-07,75.56921,63.46682,75.44302,78.12767,63.31322,58.55558,98.65031,90.11861,73.90625,81.94294,73.7168,54.46709,77.29288,62.20903,74.42436
2011-08,76.42817,64.48179,76.32625,79.09321,64.47303,59.06928,98.60552,90.18902,74.51891,82.44652,73.5637,55.37203,79.06866,63.00852,75.00813
2011-09,77.24236,65.2611,77.24783,80.03866,65.79044,59.62149,98.67953,90.3811,74.99613,83.23323,73.47382,56.77897,79.27307,63.65287,75.7218
2011-10,77.70402,65.94104,77.17788,80.41717,67.34866,61.43496,98.05247,90.57967,75.57401,84.11108,74.19102,58.64597,79.53566,64.26879,76.58538
2011-11,78.11812,66.53712,77.6068,80.6037,68.59104,63.38752,97.25718,90.75277,75.98978,84.40918,75.15755,59.39289,79.87635,64.91753,77.28356
2011-12,78.59097,67.29454,78.06582,80.87598,69.53398,64.24319,96.38866,90.82156,76.11556,84.41723,75.62839,59.74028,80.19877,66.11778,77.96609
2012-01,79.12257,68.71456,78.77067,81.30463,70.5219,64.82116,96.25292,90.98785,76.37233,84.64346,75.87799,60.58932,80.85772,66.79623,78.31602
2012-02,79.56184,70.0731,78.92966,81.50761,71.19263,65.41077,96.24421,91.11145,76.96793,85.24329,76.2486,61.09852,81.21337,66.89743,77.98767
2012-03,80.0319,71.13179,79.4914,81.73308,71.87145,66.48534,95.74797,91.34927,78.08808,85.86399,76.81478,61.81861,81.58398,67.42928,78.02681
2012-04,80.45438,72.23718,79.93298,82.07006,72.85785,67.08028,96.1143,91.48106,78.85752,86.13031,77.51759,62.64519,82.03603,68.09089,78.04566
2012-05,81.05594,73.23044,80.36532,82.4538,73.78752,67.52429,96.55519,91.53441,79.04463,85.73829,78.06555,63.56482,82.29778,68.91785,78.23859
2012-06,81.85055,73.97527,80.71632,83.63511,74.40709,68.55728,96.56395,91.65032,79.50388,85.98293,78.53787,64.46641,82.87862,70.32758,78.96225
2012-07,82.35697,74.72275,81.14204,85.15955,74.86925,69.49875,96.70959,91.88837,80.06967,86.76744,79.46033,64.90303,83.48606,71.29208,79.98359
2012-08,82.81863,75.66347,81.26339,86.071,75.02143,70.10145,96.8786,92.08436,80.49119,87.10258,79.9567,65.28853,84.07687,71.69178,80.87685
2012-09,83.24671,76.32504,81.27481,86.8191,75.12732,71.00095,96.95552,92.26701,80.71793,87.63763,79.97619,65.85815,84.75993,72.33672,81.33127
2012-10,83.59086,77.17089,81.79876,87.48814,75.50842,71.9157,97.23244,92.3601,81.08101,87.97114,80.31755,66.66744,85.2693,72.80526,81.548
2012-11,83.9462,78.17036,82.06084,87.948,75.92278,72.58514,97.05514,92.39695,81.58652,88.4026,80.93376,67.19467,85.75625,73.4882,81.96606
2012-12,84.35469,78.49213,82.42323,88.66364,76.28474,73.51534,97.58224,92.77568,82.10209,88.50623,81.97331,67.63967,86.8016,74.17709,82.64661
2013-01,84.84153,79.04226,82.79522,91.02397,76.69441,74.64398,98.94849,93.01852,82.55655,88.5366,82.80458,68.48793,87.01599,74.86604,83.25739
2013-02,85.13251,79.9045,83.55338,93.0868,77.32964,75.58743,99.7101,93.31534,83.07288,88.91455,83.39748,69.69952,86.9894,75.50531,83.84638
2013-03,85.53262,80.45747,83.89927,93.53204,78.25158,76.81239,99.95642,93.63898,83.65518,89.16238,84.03014,71.37173,87.58353,76.4685,84.27158
2013-04,86.19293,81.18037,84.50863,94.1422,79.28793,77.81362,100.1735,93.8493,84.17294,89.54102,84.39964,72.86559,87.87687,77.27904,84.91335
2013-05,86.9092,82.07146,85.05579,94.55875,80.26953,78.28904,100.6373,94.11989,84.54861,90.07943,85.0979,73.80291,88.17767,78.24915,85.64944
2013-06,87.4408,82.77863,85.59174,94.3699,81.26159,78.77515,101.1805,94.46507,84.77318,90.53559,85.65028,75.06934,88.63055,79.79736,86.13354
2013-07,87.67023,83.34008,85.54107,94.53642,82.21691,79.37891,101.5369,94.67393,85.07082,90.96918,86.14455,76.45439,89.09506,80.4289,86.37602
2013-08,87.79334,83.66907,86.44855,95.15654,83.21844,80.2504,101.8477,94.90027,85.58952,92.02674,87.089,77.26247,89.58035,80.67558,86.61262
2013-09,88.1179,83.94596,87.22056,95.41181,84.0967,81.22604,101.5618,95.1525,86.11777,92.12749,87.83314,77.61389,90.01577,81.55841,86.9868
2013-10,88.74744,84.55782,88.02805,95.51431,84.3936,82.10634,101.1711,95.41341,86.53351,91.76971,88.28783,77.77605,90.95393,82.46393,87.19209
2013-11,89.37418,85.05545,89.04369,95.81073,84.63324,82.83911,101.1815,95.57057,86.90337,92.37908,88.60605,78.40884,91.01791,83.69793,87.41492
2013-12,90.08485,85.55074,89.81958,96.04121,85.12181,83.73379,100.6056,95.88972,87.34653,93.53426,88.91001,78.87374,91.53809,84.97424,87.87084
2014-01,90.68081,86.22359,91.00134,96.41003,85.41201,84.70181,100.6854,96.20347,88.02095,94.42267,89.52772,79.8905,91.95773,85.74197,88.57174
2014-02,91.10889,86.81353,90.68104,97.03638,86.35628,85.60117,101.8046,96.26804,88.68603,94.71656,90.47889,81.8046,92.64327,86.46075,89.1525
2014-03,91.55096,87.16458,91.1309,97.65151,87.61958,86.62496,101.3004,96.33382,89.10608,95.01837,90.5099,82.43869,92.98895,86.9819,90.10007
2014-04,92.07417,87.76488,91.5805,97.98747,88.20435,87.81058,100.2875,96.49315,89.48455,95.4818,90.48525,82.69533,93.45762,87.79392,91.07053
2014-05,92.69531,88.74508,91.93802,98.06873,88.69627,88.8024,100.1273,96.59856,89.9566,95.96885,91.16985,83.28346,94.02018,88.67983,91.71036
2014-06,93.32205,89.59762,92.43369,98.04893,89.26032,89.93048,99.85419,96.82085,90.4301,96.6824,91.68024,83.16709,94.45394,89.3116,92.30083
2014-07,93.9264,90.70577,93.19527,98.07322,89.76619,90.57265,99.62438,97.00937,91.08567,97.02792,92.01904,83.30973,94.96249,90.13514,92.3349
2014-08,94.56433,92.33466,93.89361,98.35511,90.42003,90.67023,99.83968,97.24062,91.74747,97.71818,92.56709,84.0572,95.20596,91.09347,92.28683
2014-09,95.24982,93.66454,94.61097,98.57594,91.11212,91.09446,100.0715,97.54865,92.25718,98.24347,93.52111,85.0753,95.49597,91.92004,93.15295
2014-10,95.77023,94.56451,95.13471,98.74518,91.53786,91.76791,99.71214,97.87746,93.02745,97.84849,94.10825,86.69722,95.99787,92.89429,94.0677
2014-11,96.0808,95.53429,95.43169,99.10535,92.36227,92.59141,99.54082,98.29506,93.89972,98.4602,94.47538,88.7697,96.32278,93.98776,94.50611
2014-12,96.61241,96.31953,95.72955,99.31077,93.93527,93.30079,99.71248,98.63465,94.73772,99.82098,94.93192,90.19971,96.97591,94.74309,94.64333
2015-01,97.10764,96.93709,96.45622,99.41168,95.00204,93.89987,99.5694,98.83949,95.39854,100.6729,95.51945,94.48601,97.50025,95.43456,95.02699
2015-02,97.74557,97.32259,96.96999,99.58276,95.61826,94.81915,99.21568,99.04189,95.98608,100.6039,96.40597,97.38931,98.49076,96.15666,96.03233
2015-03,98.47583,97.65115,97.60018,99.84326,96.23169,95.74342,99.60624,99.26712,97.2243,101.1244,97.35513,96.18703,98.62704,97.02438,96.88034
2015-04,98.92909,98.2335,97.80994,99.7928,96.78754,96.57549,100.1633,99.43452,98.57484,99.81018,98.06644,95.78072,99.02092,97.81893,98.0131
2015-05,99.26205,99.1638,98.12439,99.57623,97.69611,97.94714,100.1255,99.79418,99.42271,98.52935,98.56144,95.69967,99.28184,98.57868,99.23164
2015-06,99.63137,99.94745,98.62895,99.80988,98.49931,99.41924,99.7259,99.87194,100.1461,99.21294,99.60728,96.80109,99.65993,99.84487,100.1425
2015-07,100.3113,100.4726,100.6713,99.9915,99.82304,101.2888,99.80467,100.1223,100.8892,99.46155,100.7188,98.56745,100.0937,100.6861,101.1488
2015-08,100.7645,100.5366,101.7992,99.95418,101.8054,102.6123,100.282,100.469,101.6127,99.66967,101.3967,101.7701,100.5216,101.3252,101.7364
2015-09,101.1814,100.7946,102.5071,99.91608,102.9774,103.0397,100.2572,100.5226,102.1012,99.7038,102.1661,104.7421,100.9953,102.1573,101.8069
2015-10,101.6962,101.7761,102.3312,100.1205,103.9624,103.8956,100.2592,100.6969,102.4969,100.1547,102.5672,105.372,101.277,102.7561,102.6019
2015-11,102.2251,102.7135,103.1052,100.8429,105.3868,104.9367,100.2767,100.8675,102.852,100.4422,103.3274,105.8408,102.0232,103.5811,103.4956
2015-12,102.6699,104.4511,103.9963,101.1582,106.2101,105.8226,100.7142,101.0725,103.2953,100.6144,104.3082,107.3636,102.5085,104.636,103.8835
2016-01,103.0448,105.6399,104.8555,100.9828,106.4915,106.7303,101.6079,101.3321,103.9062,100.8831,104.8233,109.585,103.5505,105.6285,103.8933
2016-02,103.5261,106.2466,105.4624,101.1087,107.0367,107.6444,102.4578,101.5341,104.6066,101.4163,105.6437,111.5166,104.1505,106.6381,104.0944
2016-03,104.15,107.6048,104.9549,101.4716,107.5934,108.5233,103.137,101.7735,105.9171,101.9165,106.571,111.8824,104.6632,107.2807,105.069
2016-04,104.6788,108.7242,105.8505,101.8099,107.9816,109.4211,103.2644,102.1605,106.8481,102.4327,107.4952,111.361,105.4077,108.4104,105.7873
2016-05,104.9922,109.4343,107.2934,101.8628,108.7839,110.2642,103.4065,102.5636,107.3238,102.7665,108.2645,111.9479,105.9578,109.3104,105.941
2016-06,105.4622,110.1798,108.2238,102.0475,109.7694,111.3419,105.4126,102.7324,107.9787,103.1657,108.7921,112.1527,106.5262,109.3151,106.1618
2016-07,106.1533,111.1833,109.8079,102.4197,110.6949,112.5014,107.7962,103.0017,108.68,103.9729,109.4333,111.8545,107.0347,110.2634,106.4057
2016-08,106.7913,112.2031,110.1286,102.6476,111.8022,113.6486,108.7604,103.2422,109.6092,104.7256,109.9494,111.7783,107.761,111.6638,106.8796
2016-09,107.1046,113.2471,110.8698,102.793,112.7641,114.7331,109.5096,103.4777,110.3463,105.677,110.0643,111.347,108.287,112.9333,107.4494
2016-10,107.5887,114.0469,111.6492,103.0417,113.5922,115.7832,110.5019,103.7482,110.8057,106.1911,110.7789,111.087,108.9011,113.9786,108.8939
2016-11,108.3945,114.7641,111.9588,103.1937,114.3704,116.8109,111.0175,104.1295,111.1872,106.4989,111.6204,111.2189,109.5093,114.4473,109.57
2016-12,109.2506,116.0733,112.4131,103.5995,114.8418,117.7696,111.0442,104.4597,111.4324,106.3611,112.123,109.5141,109.7686,113.1645,109.5054
2017-01,110.0676,117.4995,112.6284,104.0459,115.2863,118.7757,111.5272,104.7847,111.6999,106.6376,112.7333,109.5654,110.3727,112.252,110.9233
2017-02,110.7727,118.423,112.6972,104.2895,115.9566,119.5943,112.5785,105.1337,112.4854,107.7745,113.0227,111.9503,110.8522,113.2879,111.5116
2017-03,111.3463,119.5359,113.6666,104.6522,116.9821,120.2932,113.8716,105.4183,113.7679,108.8466,113.4624,112.6912,111.3948,116.216,111.3585
2017-04,112.1101,120.2078,115.0321,104.975,118.152,121.0492,114.8609,105.5928,114.8361,109.6681,114.1808,113.5627,111.9333,117.1298,111.5445
2017-05,112.8684,120.2673,115.7896,105.4864,118.5276,121.4682,115.1275,105.8748,115.2924,109.7945,114.8327,114.5384,112.3537,116.5616,112.0506
2017-06,113.5511,120.7883,115.5102,106.0629,118.7702,122.0975,115.2172,106.1508,115.472,110.1177,115.4981,115.7071,112.6022,117.4433,112.7476
2017-07,113.9707,121.3684,115.38,106.4276,119.431,123.1019,115.5753,106.4552,116.0921,110.9978,116.3419,116.159,113.1448,118.0385,113.5125
2017-08,114.0827,122.2579,115.617,106.7363,119.3856,123.9585,116.3919,106.6963,116.6383,111.2591,117.065,115.8745,113.601,118.535,114.3184
2017-09,114.3708,123.5425,116.0111,107.087,119.4809,125.0239,117.2976,106.9933,116.7635,111.5446,117.5615,116.0679,113.9824,119.2442,114.9352
2017-10,114.7961,124.5115,116.8021,107.3561,120.1206,126.0675,117.8158,107.2872,117.1922,112.5092,118.5498,116.6136,114.4984,121.0234,115.4873
2017-11,115.1291,124.9764,117.431,107.4983,120.6163,127.1524,118.0647,107.6205,117.6487,113.1261,119.5862,117.2435,114.7519,122.2668,115.9802
2017-12,114.9165,125.3354,117.8022,107.6231,120.6695,127.9033,118.1143,107.6635,118.2443,113.04,120.2819,116.5945,115.105,122.8887,116.5945
2018-01,114.8969,125.8874,117.242,107.9476,120.5811,129.0859,118.6585,107.8444,119.3347,113.6033,120.9594,116.8177,115.2388,123.8216,117.6014
2018-02,115.2522,126.5311,118.6605,108.2593,120.8162,130.5695,119.1481,108.0245,120.3117,114.2262,121.4189,118.361,115.4258,124.7564,118.5463
2018-03,115.5516,127.3854,118.9707,108.2693,121.6153,131.1126,118.5318,108.2115,121.3317,114.7138,121.8422,120.4427,115.8463,125.6895,118.7315
2018-04,115.6159,128.2491,119.3296,108.3985,123.7674,131.7365,117.928,108.5015,122.387,115.9698,122.3044,124.175,116.1205,126.8122,118.6996
2018-05,115.6943,128.6951,119.7843,108.6937,125.4491,132.2975,118.7334,108.7408,123.0415,116.9816,122.7216,126.4046,116.629,127.9901,118.892
2018-06,116.0244,129.5751,120.5138,108.7511,126.278,132.8013,119.4623,108.9734,123.3563,117.4988,123.5141,127.1449,117.2298,128.8645,119.3229
2018-07,116.1587,130.4612,121.2119,108.8818,127.4257,133.9594,119.4777,109.1515,123.9121,117.6929,124.4688,127.211,117.5705,129.6466,120.2761
2018-08,116.5952,131.3843,121.9559,109.2963,128.4458,134.9996,119.5902,109.3433,124.6971,117.8779,125.5168,128.1075,117.9187,130.8387,121.7225
2018-09,117.0205,132.8931,122.626,109.6134,129.7066,135.9704,119.9592,109.6071,125.0425,117.9775,126.5449,129.3157,118.2054,131.7674,122.9247
2018-10,117.2471,133.89,123.217,109.9374,130.7599,136.975,120.8503,109.7591,125.7249,117.8656,127.0077,129.462,118.384,132.5771,122.9745
2018-11,117.429,134.4371,124.0357,110.3486,132.472,137.9958,121.3667,109.8509,126.5028,118.254,127.3549,130.1869,118.5336,133.7899,122.7549
2018-12,117.4178,136.1797,125.2536,110.7724,134.6932,140.5683,121.9821,109.9365,127.286,118.7406,127.9911,130.3171,119.392,134.8019,123.1147
2019-01,117.8151,,124.6231,,,,121.8491,110.0608,128.1499,118.8998,,,119.9728,,123.7869
2019-02,118.5985,,126.0497,,,,120.5488,110.2773,128.8506,119.352,,,120.0252,,124.6561
2019-03,119.6925,,127.7324,,,,120.4028,110.4876,130.2807,119.9607,,,120.2246,,125.9557
2019-04,120.4424,,128.8684,,,,120.9309,110.8977,,120.0778,,,120.6019,,128.0056
