country,CHE,DEU,FRA,GBR,JPN,KOR,NOR,RUS,ZAF
subject,PPI,PPI,PPI,PPI,PPI,PPI,PPI,PPI,PPI
measure,DOMESTIC,DOMESTIC,DOMESTIC,DOMESTIC,DOMESTIC,DOMESTIC,DOMESTIC,DOMESTIC,DOMESTIC
1955-01,,33.01316,,,,,,,
1955-02,,33.09158,,,,,,,
1955-03,,33.17,,,,,,,
1955-04,,33.09158,,,,,,,
1955-05,,33.17,,,,,,,
1955-06,,33.24841,,,,,,,
1955-07,,33.24841,,,,,,,
1955-08,,33.32683,,,,,,,
1955-09,,33.32683,,,,,,,
1955-10,,33.32683,,,,,,,
1955-11,,33.48366,,,,,,,
1955-12,,33.48366,,,,,,,
1956-01,,33.64049,,,,,,,
1956-02,,33.64049,,,,,,,
1956-03,,33.71891,,,,,,,
1956-04,,33.64049,,,,,,,
1956-05,,33.64049,,,,,,,
1956-06,,33.56208,,,,,,,
1956-07,,33.48366,,,,,,,
1956-08,,33.48366,,,,,,,
1956-09,,33.64049,,,,,,,
1956-10,,33.71891,,,,,,,
1956-11,,33.95416,,,,,,,
1956-12,,34.1894,,,,,,,
1957-01,,34.34624,,7.115471,,,,,
1957-02,,34.34624,,7.121941,,,,,
1957-03,,34.34624,,7.141345,,,,,
1957-04,,34.34624,,7.128404,,,,,
1957-05,,34.1894,,7.121941,,,,,
1957-06,,34.1894,,7.141345,,,,,
1957-07,,34.11099,,7.128404,,,,,
1957-08,,34.11099,,7.109,,,,,
1957-09,,34.03257,,7.154278,,,,,
1957-10,,33.95416,,7.167219,,,,,
1957-11,,33.95416,,7.167219,,,,,
1957-12,,34.03257,,7.186622,,,,,
1958-01,,34.11099,,7.173689,,,,,
1958-02,,34.03257,,7.167219,,,,,
1958-03,,34.03257,,7.18016,,,,,
1958-04,,33.95416,,7.18016,,,,,
1958-05,,33.95416,,7.186622,,,,,
1958-06,,33.95416,,7.186622,,,,,
1958-07,,33.87574,,7.186622,,,,,
1958-08,,33.87574,,7.186622,,,,,
1958-09,,33.71891,,7.186622,,,,,
1958-10,,33.71891,,7.199563,,,,,
1958-11,,33.71891,,7.212495,,,,,
1958-12,,33.71891,,7.225436,,,,,
1959-01,,33.64049,,7.225436,,,,,
1959-02,,33.64049,,7.225436,,,,,
1959-03,,33.64049,,7.238378,,,,,
1959-04,,33.56208,,7.193092,,,,,
1959-05,,33.64049,,7.199563,,,,,
1959-06,,33.56208,,7.199563,,,,,
1959-07,,33.56208,,7.193092,,,,,
1959-08,,33.64049,,7.206034,,,,,
1959-09,,33.64049,,7.212495,,,,,
1959-10,,33.71891,,7.218966,,,,,
1959-11,,33.87574,,7.225436,,,,,
1959-12,,33.79733,,7.231906,,,,,
1960-01,,33.87574,16.89517,7.238378,56.05692,,,,
1960-02,,33.87574,16.89517,7.238378,55.95406,,,,
1960-03,,33.79733,16.87678,7.238378,55.95406,,,,
1960-04,,33.71891,17.10658,7.277184,55.8512,,,,
1960-05,,33.95416,17.09739,7.309528,55.74835,,,,
1960-06,,33.95416,17.00547,7.322469,55.54264,,,,
1960-07,,33.95416,16.95031,7.335402,55.33692,,,,
1960-08,,34.03257,16.94112,7.341872,55.33692,,,,
1960-09,,34.1894,17.01466,7.341872,55.54264,,,,
1960-10,,34.34624,17.10658,7.348342,55.33692,,,,
1960-11,,34.34624,17.18012,7.361276,55.23407,,,,
1960-12,,34.42465,17.30881,7.380686,55.13121,,,,
1961-01,,34.50307,17.30881,7.39362,55.23407,,,,
1961-02,,34.58149,17.40073,7.413023,55.33692,,,,
1961-03,,34.58149,17.47427,7.445367,55.64549,,,,
1961-04,,34.58149,17.53861,7.451837,55.8512,,,,
1961-05,,34.50307,17.57538,7.471241,55.95406,,,,
1961-06,,34.42465,17.53861,7.490652,55.8512,,,,
1961-07,,34.50307,17.53861,7.510056,55.8512,,,,
1961-08,,34.58149,17.62134,7.561802,56.05692,,,,
1961-09,,34.6599,17.64892,7.574743,56.05692,,,,
1961-10,,34.73832,17.61215,7.574743,55.8512,,,,
1961-11,,34.73832,17.61215,7.587676,55.64549,,,,
1961-12,,34.73832,17.64892,7.600617,55.33692,,,,
1962-01,,34.81673,17.58748,7.620021,55.33692,,,,
1962-02,,34.89515,17.60513,7.639424,55.33692,,,,
1962-03,,34.89515,17.64045,7.652365,55.23407,,,,
1962-04,,35.05198,17.67577,7.645894,55.02835,,,,
1962-05,,35.05198,17.6228,7.652365,54.71978,,,,
1962-06,,35.05198,17.58748,7.665306,54.41121,,,,
1962-07,,35.05198,17.65811,7.678238,54.41121,,,,
1962-08,,35.05198,17.65811,7.684709,54.41121,,,,
1962-09,,35.05198,17.67577,7.697641,54.10264,,,,
1962-10,,35.05198,17.69343,7.704112,54.10264,,,,
1962-11,,35.05198,17.72875,7.704112,54.10264,,,,
1962-12,,35.05198,17.81703,7.717053,54.30835,,,,
1963-01,,35.1304,17.85235,7.723515,54.71978,,,,
1963-02,,35.20881,17.94064,7.723515,54.9255,,,,
1963-03,,35.1304,17.97596,7.723515,55.02835,,,,
1963-04,,35.1304,18.04659,7.723515,55.02835,,,,
1963-05,,35.05198,18.08191,7.782928,55.13121,,,,
1963-06,,35.05198,18.11722,7.723515,55.33692,,,,
1963-07,,35.05198,18.17019,7.723515,55.23407,,,,
1963-08,,35.1304,18.22317,7.723515,55.23407,,,,
1963-09,,35.1304,18.24083,7.782928,55.23407,,,,
1963-10,,35.20881,18.24083,7.782928,55.33692,,,,
1963-11,,35.20881,18.31146,7.782928,55.64549,,,,
1963-12,,35.20881,18.45273,7.84234,55.33692,,,,
1964-01,,35.28723,18.52336,7.901752,55.33692,,,,
1964-02,,35.36565,18.61165,7.901752,55.33692,,,,
1964-03,,35.44406,18.66462,7.901752,55.13121,,,,
1964-04,,35.44406,18.75292,7.901752,55.23407,,,,
1964-05,,35.44406,18.75292,8.020577,55.02835,,,,
1964-06,,35.44406,18.77057,8.020577,55.02835,,,,
1964-07,,35.44406,18.78823,8.020577,55.02835,,,,
1964-08,,35.52248,18.87652,8.020577,55.02835,,,,
1964-09,,35.75772,18.92949,8.020577,55.02835,,,,
1964-10,,35.83614,18.98247,8.020577,55.02835,,,,
1964-11,,36.07139,19.00013,8.07999,55.02835,,,,
1964-12,,36.07139,18.87652,8.139402,55.02835,,,,
1965-01,,36.07139,18.8412,8.139402,55.33692,7.14,,,
1965-02,,36.22822,18.89417,8.198814,55.33692,7.16,,,
1965-03,,36.22822,18.87652,8.198814,55.23407,7.16,,,
1965-04,,36.38506,18.92949,8.258226,55.23407,7.15,,,
1965-05,,36.38506,18.92949,8.317639,55.13121,7.23,,,
1965-06,,36.38506,18.89417,8.317639,55.02835,7.3,,,
1965-07,,36.38506,18.85886,8.317639,54.9255,7.32,,,
1965-08,,36.46347,18.85886,8.317639,54.9255,7.35,,,
1965-09,,36.54189,18.89417,8.317639,55.02835,7.42,,,
1965-10,,36.54189,19.03544,8.317639,55.02835,7.49,,,
1965-11,,36.54189,19.03544,8.377052,55.02835,7.55,,,
1965-12,,36.69872,19.08841,8.377052,55.13121,7.61,,,
1966-01,,36.85555,19.24734,8.436456,55.33692,7.67,,,
1966-02,,37.01238,19.33563,8.436456,55.8512,7.7,,,
1966-03,,37.0908,19.3886,8.436456,55.8512,7.74,,,
1966-04,,37.24763,19.68879,8.495868,55.95406,7.81,,,
1966-05,,37.24763,19.83006,8.495868,56.05692,7.87,,,
1966-06,,37.24763,19.75942,8.495868,56.15977,7.97,,,
1966-07,,37.24763,19.58285,8.555281,56.26263,8.01,,,
1966-08,,37.0908,19.28266,8.555281,56.46835,8.01,,,
1966-09,,37.01238,19.33563,8.555281,56.26263,8.06,,,
1966-10,,37.01238,19.35328,8.555281,56.46835,8.14,,,
1966-11,,37.01238,19.33563,8.555281,56.46835,8.21,,,
1966-12,,36.93397,19.37095,8.555281,56.46835,8.25,,,
1967-01,,37.01238,19.42392,8.555281,57.08549,8.19,,,
1967-02,,36.93397,19.44158,8.555281,56.98263,8.18,,,
1967-03,,36.85555,19.30031,8.555281,56.87977,8.2,,,
1967-04,,36.6203,19.19436,8.555281,56.5712,8.22,,,
1967-05,,36.54189,19.17671,8.555281,56.67406,8.25,,,
1967-06,,36.6203,19.10608,8.555281,56.67406,8.3,,,
1967-07,,36.6203,19.12373,8.614694,56.87977,8.31,,,
1967-08,,36.54189,19.19436,8.614694,56.87977,8.37,,,
1967-09,,36.54189,19.22968,8.614694,56.98263,8.45,,,
1967-10,,36.54189,19.35328,8.674106,56.98263,8.55,,,
1967-11,,36.54189,19.4769,8.674106,57.18834,8.61,,,
1967-12,,36.6203,19.37095,8.674106,57.18834,8.62,,,
1968-01,,36.6203,18.80589,8.733519,57.08549,8.75,,,
1968-02,,36.69872,19.05311,8.79293,57.18834,8.79,,,
1968-03,,36.54189,18.82354,8.852343,57.18834,8.84,,,
1968-04,,36.30664,18.55867,8.911756,56.87977,8.86,,,
1968-05,,36.22822,18.55867,8.911756,56.98263,8.85,,,
1968-06,,36.22822,18.73525,8.911756,57.08549,8.86,,,
1968-07,,36.22822,18.80589,8.971168,56.98263,8.88,,,
1968-08,,36.22822,18.87652,8.971168,56.98263,8.89,,,
1968-09,,36.30664,19.05311,8.971168,57.18834,8.91,,,
1968-10,,36.38506,19.14139,8.971168,57.18834,8.97,,,
1968-11,,36.38506,19.31798,9.030581,57.18834,9.0,,,
1968-12,,36.38506,19.84771,9.089984,57.18834,9.0,,,
1969-01,,36.54189,20.04196,9.149397,57.2912,9.04,,,
1969-02,,36.54189,20.11258,9.149397,57.2912,9.08,,,
1969-03,,36.54189,20.21853,9.208809,57.2912,9.09,,,
1969-04,,36.69872,20.48341,9.208809,57.59977,9.15,,,
1969-05,,36.85555,20.60702,9.208809,57.80548,9.24,,,
1969-06,,36.85555,20.69531,9.268222,57.80548,9.27,,,
1969-07,,37.01238,20.83657,9.268222,57.80548,9.28,,,
1969-08,,37.16922,21.36632,9.268222,58.11405,9.26,,,
1969-09,,37.32605,21.54289,9.327634,58.62834,9.28,,,
1969-10,,37.63971,21.80777,9.387046,58.73119,9.32,,,
1969-11,,37.95338,22.05498,9.387046,59.03976,9.4,,,
1969-12,,38.03179,22.19624,9.446459,59.34834,9.44,,,
1970-01,,38.50229,22.40814,9.565284,59.86262,9.65,,,1.625226
1970-02,,38.65912,22.58473,9.624696,60.27404,9.74,,,1.625226
1970-03,,38.89437,22.88491,9.684109,60.3769,9.84,,,1.625226
1970-04,,38.89437,22.99086,9.743512,60.68547,9.97,,,1.625226
1970-05,,38.89437,22.79662,9.862338,60.78833,9.99,,,1.625226
1970-06,,38.89437,22.62004,9.862338,60.58261,9.97,,,1.625226
1970-07,,38.89437,22.53175,9.981162,60.58261,9.98,,,1.625226
1970-08,,38.97279,22.4258,10.04057,60.58261,10.0,,,1.625226
1970-09,,39.0512,22.47878,10.09999,60.58261,10.04,,,1.625226
1970-10,,39.20803,22.33751,10.1594,60.47976,10.09,,,1.625226
1970-11,,39.44328,22.31985,10.27822,60.27404,10.1,,,1.665856
1970-12,,39.67853,22.4258,10.33764,60.06833,10.1,,,1.665856
1971-01,,40.22744,22.56706,10.51587,60.06833,10.11,,,1.665856
1971-02,,40.38427,22.60238,10.57528,59.86262,10.13,,,1.706487
1971-03,,40.54111,22.9732,10.63469,59.75976,10.14,,,1.706487
1971-04,,40.69794,23.11447,10.6941,60.06833,10.16,,,1.747118
1971-05,,40.69794,22.95554,10.81293,60.06833,10.17,,,1.747118
1971-06,,40.77636,23.02617,10.87234,59.96547,10.38,,,1.747118
1971-07,,40.77636,23.09681,10.93175,59.86262,10.36,,,1.747118
1971-08,,40.77636,23.14979,10.93175,60.06833,10.48,,,1.747118
1971-09,,40.77636,23.20276,10.99117,59.86262,10.91,,,1.747118
1971-10,,40.77636,23.29104,10.99117,59.75976,11.06,,,1.747118
1971-11,,40.61952,23.27339,10.99117,59.75976,11.09,,,1.747118
1971-12,,40.77636,23.29104,11.05058,59.75976,11.12,,,1.747118
1972-01,,40.93319,23.36168,11.10998,59.75976,11.19,,,1.747118
1972-02,,41.09002,23.48528,11.16939,59.86262,11.29,,,1.787748
1972-03,,41.24685,23.67953,11.16939,59.86262,11.41,,,1.787748
1972-04,,41.40368,23.80313,11.22881,60.06833,11.5,,,1.787748
1972-05,,41.4821,23.83845,11.28822,60.27404,11.59,,,1.787748
1972-06,,41.4821,23.80313,11.34763,60.27404,11.6,,,1.828379
1972-07,,41.56052,23.9444,11.40704,60.3769,11.63,,,1.869009
1972-08,,41.56052,24.05034,11.46646,60.58261,11.75,,,1.869009
1972-09,,41.87418,24.38585,11.58528,60.99404,11.76,,,1.869009
1972-10,,42.03101,24.73902,11.64469,61.40547,11.77,,,1.869009
1972-11,,42.10943,24.84496,11.76351,62.33118,11.78,,,1.90964
1972-12,,42.26626,25.30407,11.76351,63.35975,11.93,,,1.90964
1973-01,,42.73676,25.463,11.82292,64.07974,11.99,,,1.90964
1973-02,,43.28567,25.97508,11.88233,65.10831,12.02,,,1.950271
1973-03,,43.52092,26.45185,11.94175,66.54831,12.09,,,1.990901
1973-04,,43.75616,26.62843,11.82292,67.06259,12.19,,,1.990901
1973-05,,44.06983,26.66374,11.94175,67.67973,12.2,,,2.031532
1973-06,,44.30508,27.1052,12.06057,68.50259,12.24,,,2.072163
1973-07,,44.69716,27.67026,12.1794,69.53115,12.4,,,2.072163
1973-08,,44.85399,28.04108,12.35763,70.97115,12.73,,,2.072163
1973-09,,44.85399,28.27064,12.47645,72.20543,12.98,,,2.112793
1973-10,,45.16766,28.8357,12.7141,73.74828,13.03,,,2.112793
1973-11,,45.63815,29.98347,12.83292,75.80541,13.16,,,2.194055
1973-12,,46.10865,30.77809,12.95175,81.97681,14.04,,,2.194055
1974-01,,47.52014,32.49092,13.30822,86.2968,14.74,,,2.234685
1974-02,,48.85321,33.70933,13.78636,88.04536,17.28,,,2.275316
1974-03,,49.55896,35.29856,14.1848,88.66251,17.88,,,2.315947
1974-04,,50.02945,36.69355,14.50357,89.17679,18.59,,,2.356577
1974-05,,50.42153,36.76419,14.66295,89.3825,18.91,,,2.356577
1974-06,,50.49995,36.81716,14.90202,89.79393,18.99,,,2.437839
1974-07,,50.89203,36.78185,15.0614,90.30821,19.06,,,2.5191
1974-08,,50.97044,36.51697,15.30047,90.51392,19.23,,,2.5191
1974-09,,51.20569,36.26976,15.45985,90.51392,19.14,,,2.55973
1974-10,,51.36252,36.19913,15.7786,91.02821,19.21,,,2.55973
1974-11,,51.44094,35.93426,16.09736,91.43964,19.29,,,2.600361
1974-12,,51.44094,35.06901,16.41613,91.64535,20.26,,,2.640992
1975-01,,51.91144,34.87477,16.97395,91.64535,21.52,,,2.722253
1975-02,,51.83302,34.48629,17.13333,91.33678,21.71,,,2.722253
1975-03,,51.83302,34.32737,17.53178,91.02821,21.79,,,2.722253
1975-04,,51.98985,33.77996,17.85055,91.33678,22.27,,,2.762884
1975-05,,52.06827,33.26788,18.24899,91.43964,22.72,,,2.762884
1975-06,,51.98985,32.98535,18.40837,91.02821,22.88,,,2.803514
1975-07,,51.91144,33.28554,18.64745,91.33678,22.95,,,2.884776
1975-08,,51.98985,33.53275,18.64745,91.5425,23.02,,,2.884776
1975-09,,52.14669,33.47978,18.88651,91.85106,23.06,,,2.925406
1975-10,,52.14669,33.0913,19.04589,92.15963,23.31,,,2.966037
1975-11,,52.06827,33.39149,19.44435,92.15963,23.46,,,3.006667
1975-12,,52.14669,33.49744,19.7631,92.57106,23.77,,,3.006667
1976-01,,52.53876,33.70933,20.08186,93.29105,24.34,,,3.047298
1976-02,,52.79298,34.04484,20.24125,94.11391,24.42,,,3.047298
1976-03,,52.87772,34.62755,20.40062,94.6282,24.48,,,3.047298
1976-04,,53.38617,35.19261,20.63969,95.34819,24.56,,,3.087929
1976-05,,53.47091,35.79299,20.87876,95.5539,24.57,,,3.209821
1976-06,,53.64038,36.05786,21.11783,95.96533,24.66,,,3.209821
1976-07,,53.97934,37.08203,21.43659,96.9939,24.72,,,3.250451
1976-08,,54.14882,37.25862,21.75535,97.7139,24.85,,,3.291082
1976-09,,54.3183,37.41754,21.99442,98.12532,24.94,,,3.331712
1976-10,,54.23356,37.41754,22.39287,98.33104,25.02,,,3.372343
1976-11,,54.06408,37.61177,22.9507,98.43389,25.12,,,3.372343
1976-12,,54.06408,37.62943,23.11008,98.53675,25.26,,,3.453604
1977-01,,54.65726,37.57646,23.90698,98.63961,25.47,24.39648,,3.453604
1977-02,,54.91148,38.07088,24.14605,98.74246,25.72,24.60092,,3.534866
1977-03,,55.1657,38.44171,24.38512,98.84532,25.72,24.66907,,3.534866
1977-04,,55.25044,38.65361,24.94295,99.25674,25.8,24.66907,,3.575496
1977-05,,55.25044,38.60063,25.26171,99.46246,25.91,24.87351,,3.616127
1977-06,,55.25044,38.12386,25.58047,99.25674,26.1,24.94166,,3.656758
1977-07,,55.25044,38.07088,25.89923,99.15389,26.13,25.0098,,3.697388
1977-08,,55.25044,38.01791,26.05861,99.25674,26.18,25.07795,,3.738019
1977-09,,55.25044,38.22981,26.21798,99.25674,26.23,25.07795,,3.738019
1977-10,,55.25044,38.05323,26.37737,99.46246,26.29,25.1461,,3.738019
1977-11,,55.1657,38.08855,26.37737,99.15389,26.31,25.21424,,3.77865
1977-12,,55.1657,38.14152,26.53675,98.84532,26.41,25.21424,,3.77865
1978-01,,55.25044,38.28279,26.8555,98.74246,26.64,25.48683,,3.859911
1978-02,,55.25044,38.61829,27.01488,98.74246,26.81,25.62312,,3.900542
1978-03,,55.25044,38.77721,27.17426,98.74246,26.85,25.69127,,3.900542
1978-04,,55.41992,39.05974,27.33364,98.84532,26.98,25.69127,,3.900542
1978-05,,55.5894,39.39524,27.49303,98.84532,27.03,25.82756,,3.981803
1978-06,,55.5894,39.53651,27.7321,98.84532,27.17,25.89571,,4.022433
1978-07,,55.5894,39.73075,27.89148,98.53675,27.2,25.96386,,4.022433
1978-08,,55.5894,40.01328,28.05085,98.22818,27.24,26.10015,,4.063064
1978-09,,55.5894,40.47239,28.21023,97.7139,27.39,26.30459,,4.103695
1978-10,,55.5894,40.96682,28.36961,97.61104,27.62,26.37274,,4.184956
1978-11,,55.75888,41.28466,28.4493,97.50818,27.85,26.44088,,4.225587
1978-12,,55.92836,41.51422,28.60868,97.61104,28.04,26.50903,,4.225587
1979-01,,56.26732,42.18523,29.00713,98.12532,28.23,26.50903,,4.266217
1979-02,,56.77576,42.94453,29.2462,98.53675,28.53,26.57718,,4.306848
1979-03,,57.2842,43.98635,29.48528,99.25674,29.39,26.71347,,4.347478
1979-04,,57.7079,44.32186,29.88373,100.0796,30.27,26.78161,,4.388109
1979-05,,58.04686,44.67502,30.36186,101.211,31.29,26.91791,,4.42874
1979-06,,58.38582,45.08116,30.84,102.3424,31.62,27.0542,,4.510001
1979-07,,58.80952,45.52261,31.55721,104.091,33.8,27.12235,,4.672524
1979-08,,58.979,45.98172,31.87597,105.531,35.03,27.32679,,4.713154
1979-09,,59.31796,46.35254,32.19473,106.7653,35.39,27.46308,,4.794415
1979-10,,59.65692,46.56444,32.4338,107.5881,35.8,27.73567,,4.835046
1979-11,,59.8264,46.86462,32.67287,108.1024,36.08,27.87196,,4.835046
1979-12,,60.16536,47.00589,32.99163,109.3367,36.41,28.00826,,4.875677
1980-01,,60.92802,47.80051,33.86821,112.1138,38.11,28.55343,,4.916307
1980-02,,61.60594,47.96677,34.50573,114.171,43.63,28.82601,,4.997569
1980-03,,61.9449,48.0499,34.98388,116.1253,45.4,29.23489,,5.038199
1980-04,,62.45334,48.96434,35.46201,118.2852,46.17,29.50748,,5.07883
1980-05,,62.62282,48.96434,35.86047,119.6224,46.63,29.91636,,5.119461
1980-06,,62.62282,48.88121,36.25891,120.3424,46.76,30.25709,,5.200722
1980-07,,62.70756,49.71252,35.86047,120.4452,46.81,30.59782,,5.322614
1980-08,,62.70756,49.6294,36.73706,121.0624,47.89,31.0067,,5.403875
1980-09,,62.62282,49.71252,36.81675,121.1652,48.69,31.21115,,5.485137
1980-10,,62.7923,50.21131,37.05581,120.7538,49.18,31.62002,,5.525767
1980-11,,63.216,50.29445,37.13551,120.6509,49.94,31.82446,,5.607028
1980-12,,63.47022,50.12818,37.29488,120.3424,51.36,32.0289,,5.607028
1981-01,,64.0634,51.95707,37.85271,120.0338,52.14,32.71037,,5.647659
1981-02,,64.4871,52.0402,38.17147,119.5195,52.61,32.91481,,5.68829
1981-03,,65.08028,52.12334,38.7293,119.1081,53.06,33.39183,,5.68829
1981-04,,65.50397,53.20404,39.36683,119.4167,54.32,33.59628,,5.769551
1981-05,,65.92767,53.53657,39.5262,119.9309,55.92,33.73257,,5.810182
1981-06,,66.18189,53.78596,39.76527,119.8281,56.28,34.14145,,5.932074
1981-07,,66.69034,55.36546,40.00434,119.7252,56.29,34.68662,,6.053966
1981-08,,67.19878,55.53172,40.3231,120.3424,56.44,34.89106,,6.175858
1981-09,,67.453,55.69798,40.64186,120.5481,56.62,35.0955,,6.216488
1981-10,,67.453,57.11122,41.04031,120.5481,56.62,35.0955,,6.257119
1981-11,,67.53773,57.11122,41.27938,120.6509,56.6,35.36809,,6.33838
1981-12,,67.70721,57.61,41.43876,120.7538,57.54,35.36809,,6.33838
1982-01,,68.38513,59.60516,41.9169,120.6509,57.95,36.18585,,6.419641
1982-02,,68.55461,59.68829,42.23566,120.6509,58.29,36.32214,,6.541533
1982-03,,68.55461,60.18707,42.47473,120.5481,58.14,36.52658,,6.582164
1982-04,,69.06306,60.93525,42.63411,120.5481,58.14,36.32214,,6.704056
1982-05,,69.23254,60.93525,42.79349,120.4452,58.19,36.39029,,6.744687
1982-06,,69.5715,61.10151,42.95287,120.0338,58.24,36.45843,,6.744687
1982-07,,69.74097,61.01839,43.35131,120.1367,58.26,37.07175,,6.825948
1982-08,,69.82571,61.10151,43.59039,120.6509,58.28,37.48063,,6.94784
1982-09,,69.99519,61.18464,43.82946,120.7538,58.52,37.68507,,6.98847
1982-10,,70.16467,62.34849,44.06853,120.9595,58.56,38.02581,,7.150993
1982-11,,70.16467,62.34849,44.3076,121.0624,58.49,38.36654,,7.191624
1982-12,,69.99519,62.43162,44.70605,120.9595,58.46,38.50283,,7.191624
1983-01,,69.99519,64.09424,44.86543,120.5481,58.42,38.63913,,7.272885
1983-02,,69.82571,64.26051,45.1045,120.5481,58.17,38.70727,,7.313515
1983-03,,69.65623,64.67616,45.34356,120.3424,58.17,38.63913,,7.354146
1983-04,,69.99519,65.59061,45.74202,119.5195,58.04,38.77542,,7.435407
1983-05,,69.99519,65.59061,45.9014,119.7252,57.69,38.77542,,7.476038
1983-06,,70.16467,65.84,46.06078,119.7252,57.76,38.91171,,7.516669
1983-07,,70.24941,67.25323,46.22016,119.7252,57.85,39.25245,,7.516669
1983-08,,70.75785,67.41949,46.45923,118.9024,57.97,39.72947,,7.679191
1983-09,,71.01207,67.50262,46.77798,119.1081,58.06,40.00206,,7.679191
1983-10,,71.09681,68.58334,46.6983,119.4167,58.08,40.13835,,7.719822
1983-11,,71.26629,68.7496,46.61861,119.5195,58.26,40.34279,,7.719822
1983-12,,71.43578,68.91586,46.77798,119.6224,58.38,40.54723,,7.801083
1984-01,,71.77473,70.57849,47.17643,119.6224,58.4,40.75167,,7.801083
1984-02,,71.94421,70.66161,47.4952,119.7252,58.43,40.95611,,7.841714
1984-03,,72.02895,70.99415,47.89365,119.7252,58.46,41.0924,,7.882344
1984-04,,72.19843,71.99172,48.37178,119.7252,58.59,41.16055,,7.963606
1984-05,,72.36791,71.99172,48.61086,119.8281,58.57,41.16055,,8.044867
1984-06,,72.36791,71.99172,48.61086,119.7252,58.57,41.36499,,8.085498
1984-07,,72.45265,73.07243,48.84993,119.7252,58.58,41.91016,,8.166759
1984-08,,72.45265,73.15556,49.00931,119.7252,58.57,42.04646,,8.288651
1984-09,,72.70687,73.23869,49.32806,119.8281,58.57,42.38719,,8.329282
1984-10,,73.04583,73.73748,49.80621,119.8281,58.54,42.52348,,8.451174
1984-11,,73.04583,73.82061,49.96558,119.8281,58.5,42.86421,,8.532434
1984-12,,73.13057,73.90373,50.28434,119.7252,58.39,42.93236,,8.654326
1985-01,,73.55427,75.15071,50.76248,120.5481,58.33,43.06865,,8.735588
1985-02,,73.89323,75.23384,51.32031,120.4452,58.3,43.06865,,8.979372
1985-03,,73.97797,75.23384,51.87814,120.0338,58.28,43.27309,,9.020002
1985-04,,74.23219,76.06516,51.79845,119.8281,58.34,43.47753,,9.141894
1985-05,,74.31693,76.14828,51.79845,119.3138,58.36,43.54568,,9.263786
1985-06,,74.23219,75.98202,51.79845,118.6967,58.4,43.54568,,9.345048
1985-07,,74.14745,76.56394,51.95783,118.491,58.39,43.95456,,9.466939
1985-08,,73.97797,76.48081,51.95783,118.1824,58.37,43.88641,,9.588831
1985-09,,74.06271,76.39767,52.27659,117.8738,58.39,44.02271,,9.670093
1985-10,,73.89323,75.98202,52.1969,117.3595,58.4,44.29529,,9.751354
1985-11,,73.80849,75.89889,52.03753,117.051,58.35,44.49973,,9.995138
1985-12,,73.63901,75.73263,52.03753,116.8452,58.38,44.56788,,10.15766
1986-01,,73.46953,76.06516,52.35628,116.5367,58.37,44.70417,,10.32018
1986-02,,73.21531,75.81576,52.35628,116.0224,58.09,44.36344,,10.56397
1986-03,,72.79161,75.73263,52.35628,115.5081,57.59,44.22715,,10.6046
1986-04,,72.53739,75.81576,52.51566,114.3767,57.04,44.29529,,10.76712
1986-05,,72.28317,75.6495,52.27659,114.171,57.03,44.43159,,11.0109
1986-06,,72.28317,75.31698,52.35628,113.7595,57.14,44.90861,,11.1328
1986-07,,71.85947,74.90131,52.27659,112.9367,57.16,45.24934,,11.25469
1986-08,,71.77473,74.81818,52.35628,112.5253,57.14,45.31749,,11.45784
1986-09,,71.85947,74.90131,52.59535,111.4967,57.3,45.65823,,11.5391
1986-10,,71.68999,74.56879,52.75473,110.571,57.36,45.72637,,11.74226
1986-11,,71.60526,74.48566,52.91411,110.2624,57.38,45.86266,,11.94541
1986-12,,71.52052,74.40252,52.9938,110.1596,57.45,45.99896,,12.02667
1987-01,,71.77473,74.65192,53.55163,109.7481,57.57,46.88486,,12.14856
1987-02,,71.60526,74.56879,53.71101,109.5424,57.67,47.2256,,12.31108
1987-03,,71.60526,74.56879,53.87039,109.7481,57.7,47.15745,,12.47361
1987-04,,71.77473,74.81818,54.02977,109.3367,57.85,47.2256,,12.5955
1987-05,,71.94421,74.81818,54.18915,109.2338,57.99,47.29374,,12.71739
1987-06,,71.94421,74.81818,54.18915,109.2338,57.87,47.36189,,12.75802
1987-07,,72.02895,75.15071,54.34853,109.5424,57.95,47.63448,,12.92054
1987-08,,72.02895,75.23384,54.42822,110.0567,57.99,48.04335,,13.04244
1987-09,,72.02895,75.31698,54.5876,110.3653,58.0,48.2478,,13.16433
1987-10,,72.19843,75.73263,54.82666,110.4681,57.93,48.45224,,13.32685
1987-11,,72.19843,75.89889,54.90636,110.4681,57.78,48.72482,,13.44874
1987-12,,72.19843,75.98202,55.06574,110.3653,58.08,48.86111,,13.48937
1988-01,,72.19843,76.56394,55.30481,110.0567,58.29,49.74702,,13.69253
1988-02,,72.28317,76.89646,55.46419,109.7481,58.45,49.95146,,13.93631
1988-03,,72.28317,76.89646,55.54388,109.7481,58.18,50.01961,,14.0582
1988-04,,72.53739,77.39526,55.94233,109.2338,57.97,50.1559,,14.30199
1988-05,,72.87635,77.56152,56.1814,109.2338,58.11,50.29219,,14.42388
1988-06,,73.13057,77.72778,56.26109,109.3367,58.15,50.42849,,14.5864
1988-07,,73.30005,78.89162,56.57985,109.3367,58.27,50.70107,,14.74892
1988-08,,73.30005,79.05788,56.65954,109.3367,58.35,50.83737,,14.91145
1988-09,,73.46953,79.30727,56.73923,109.5424,58.31,50.97366,,15.07397
1988-10,,73.72375,80.7205,56.89861,109.5424,58.43,51.10995,,15.19586
1988-11,,73.97797,80.80364,56.97829,109.3367,58.44,51.31439,,15.5209
1988-12,,74.23219,80.96989,57.13768,109.3367,58.62,51.45069,,15.6428
1989-01,,74.82537,82.46626,57.69551,109.3367,58.57,51.99586,,15.84595
1989-02,,74.91011,82.46626,57.85489,109.5424,58.72,52.13215,,16.21163
1989-03,,75.07959,82.54939,58.17365,109.7481,58.72,52.26844,,16.41478
1989-04,,75.67277,83.04818,58.49241,112.011,58.88,52.54103,,16.73982
1989-05,,75.75751,83.13132,58.89086,112.4224,59.1,52.74547,,17.02424
1989-06,,75.75751,82.63253,58.97054,112.5253,59.25,52.88176,,17.1055
1989-07,,75.58803,82.38313,59.05023,112.731,59.21,53.15435,,17.34928
1989-08,,75.67277,82.46626,59.20961,112.8338,59.22,53.2225,,17.59307
1989-09,,75.92699,82.46626,59.60806,112.9367,59.36,53.29065,,17.67433
1989-10,,76.01173,82.21687,59.92683,112.731,59.39,53.49508,,17.87748
1989-11,,75.84225,81.88434,59.92683,112.6281,59.4,53.56323,,18.04
1989-12,,75.92699,81.63495,60.16589,112.6281,59.43,53.49508,,18.20253
1990-01,,76.01173,81.80122,60.80341,113.1424,59.55,54.51728,,18.32442
1990-02,,76.01173,81.71809,60.96279,113.0396,59.57,54.58543,,18.36505
1990-03,,76.01173,81.71809,61.36124,113.1424,59.7,54.58543,,18.44631
1990-04,,76.18121,81.71809,62.15814,113.1424,59.86,54.65358,,18.81199
1990-05,,76.35069,81.63495,62.47691,113.0396,60.12,54.65358,,19.01514
1990-06,,76.35069,81.46868,62.55659,113.1424,60.25,54.65358,,19.0964
1990-07,,76.43543,81.71809,62.55659,113.2453,60.26,54.99431,,19.25892
1990-08,,76.94387,81.55182,63.11442,113.451,60.28,55.19875,,19.34019
1990-09,,77.28283,81.80122,63.75194,113.8624,60.85,55.81207,,19.66523
1990-10,,77.79127,82.21687,64.23008,114.3767,61.41,56.49353,,19.74649
1990-11,,77.53705,82.13374,64.15039,114.7881,61.8,56.62983,,20.35595
1990-12,,77.28283,81.88434,64.07069,114.891,62.46,56.28909,,20.35595
1991-01,,77.96075,81.88434,64.78791,115.0967,62.54,56.83427,,20.681
1991-02,,77.87601,81.63495,64.87086,115.0967,62.73,56.90241,,20.84352
1991-03,,77.62179,81.30243,65.11973,115.0967,62.79,56.83427,,20.92478
1991-04,,77.96075,81.05303,65.94928,114.9938,62.76,56.69798,,21.00604
1991-05,,78.04549,80.88677,66.2811,114.9938,62.83,56.90241,,21.16856
1991-06,,78.13023,80.80364,66.19814,114.9938,62.83,56.90241,,21.29046
1991-07,,78.7234,80.55424,66.36405,114.7881,62.72,57.31129,,21.45298
1991-08,,78.7234,80.63737,66.36405,114.7881,62.79,57.31129,,21.57487
1991-09,,78.80815,80.47111,66.44701,114.6853,62.85,57.44759,,21.85929
1991-10,,78.97763,80.13859,66.61292,114.6853,62.91,57.44759,,22.06244
1991-11,,78.89289,80.05545,66.77883,114.4795,63.01,57.65203,,22.1437
1991-12,,78.7234,79.8892,66.61292,114.4795,63.16,57.58388,,22.22496
1992-01,,78.89289,80.05545,66.94474,114.2738,63.26,57.78832,,22.30622
1992-02,,79.14711,80.22172,67.1936,114.171,63.34,57.92461,,22.30622
1992-03,,79.40133,80.30485,67.69134,114.171,63.56,57.92461,,22.38748
1992-04,,79.74029,80.30485,68.02316,113.9653,63.59,58.06091,,22.63127
1992-05,,79.82503,80.38799,68.18906,113.9653,63.64,58.12905,,22.79379
1992-06,,79.90977,80.30485,68.27202,113.8624,63.9,58.06091,,22.95631
1992-07,,79.90977,80.13859,68.27202,113.8624,64.41,58.06091,,23.07821
1992-08,,79.82503,80.05545,68.18906,113.7595,64.45,57.92461,,23.2001
1992-09,,79.82503,79.8892,68.18906,113.6567,64.41,57.92461,,23.32199
1992-10,,79.74029,79.22414,68.52089,113.451,64.32,58.06091,,23.48451
1992-11,,79.82503,79.05788,68.76975,113.2453,64.3,58.12905,,23.56577
1992-12,,79.65555,78.80849,68.85271,113.1424,64.3,58.06091,,23.64703
1993-01,,79.82503,78.64222,69.26749,113.0396,64.36,57.99276,,23.80956
1993-02,,79.74029,78.47596,69.68226,113.0396,64.53,58.12905,,24.21586
1993-03,,79.74029,78.3097,70.17999,112.731,64.78,58.1972,,24.29712
1993-04,,79.82503,78.22656,70.76067,112.5253,64.93,58.12905,,24.6628
1993-05,,79.82503,78.22656,70.92658,112.2167,65.02,58.12905,,24.78469
1993-06,,79.74029,78.06031,71.00954,112.1138,65.02,58.12905,,24.82532
1993-07,,79.74029,78.14343,71.09249,111.9081,65.04,57.78832,,25.02847
1993-08,,79.74029,78.06031,71.17545,111.7024,65.03,57.85647,,25.191
1993-09,,79.57081,77.89404,71.17545,111.3938,64.96,57.85647,,25.191
1993-10,,79.48607,77.81091,71.25841,111.0853,64.87,58.1972,,25.43478
1993-11,,79.57081,77.72778,71.25841,110.9824,64.79,58.33349,,25.47541
1993-12,,79.48607,77.72778,71.67318,110.7767,64.71,58.26535,,25.55667
1994-01,,79.74029,77.81091,71.83909,110.7767,65.17,58.46979,,25.92235
1994-02,,79.82503,77.89404,71.92204,110.571,65.07,58.67422,,26.24739
1994-03,,79.82503,77.97717,72.005,110.2624,65.15,58.74237,,26.24739
1994-04,,79.99451,78.06031,72.25387,110.0567,65.25,58.81052,,26.45055
1994-05,,80.07925,78.3097,72.50273,110.0567,65.23,58.87867,,26.81622
1994-06,,80.07925,78.64222,72.50273,110.0567,65.47,59.01496,,26.97875
1994-07,,80.16399,79.05788,72.58569,109.9538,65.76,59.08311,,27.38505
1994-08,,80.33347,79.30727,72.75159,109.7481,66.09,59.35569,,27.7101
1994-09,,80.33347,79.72293,72.83455,109.6453,66.28,59.42384,,27.7101
1994-10,,80.50294,80.30485,72.9175,109.6453,66.66,59.62828,,27.83199
1994-11,,80.75716,80.80364,73.08342,109.5424,66.91,59.76457,,27.99451
1994-12,,80.92664,81.13616,73.49819,109.6453,67.15,59.83272,,28.1164
1995-01,,81.43509,82.3,74.4107,110.0567,67.65,59.2194,,28.56334
1995-02,,81.52517,82.3,74.57661,110.0567,67.99,59.42384,,29.05091
1995-03,,81.61525,82.4,74.82547,109.959,68.41,59.49199,,29.09154
1995-04,,81.97559,82.4,75.1573,109.7637,68.72,59.49199,,29.49784
1995-05,,81.97559,82.6,75.40616,109.5684,68.98,59.28754,,29.74163
1995-06,,81.97559,82.7,75.48911,109.4708,69.2,59.49199,,29.86352
1995-07,,81.8855,82.9,75.65502,109.2755,69.42,59.83272,,29.98541
1995-08,,82.06567,83.0,75.82093,108.9825,69.57,59.69643,,30.10731
1995-09,,82.15575,83.0,75.90389,108.8848,69.87,59.83272,,30.18857
1995-10,,82.06567,83.0,75.98685,108.7872,69.81,59.76457,,30.43235
1995-11,,81.97559,82.9,75.90389,108.6895,69.52,59.96901,,30.6355
1995-12,,81.97559,82.7,76.56753,108.5919,69.65,60.1053,,30.75739
1996-01,,82.06567,82.6,76.98231,108.4942,69.99,60.51418,,30.91992
1996-02,,82.06567,82.6,76.82092,108.2989,70.13,60.58233,,31.1637
1996-03,,81.97559,82.5,76.98231,107.9083,69.89,60.44604,,31.24496
1996-04,,82.06567,82.3,77.30508,107.713,70.08,60.37789,,31.44812
1996-05,,82.06567,82.2,77.30508,107.5177,70.15,60.1053,,31.85442
1996-06,,81.8855,82.2,76.90161,107.0294,70.03,60.03716,,32.01694
1996-07,,81.79542,82.2,76.57883,106.8341,70.59,60.51418,,32.34199
1996-08,,81.79542,82.2,76.74022,106.6388,70.71,60.51418,,32.66703
1996-09,,81.97559,82.1,77.063,106.4435,70.89,60.44604,,32.78893
1996-10,,82.06567,81.9,77.14369,106.3458,71.06,60.71862,,33.07334
1996-11,,82.15575,81.8,76.98231,106.4435,71.29,60.78677,,33.35776
1996-12,,82.06567,81.8,76.74022,106.5411,71.45,60.85492,,33.56091
1997-01,,82.24583,81.8,76.82092,106.4435,71.94,61.1275,,33.8047
1997-02,,82.15575,81.8,76.41744,106.4435,72.15,61.33194,,34.00785
1997-03,,82.15575,81.7,76.17536,106.4435,72.08,61.74082,,33.92659
1997-04,,82.15575,81.8,76.17536,108.2989,72.21,60.92307,,34.29226
1997-05,,82.426,81.8,76.17536,108.2013,72.19,60.85492,,34.49541
1997-06,,82.426,81.8,75.6912,107.9083,72.27,61.1275,,34.53605
1997-07,,82.51608,81.9,75.44911,107.8106,71.93,61.40009,,34.49541
1997-08,,82.78633,82.0,75.52981,107.5177,72.0,61.60453,,34.77983
1997-09,,82.87641,82.0,75.77189,107.3224,72.38,61.67268,,34.86109
1997-10,,82.87641,82.0,75.6912,107.1271,72.52,61.67268,,34.94235
1997-11,,82.87641,82.1,75.6105,107.0294,72.99,61.74082,,35.06424
1997-12,,82.78633,81.9,75.36842,106.8341,79.24,61.80897,,35.10487
1998-01,,82.78633,81.7,75.12634,106.7365,82.98,62.1497,8.559605,35.1455
1998-02,,82.69625,81.6,74.80356,106.4435,85.75,62.08155,8.602403,35.1455
1998-03,,82.60616,81.5,74.64217,106.0529,85.2,62.01341,8.593801,35.1455
1998-04,,82.60616,81.4,74.56148,105.7599,85.37,62.286,8.610988,35.38929
1998-05,,82.60616,81.3,74.56148,105.4669,84.12,62.69487,8.610988,35.51118
1998-06,,82.51608,81.1,74.48078,105.3693,84.09,62.83117,8.602377,35.63307
1998-07,,82.51608,81.0,74.40009,105.174,83.52,63.51263,8.567967,35.79559
1998-08,,82.24583,80.9,74.3194,105.0763,82.52,63.44449,8.593671,36.28316
1998-09,,82.15575,80.8,74.07731,104.881,82.26,63.58078,9.521788,36.28316
1998-10,,82.06567,80.5,73.99662,104.5881,82.64,63.71708,10.18831,36.48632
1998-11,,81.8855,80.5,73.83523,104.3927,82.44,63.85337,10.62641,36.7301
1998-12,,81.61525,80.2,73.51245,104.2951,81.73,63.71708,11.20024,36.68947
1999-01,,81.52517,80.1,73.43176,103.8068,80.49,63.78522,12.08506,36.7301
1999-02,,81.43509,80.1,73.59315,103.6115,79.84,63.92151,12.8585,36.93325
1999-03,,81.52517,80.3,73.67384,103.4162,79.58,63.78522,13.48857,36.93325
1999-04,,81.79542,80.6,73.99662,103.2209,79.88,63.98966,14.25741,37.17704
1999-05,,81.70534,80.6,73.99662,103.3185,80.36,64.87556,14.75642,37.54271
1999-06,,81.79542,80.6,73.91592,103.2209,80.2,64.80742,15.22863,37.74586
1999-07,,82.15575,81.1,74.2387,103.3185,79.93,64.94371,15.71594,37.86776
1999-08,,82.33591,81.4,74.40009,103.3185,80.31,65.28445,16.37601,38.03028
1999-09,,82.60616,81.6,74.64217,103.3185,80.87,65.42074,17.11293,38.15217
1999-10,,82.78633,81.9,74.72286,103.5138,82.17,65.82962,17.71189,38.43659
1999-11,,82.9665,82.3,74.72286,103.5138,82.73,65.89777,18.31409,38.59911
1999-12,,83.05658,82.7,74.96495,103.4162,82.22,66.37479,18.77194,38.721
2000-01,,83.41692,83.0,75.04564,103.8068,83.16,66.51109,19.41019,38.96479
2000-02,,83.77724,83.4,75.04564,103.7092,82.98,66.81113,19.97309,39.20857
2000-03,,83.95741,83.9,75.12634,103.6115,82.87,67.31122,20.31263,39.41172
2000-04,,83.95741,84.1,75.12634,103.3185,82.62,67.41123,20.63763,39.93992
2000-05,,84.40783,84.7,75.12634,103.1232,82.08,67.71129,20.92656,40.26497
2000-06,,84.58799,85.1,75.77189,103.1232,82.27,68.4114,21.40787,40.38686
2000-07,,84.85824,85.4,75.93328,102.9279,82.21,68.4114,21.72898,40.7119
2000-08,,84.94833,85.7,75.6105,102.8303,82.29,68.4114,22.05492,41.15884
2000-09,,85.75907,86.4,75.93328,102.635,82.59,69.01151,22.51807,41.40262
2000-10,,85.66899,87.0,76.33675,102.5373,82.76,69.41157,23.10354,41.7683
2000-11,,85.75907,87.0,76.41744,102.4396,82.65,69.51159,23.33458,42.05272
2000-12,,85.39874,86.3,76.01398,102.1467,82.79,69.31155,23.38125,42.13398
2001-01,,85.39874,86.1,75.20703,101.7561,82.55,69.21153,23.73197,42.17461
2001-02,,85.66899,86.3,74.88425,101.6584,82.25,69.71162,24.04048,42.41839
2001-03,,85.84916,86.5,75.12634,101.5608,82.08,69.6116,24.16068,42.49965
2001-04,,86.02932,86.9,75.36842,101.1701,81.91,69.81164,24.30565,42.94659
2001-05,,86.20949,87.1,75.77189,100.8772,81.65,70.11169,24.50009,43.27163
2001-06,,86.29957,87.1,75.85258,100.6819,81.1,69.91165,24.64709,43.39352
2001-07,,85.84916,86.6,75.6105,100.1936,80.86,69.6116,24.57315,43.59668
2001-08,,85.84916,86.5,75.36842,99.99828,80.22,69.6116,24.57315,43.84046
2001-09,,86.02932,86.5,75.36842,99.70532,80.02,69.71162,24.59773,43.92172
2001-10,,85.75907,86.0,75.04564,99.21705,79.66,68.91148,24.74531,44.44992
2001-11,,85.39874,85.6,74.40009,99.02174,79.0,68.61143,24.81955,44.8156
2001-12,,85.21857,85.5,74.158,98.82643,78.05,68.51142,24.84437,44.85623
2002-01,,85.5789,85.7,74.2387,98.43581,78.07,68.81147,24.94375,45.91262
2002-02,,85.5789,85.6,74.40009,98.53346,78.6,68.71145,25.06846,47.00965
2002-03,,85.84916,86.0,74.64217,98.53346,79.11,69.01151,25.14367,47.41596
2002-04,,86.02932,86.4,75.12634,98.43581,79.92,69.21153,25.57111,48.55362
2002-05,,86.02932,86.3,75.28773,98.33816,80.21,69.31155,25.87797,49.24434
2002-06,93.64383,86.02932,86.1,75.12634,98.14285,79.73,69.31155,26.31789,49.28497
2002-07,93.64383,86.02932,86.3,75.12634,97.84988,79.45,69.11152,26.63371,49.69127
2002-08,93.45673,86.11941,86.5,75.04564,97.65457,79.41,69.11152,26.84678,50.382
2002-09,93.45673,86.20949,86.7,75.20703,97.55692,79.47,69.21153,27.11524,50.58515
2002-10,93.45673,86.29957,86.8,75.36842,97.45927,79.93,69.31155,27.54909,51.07272
2002-11,93.26963,85.93924,86.4,75.12634,97.45927,79.89,69.31155,27.87968,51.39776
2002-12,93.26963,86.11941,86.8,75.20703,97.26395,79.71,69.31155,28.15847,51.27587
2003-01,93.36318,86.56982,87.1,75.52981,97.26395,80.2,69.41157,28.46822,51.23524
2003-02,93.36318,86.93015,87.7,75.93328,97.26395,81.04,70.01167,28.95218,51.72281
2003-03,93.45673,87.11032,87.9,76.65953,97.26395,81.98,70.81181,29.38646,51.88533
2003-04,93.64383,86.6599,87.0,76.17536,96.97099,81.48,70.31172,29.85664,52.04785
2003-05,93.55029,86.38966,86.4,75.6912,96.77568,80.42,69.51159,30.0955,51.39776
2003-06,93.5947,86.29957,86.5,75.52981,96.38506,80.07,69.71162,30.45664,51.35713
2003-07,93.63554,86.29957,86.6,75.6105,96.48272,80.1,70.01167,30.88303,51.60091
2003-08,93.62634,86.29957,86.8,75.85258,96.48272,80.32,70.2117,31.22275,51.64154
2003-09,93.58292,86.29957,86.7,75.77189,96.38506,80.59,70.31172,31.65987,51.60091
2003-10,93.67541,86.38966,86.8,75.6912,96.0921,80.66,70.2117,32.00813,51.47902
2003-11,93.77877,86.38966,87.0,75.77189,96.0921,81.18,70.41174,32.36021,51.39776
2003-12,93.77827,86.29957,86.8,75.85258,95.99445,81.84,70.41174,32.58673,51.39776
2004-01,93.80923,86.38966,87.1,75.93328,96.18975,82.95,70.51175,32.94519,51.43839
2004-02,93.83851,86.47974,87.1,75.93328,96.38506,84.37,70.81181,33.70293,51.68217
2004-03,94.42318,87.11032,87.8,76.25606,96.58038,85.49,71.4119,34.24218,51.76344
2004-04,95.23633,87.47065,88.2,76.65953,96.77568,86.26,71.81197,34.96126,52.16974
2004-05,95.78954,87.83099,88.7,77.30508,96.77568,86.87,72.21204,35.76537,52.61668
2004-06,95.78717,87.7409,88.7,77.46647,96.97099,86.91,72.11202,36.62374,52.73857
2004-07,95.63445,88.19131,89.1,77.62786,97.1663,86.96,72.51208,36.8801,52.53542
2004-08,95.9117,88.55165,89.5,77.95064,97.1663,87.78,72.91216,37.39643,52.7792
2004-09,95.857,88.64173,89.5,78.3541,97.26395,88.78,72.71212,38.55572,53.06362
2004-10,96.29261,89.3624,90.0,79.08035,97.36161,89.47,73.91232,39.0955,53.46992
2004-11,96.36452,89.00206,89.7,79.16105,97.1663,89.54,73.41224,39.68193,53.67308
2004-12,96.13277,89.09215,89.5,78.75758,96.97099,88.52,73.01217,39.60257,53.42929
2005-01,95.77303,89.3624,89.6,78.5155,96.58038,89.5,73.11218,39.95899,53.18551
2005-02,96.47698,89.54256,89.4,78.83827,96.58038,89.43,73.71229,40.31862,53.3074
2005-03,96.65195,89.90289,90.5,79.48383,96.87334,89.72,73.71229,40.72181,53.59182
2005-04,97.2022,89.90289,90.7,80.37146,97.55692,90.1,74.31239,41.16974,54.16064
2005-05,96.98499,89.63264,90.5,80.12938,97.55692,89.36,74.51242,41.58144,54.40443
2005-06,97.08776,89.99297,91.3,80.45216,97.45927,88.84,74.51242,41.70618,54.40443
2005-07,97.31457,89.90289,91.5,81.17841,97.84988,89.36,75.31255,41.87301,54.89199
2005-08,97.484,90.17314,91.9,81.42049,97.94753,89.61,75.31255,42.0405,55.09515
2005-09,98.34681,90.53348,92.3,82.14674,98.04519,90.16,75.6126,42.46091,55.33893
2005-10,98.45432,90.80373,92.5,82.30812,98.43581,90.71,75.91265,42.63075,55.46083
2005-11,97.99923,90.53348,91.8,81.82396,98.43581,90.36,75.81264,42.71601,55.37956
2005-12,98.03108,90.62356,92.0,81.50118,98.53346,89.63,75.51259,42.80145,55.33893
2006-01,98.10813,90.80373,92.6,81.98534,98.63112,89.37,76.11269,43.27226,55.46083
2006-02,98.68785,90.98389,92.6,82.14674,98.82643,89.42,76.41273,44.04806,55.50146
2006-03,98.8104,91.25414,93.3,82.38882,98.82643,89.26,76.61277,44.28511,55.62335
2006-04,99.66382,91.88472,94.0,83.03437,99.11939,89.47,76.71278,44.58681,56.11092
2006-05,100.0806,92.15497,94.2,83.67992,99.51001,90.06,77.01283,45.7505,56.8829
2006-06,100.2751,92.33514,94.4,83.84132,99.41235,90.08,77.01283,46.0522,57.41109
2006-07,100.4525,92.87563,95.2,84.24479,99.80297,90.26,77.21287,46.80645,58.18308
2006-08,100.7972,92.87563,95.5,84.40617,100.1936,90.74,77.51292,47.7331,59.60515
2006-09,100.6399,92.5153,94.8,83.76062,100.2912,90.82,77.51292,48.22874,59.72704
2006-10,100.5343,92.87563,94.6,83.03437,99.99828,90.04,77.4129,47.9917,60.17398
2006-11,100.4759,92.78555,94.4,82.95368,99.80297,89.32,77.51292,48.22874,60.8647
2006-12,100.481,92.87563,94.2,82.95368,99.80297,89.02,77.51292,48.48734,60.78344
2007-01,100.2767,92.87563,94.3,83.03437,99.60767,88.63,77.81297,48.46579,60.94596
2007-02,101.0694,93.0558,94.9,83.27646,99.51001,88.4,78.51308,48.35804,61.14912
2007-03,101.4263,93.41613,95.4,84.0027,99.60767,89.1,79.01317,48.93989,61.63668
2007-04,102.3232,93.86655,96.0,84.56757,100.3889,90.01,79.71329,50.57769,62.81497
2007-05,103.1823,94.1368,96.4,85.13242,100.6819,90.75,80.21337,51.80603,63.79011
2007-06,103.3196,94.31696,96.5,85.61658,100.7795,90.93,80.51342,52.49563,64.19641
2007-07,103.181,94.49713,96.9,85.93936,101.1701,90.97,80.81347,53.07748,64.44019
2007-08,103.3286,94.49713,97.0,86.02006,101.1701,90.93,81.31355,53.55158,64.48083
2007-09,103.1857,94.67729,97.5,86.50423,101.0725,90.88,81.11352,53.59468,64.44019
2007-10,103.2554,95.03763,97.6,87.14978,101.5608,91.31,81.31355,54.52132,65.04966
2007-11,103.8929,95.57813,98.4,88.36019,101.8537,92.02,82.01367,56.09447,65.61848
2007-12,103.8623,95.39796,99.0,88.92505,102.1467,92.55,83.01383,57.19352,65.78101
2008-01,104.6237,95.66821,99.4,89.73199,102.342,93.18,83.01383,57.53831,66.34984
2008-02,105.2007,96.11862,100.0,90.21616,102.7326,94.35,84.21404,57.60297,66.9593
2008-03,105.8115,96.65913,100.6,91.58796,103.1232,96.41,85.01417,59.47781,67.52812
2008-04,106.7475,97.01945,101.3,92.79838,103.7092,99.3,85.2142,62.25775,68.86893
2008-05,107.9475,97.74012,102.8,94.97712,104.9787,102.34,86.61443,64.19724,74.47597
2008-06,108.8814,98.19054,103.6,96.591,105.7599,105.0,87.21454,66.43844,75.53236
2008-07,109.3946,98.9112,104.1,97.47864,107.8106,107.51,88.71478,68.76583,76.75128
2008-08,109.1746,98.55087,103.6,96.7524,108.1036,106.71,88.61477,68.98133,77.60452
2008-09,108.6418,98.46078,102.9,96.7524,107.6153,106.36,88.8148,68.42103,77.40137
2008-10,107.7764,97.65004,101.4,94.97712,105.9552,106.02,88.41473,66.97719,77.36074
2008-11,106.335,96.11862,99.6,93.12115,104.1974,101.93,88.01467,62.3655,76.34498
2008-12,105.6123,94.94755,98.2,91.66866,102.8303,98.99,86.91448,58.29256,75.41047
2009-01,105.125,94.49713,95.8,91.09573,100.4866,98.09,86.21437,57.38747,74.71975
2009-02,104.5016,94.1368,95.2,90.90475,99.99828,99.23,86.91448,58.98216,74.02903
2009-03,104.099,93.68638,94.8,90.80927,99.80297,99.8,87.0145,59.02526,74.47597
2009-04,104.2904,93.68638,94.7,91.00024,99.60767,99.64,86.91448,59.13301,74.43533
2009-05,104.0736,93.5963,94.8,91.19122,99.60767,98.51,86.81447,58.85286,73.33831
2009-06,104.1745,93.86655,95.2,91.76414,99.51001,98.69,86.91448,59.90881,73.25705
2009-07,103.9459,93.50622,95.1,91.57317,99.99828,99.55,87.11452,60.2536,73.58209
2009-08,104.1488,94.04671,95.4,91.76414,100.0959,100.55,87.31455,61.05095,73.90714
2009-09,104.213,93.86655,95.1,91.95512,100.1936,100.97,86.91448,62.08535,73.94777
2009-10,103.8033,93.95663,95.0,92.33707,99.60767,100.12,86.81447,61.90604,73.62272
2009-11,103.8773,94.04671,95.2,92.91,99.70532,100.56,87.11452,62.17155,73.70398
2009-12,103.9892,94.04671,95.2,93.10098,99.70532,100.96,87.71462,61.719,73.9884
2010-01,104.3336,94.40704,96.0,93.29195,99.80297,100.75,87.6146,62.4086,73.74461
2010-02,104.1207,94.50328,96.0,93.29195,99.60397,100.76,87.91465,63.3137,73.90714
2010-03,104.6389,94.98446,96.4,94.5333,99.60397,101.36,89.01484,64.06795,74.23218
2010-04,105.4724,95.65811,96.9,95.58367,99.80297,102.31,89.21487,65.59799,74.88227
2010-05,105.6798,96.13928,97.1,95.87013,99.80297,103.89,89.4149,67.12804,75.20731
2010-06,105.0684,96.42799,97.2,95.48818,99.60397,104.31,89.51492,67.04183,76.18245
2010-07,104.5203,96.52423,97.3,95.48818,99.30545,104.6,90.21503,67.08494,76.10119
2010-08,104.8197,96.7167,97.3,95.48818,99.20595,104.73,90.11502,67.53748,75.77615
2010-09,104.5695,97.0054,97.8,95.58367,99.00694,105.03,90.41507,68.20553,75.89804
2010-10,104.3387,97.19788,98.2,96.34758,99.40495,105.95,90.6151,69.67093,75.81678
2010-11,104.4458,97.39035,98.6,96.82502,99.30545,106.6,91.31522,71.33027,75.85741
2010-12,104.8519,97.96776,99.2,97.87539,99.70347,107.87,92.31538,72.14917,76.01993
2011-01,105.0124,98.64141,100.2,99.21222,100.201,109.69,93.11552,72.83877,76.54813
2011-02,105.2723,99.41129,100.9,100.0716,100.201,110.83,94.21571,74.13534,77.64516
2011-03,105.6467,99.89247,101.9,101.6949,100.798,112.77,95.21587,74.88205,78.62029
2011-04,105.6528,100.3736,102.8,102.7453,101.4946,114.11,96.11602,75.64913,79.14849
2011-05,105.4797,100.3736,102.6,102.7453,101.2955,114.73,96.31606,76.63344,79.47353
2011-06,105.1302,100.5661,102.5,102.9363,101.196,114.32,96.01601,76.28724,79.59543
2011-07,104.7529,100.6624,102.9,103.2227,101.196,114.22,96.31606,76.68096,79.96111
2011-08,104.4044,100.4699,102.9,103.1272,100.997,114.03,95.71595,77.54308,80.28615
2011-09,104.5052,100.7586,103.1,103.5092,100.6985,114.63,95.91599,78.06578,80.40804
2011-10,104.247,100.6624,103.1,103.5092,100.002,114.39,96.11602,78.56133,80.44867
2011-11,104.018,100.6624,103.4,103.8911,99.90248,113.61,96.41607,78.7514,81.0175
2011-12,104.4858,100.4699,103.1,103.5092,99.70347,113.15,96.31606,78.24906,81.87074
2012-01,104.3366,100.8548,103.8,103.8911,99.70347,113.81,97.2162,77.31227,82.35831
2012-02,104.4606,101.336,104.3,104.3686,99.90248,114.57,97.71629,77.33942,83.12495
2012-03,104.6714,101.7209,104.8,105.3235,100.4,115.18,98.31638,77.63811,83.56302
2012-04,104.6686,102.0097,104.8,105.419,100.002,115.38,99.11652,78.4595,84.11061
2012-05,104.6652,101.7209,104.3,104.6551,99.50446,114.43,98.51642,78.25585,84.76773
2012-06,104.3095,101.5285,103.6,103.7002,98.60892,112.57,97.61627,78.41199,84.54869
2012-07,104.0184,101.4322,104.0,103.8911,97.91239,111.7,97.91632,79.07724,84.54869
2012-08,104.1959,101.8172,104.9,104.846,98.01189,112.18,98.51642,80.23804,85.2058
2012-09,104.4705,102.2021,105.1,105.419,98.31041,112.76,99.31655,81.77221,85.42484
2012-10,104.407,102.2021,105.2,105.419,98.2109,111.7,99.0165,81.97585,86.19147
2012-11,104.0722,102.1059,104.8,105.037,98.01189,110.72,98.71645,81.77899,86.84859
2012-12,104.1944,101.8172,104.5,104.6551,98.31041,110.1,98.61644,81.0798,86.62955
2013-01,104.1289,102.0097,104.9,105.1325,98.70843,110.27,98.81647,80.62498,87.06763
2013-02,104.3102,102.1059,105.3,106.3738,99.10645,111.17,99.41657,80.85578,87.61523
2013-03,104.256,101.9134,105.0,106.5648,99.30545,110.46,100.2167,80.76753,88.38186
2013-04,104.3237,101.7209,104.4,105.8009,99.40495,109.93,99.6166,80.65213,88.71041
2013-05,103.9749,101.7209,104.1,105.5144,99.20595,109.44,99.71662,80.11585,88.92945
2013-06,104.0375,101.6247,104.2,105.6099,99.20595,109.5,99.0165,80.06155,89.58656
2013-07,104.0854,101.6247,104.5,106.2784,99.40495,109.31,100.7168,80.78111,90.24368
2013-08,104.3414,101.7209,104.6,106.5648,99.60397,109.39,101.0168,82.11841,90.90079
2013-09,104.4737,101.7209,104.4,106.4693,99.70347,109.29,101.1169,82.66827,91.22935
2013-10,104.1749,101.6247,103.8,105.7054,99.80297,108.9,101.0168,82.43067,91.66743
2013-11,104.2372,101.4322,103.7,105.419,99.70347,108.45,101.2169,82.07089,91.77695
2013-12,104.3234,101.4322,103.9,105.419,100.002,108.52,101.6169,82.1795,92.21502
2014-01,104.1689,101.4322,103.7,105.3235,100.4,108.31,101.817,81.69075,93.20069
2014-02,103.8153,101.5285,103.7,105.419,100.3005,108.45,102.117,82.26775,94.29588
2014-03,103.8998,101.4322,103.5,105.419,100.201,108.23,101.7169,83.5236,95.5006
2014-04,103.8507,101.5285,103.5,105.3235,102.9871,107.85,101.817,84.41286,96.48627
2014-05,103.7614,101.5285,103.6,105.228,102.9871,107.96,101.6169,85.19353,96.59579
2014-06,103.7681,101.6247,103.8,105.037,103.0866,107.99,102.3171,85.95382,96.92434
2014-07,103.691,101.6247,103.8,104.846,103.2856,107.96,102.3171,87.25718,97.36242
2014-08,103.4491,101.5285,103.5,104.6551,103.2856,107.63,102.8171,87.69842,97.36242
2014-09,103.4231,101.4322,103.3,104.3686,103.1861,107.14,102.017,88.1736,97.47194
2014-10,103.1049,101.1435,102.5,103.5092,102.5891,106.11,101.7169,88.59447,97.69097
2014-11,102.5682,100.8548,101.9,102.9363,102.3901,105.41,101.1169,89.219,97.69097
2014-12,102.0207,100.1812,100.6,101.5994,101.8926,103.57,99.51659,89.65346,97.58145
2015-01,101.5059,99.7,99.4,99.88064,100.4,101.49,98.61644,92.26696,96.48627
2015-02,100.7315,100.0,100.3,100.2626,100.2,101.32,100.0167,94.88726,96.81482
2015-03,101.1266,100.2,100.7,100.74,100.5,101.64,99.91666,98.34251,98.4576
2015-04,100.0693,100.4,101.1,100.931,100.5,101.29,100.6168,99.74091,99.33376
2015-05,100.1598,100.5,101.4,101.313,100.8,101.64,101.0168,99.40829,100.1004
2015-06,100.1311,100.5,101.3,101.2175,100.9,101.7,100.4167,99.94456,100.4289
2015-07,99.81683,100.4,100.9,100.74,100.5,100.81,100.6168,101.7638,100.648
2015-08,99.44582,100.1,99.7,99.68967,99.9,99.76,99.81664,102.3408,100.7575
2015-09,99.3199,99.8,99.4,99.4032,99.6,98.96,98.91649,103.1011,100.9765
2015-10,99.22495,99.7,99.1,99.11674,99.1,97.89,99.71662,103.7325,101.8527
2015-11,99.55669,99.6,98.9,98.73478,99.0,97.02,100.6168,102.9789,101.9622
2015-12,98.91169,99.2,97.9,97.97088,98.5,96.48,99.71662,101.4923,102.1813
2016-01,98.55057,99.0,97.1,97.49344,97.4,95.5,99.0165,100.3858,103.824
2016-02,98.22129,98.8,96.8,97.58892,97.1,95.11,98.81647,101.5127,104.7002
2016-03,98.14869,98.8,97.2,98.25734,97.0,95.39,99.11652,102.8771,105.4668
2016-04,98.2841,98.9,97.4,98.92576,96.7,95.69,100.2167,102.5581,106.343
2016-05,98.46896,99.2,98.0,99.30771,96.6,96.32,101.7169,104.0176,106.6715
2016-06,98.70309,99.4,98.4,100.1671,96.8,96.79,103.2172,106.4614,107.2191
2016-07,98.66589,99.6,98.1,100.3581,96.7,96.68,102.8171,107.018,108.0953
2016-08,98.42613,99.6,98.0,100.4536,96.5,96.27,101.817,106.5768,107.9858
2016-09,98.58162,99.7,98.2,100.931,96.5,96.26,101.5169,106.0065,107.6572
2016-10,98.69587,99.9,98.8,102.4588,96.6,96.88,102.017,106.7533,108.5334
2016-11,98.69824,100.1,98.6,102.4588,96.9,97.67,102.5171,106.7261,108.9714
2016-12,98.64246,100.6,99.5,103.0318,97.6,99.26,102.7171,109.1699,109.519
2017-01,98.8194,101.2,100.0,104.0821,98.2,101.36,104.3174,111.1636,109.9571
2017-02,98.71416,101.5,100.3,104.4641,98.3,101.84,105.3176,110.6487,110.6142
2017-03,98.64839,101.6,100.1,104.6551,98.4,101.51,104.9175,110.4186,110.9428
2017-04,98.6202,101.9,100.5,104.7505,98.7,101.1,104.6174,110.4296,111.2713
2017-05,98.37272,102.0,100.1,104.5596,98.5,100.4,105.0175,110.32,111.8189
2017-06,98.19438,102.0,99.7,104.2731,98.6,99.72,104.3174,110.1886,111.4904
2017-07,98.08321,102.1,99.7,104.5596,98.5,99.69,104.0173,109.7065,112.038
2017-08,98.2204,102.2,100.0,105.228,98.5,100.16,103.9173,110.3419,112.476
2017-09,98.45541,102.4,100.5,105.8964,98.7,101.29,105.5176,111.7114,113.2427
2017-10,98.45333,102.5,100.6,106.2784,99.3,101.97,106.1177,113.2013,114.0093
2017-11,98.71278,102.6,101.1,106.8513,99.5,102.1,107.0178,113.7929,114.5569
2017-12,98.73652,102.6,101.2,107.1377,99.7,102.07,108.218,114.1215,115.214
2018-01,98.83909,103.2,101.7,107.5197,100.1,102.34,108.8181,114.1933,115.5426
2018-02,98.83612,103.2,101.4,107.5197,100.1,102.65,109.3182,115.0893,115.214
2018-03,98.72445,103.3,101.7,107.7107,99.9,102.62,109.3182,115.1844,114.995
2018-04,99.04176,103.6,102.3,108.4746,100.2,102.68,109.7183,117.2684,116.1997
2018-05,99.44859,104.0,103.2,109.7159,100.5,103.2,111.0185,121.1377,116.9663
2018-06,99.82079,104.3,103.1,110.1934,100.7,103.52,112.6188,122.9231,118.0615
2018-07,99.94275,104.4,103.2,110.0979,100.9,103.95,112.0187,123.4118,118.8281
2018-08,99.96827,104.6,103.5,110.4798,100.8,104.08,111.9187,124.2536,119.5948
2018-09,100.0979,104.8,103.7,111.1482,101.0,104.42,112.9188,126.0593,120.2519
2018-10,100.4515,104.9,104.1,111.9121,101.5,104.55,113.5189,128.1229,121.8947
2018-11,100.6764,105.0,103.2,111.4347,101.2,103.46,113.5189,128.442,122.3328
2018-12,100.425,104.6,102.2,110.2888,100.7,102.24,112.5188,125.8217,121.2376
2019-01,99.73958,104.6,102.2,109.9069,100.3,101.71,112.5188,124.0228,120.2519
2019-02,99.96292,104.7,102.8,110.1934,100.4,101.93,114.019,123.276,120.5805
2019-03,100.2266,104.8,103.2,110.4798,100.6,102.44,113.5189,122.8009,122.1137
2019-04,100.2964,105.3,103.6,111.1482,101.0,102.71,114.219,,123.7565
2019-05,100.5585,,,111.7212,101.0,102.94,114.219,,
