country,AUS,CAN,CHE,CHL,CHN,DEU,FRA,GBR,JPN,KOR,NOR,NZL,RUS,USA,IND,ZAF
subject,STINT,STINT,STINT,STINT,STINT,STINT,STINT,STINT,STINT,STINT,STINT,STINT,STINT,STINT,STINT,STINT
measure,TOT,TOT,TOT,TOT,TOT,TOT,TOT,TOT,TOT,TOT,TOT,TOT,TOT,TOT,TOT,TOT
1956-01,,2.94,,,,,,,,,,,,,,
1956-02,,2.94,,,,,,,,,,,,,,
1956-03,,2.68,,,,,,,,,,,,,,
1956-04,,3.19,,,,,,,,,,,,,,
1956-05,,3.53,,,,,,,,,,,,,,
1956-06,,3.78,,,,,,,,,,,,,,
1956-07,,3.95,,,,,,,,,,,,,,
1956-08,,4.12,,,,,,,,,,,,,,
1956-09,,4.12,,,,,,,,,,,,,,
1956-10,,4.29,,,,,,,,,,,,,,
1956-11,,4.29,,,,,,,,,,,,,,
1956-12,,4.98,,,,,,,,,,,,,,
1957-01,,4.98,,,,,,,,,,,,,,
1957-02,,5.32,,,,,,,,,,,,,,
1957-03,,5.32,,,,,,,,,,,,,,
1957-04,,5.32,,,,,,,,,,,,,,
1957-05,,5.32,,,,,,,,,,,,,,
1957-06,,5.32,,,,,,,,,,,,,,
1957-07,,5.32,,,,,,,,,,,,,,
1957-08,,5.32,,,,,,,,,,,,,,
1957-09,,5.32,,,,,,,,,,,,,,
1957-10,,5.32,,,,,,,,,,,,,,
1957-11,,5.15,,,,,,,,,,,,,,
1957-12,,5.06,,,,,,,,,,,,,,
1958-01,,4.89,,,,,,,,,,,,,,
1958-02,,3.78,,,,,,,,,,,,,,
1958-03,,3.7,,,,,,,,,,,,,,
1958-04,,3.02,,,,,,,,,,,,,,
1958-05,,2.94,,,,,,,,,,,,,,
1958-06,,2.77,,,,,,,,,,,,,,
1958-07,,2.52,,,,,,,,,,,,,,
1958-08,,2.52,,,,,,,,,,,,,,
1958-09,,2.77,,,,,,,,,,,,,,
1958-10,,2.94,,,,,,,,,,,,,,
1958-11,,2.77,,,,,,,,,,,,,,
1958-12,,3.28,,,,,,,,,,,,,,
1959-01,,3.28,,,,,,,,,,,,,,
1959-02,,3.87,,,,,,,,,,,,,,
1959-03,,4.55,,,,,,,,,,,,,,
1959-04,,4.65,,,,,,,,,,,,,,
1959-05,,5.23,,,,,,,,,,,,,,
1959-06,,5.23,,,,,,,,,,,,,,
1959-07,,5.4,,,,,,,,,,,,,,
1959-08,,6.48,,,,,,,,,,,,,,
1959-09,,6.43,,,,,,,,,,,,,,
1959-10,,6.0,,,,,,,,,,,,,,
1959-11,,5.58,,,,,,,,,,,,,,
1959-12,,5.49,,,,,,,,,,,,,,
1960-01,,5.4,,,,4.36,,,,,,,,,,
1960-02,,5.23,,,,4.47,,,,,,,,,,
1960-03,,4.12,,,,4.71,,,,,,,,,,
1960-04,,4.29,,,,4.59,,,,,,,,,,
1960-05,,3.78,,,,4.64,,,,,,,,,,
1960-06,,3.87,,,,5.25,,,,,,,,,,
1960-07,,3.78,,,,5.58,,,,,,,,,,
1960-08,,3.02,,,,5.44,,,,,,,,,,
1960-09,,2.52,,,,5.61,,,,,,,,,,
1960-10,,3.45,,,,6.1,,,,,,,,,,
1960-11,,4.21,,,,5.38,,,,,,,,,,
1960-12,,4.29,,,,5.06,,,,,,,,,,
1961-01,,3.78,,,,4.66,,,,,,,,,,
1961-02,,3.53,,,,4.13,,,,,,,,,,
1961-03,,3.78,,,,3.73,,,,,,,,,,
1961-04,,3.53,,,,3.34,,,,,,,,,,
1961-05,,3.78,,,,3.23,,,,,,,,,,
1961-06,,3.28,,,,3.13,,,,,,,,,,
1961-07,,3.02,,,,3.16,,,,,,,,,,
1961-08,,3.28,,,,3.09,,,,,,,,,,
1961-09,,3.11,,,,3.06,,,,,,,,,,
1961-10,,3.02,,,,4.05,,,,,,,,,,
1961-11,,2.85,,,,3.71,,,,,,,,,,
1961-12,,3.45,,,,3.83,,,,,,,,,,
1962-01,,3.514,,,,2.93,,,,,,,,,,
1962-02,,3.3825,,,,2.94,,,,,,,,,,
1962-03,,3.31,,,,3.02,,,,,,,,,,
1962-04,,3.4175,,,,3.08,,,,,,,,,,
1962-05,,3.546,,,,3.08,,,,,,,,,,
1962-06,,4.1275,,,,3.13,,,,,,,,,,
1962-07,,5.6975,,,,3.29,,,,,,,,,,
1962-08,,5.698,,,,3.26,,,,,,,,,,
1962-09,,5.445,,,,3.2,,,,,,,,,,
1962-10,,4.964,,,,4.45,,,,,,,,,,
1962-11,,4.38,,,,4.33,,,,,,,,,,
1962-12,,4.3125,,,,4.35,,,,,,,,,,
1963-01,,4.248,,,,3.29,,,,,,,,,,
1963-02,,4.1625,,,,3.31,,,,,,,,,,
1963-03,,4.155,,,,3.53,,,,,,,,,,
1963-04,,3.8075,,,,3.56,,,,,,,,,,
1963-05,,3.582,,,,3.6,,,,,,,,,,
1963-06,,3.6275,,,,3.83,,,,,,,,,,
1963-07,,3.806,,,,3.98,,,,,,,,,,
1963-08,,4.1675,,,,3.81,,,,,,,,,,
1963-09,,4.13,,,,3.75,,,,,,,,,,
1963-10,,4.0,,,,5.13,,,,,,,,,,
1963-11,,4.115,,,,5.0,,,,,,,,,,
1963-12,,4.3275,,,,4.98,,,,,,,,,,
1964-01,,4.202,,,,3.33,,,,,,,,,,
1964-02,,4.06,,,,3.33,,,,,,,,,,
1964-03,,4.17,,,,3.46,,,,,,,,,,
1964-04,,4.118,,,,3.55,,,,,,,,,,
1964-05,,4.05,,,,3.69,,,,,,,,,,
1964-06,,4.02,,,,3.75,,,,,,,,3.86,,
1964-07,,4.032,,,,3.69,,,,,,,,3.87,,
1964-08,,4.2225,,,,3.91,,,,,,,,3.85,,
1964-09,,4.308,,,,4.08,,,,,,,,3.87,,
1964-10,,4.38,,,,5.42,,,,,,,,3.94,,
1964-11,,4.36,,,,5.5,,,,,,,,3.99,,
1964-12,,4.59,,,,5.36,,,,,,,,4.14,,
1965-01,,4.3625,,,,3.88,,,,,,,,4.13,,
1965-02,,4.37,,,,3.95,,,,,,,,4.19,,
1965-03,,4.444,,,,4.28,,,,,,,,4.27,,
1965-04,,4.48,,,,4.52,,,,,,,,4.28,,
1965-05,,4.685,,,,4.69,,,,,,,,4.32,,
1965-06,,4.816,,,,4.8,,,,,,,,4.31,,
1965-07,,4.9,,,,5.08,,,,,,,,4.29,,
1965-08,,5.17,,,,5.27,,,,,,,,4.3,,
1965-09,,5.226,,,,5.36,,,,,,,,4.34,,
1965-10,,5.34,,,,6.66,,,,,,,,4.46,,
1965-11,,5.65,,,,6.58,,,,,,,,4.49,,
1965-12,,5.96,,,,6.55,,,,,,,,4.75,,
1966-01,,6.0475,,,,5.23,,,,,,,,4.95,,
1966-02,,6.02,,,,5.36,,,,,,,,5.05,,
1966-03,,6.05,,,,5.69,,,,,,,,5.19,,
1966-04,,6.055,,,,6.21,,,,,,,,5.26,,
1966-05,,6.1375,,,,6.35,,,,,,,,5.38,,
1966-06,,6.244,,,,6.81,,,,,,,,5.5,,
1966-07,,6.3175,,,,6.89,,,,,,,,5.62,,
1966-08,,6.344,,,,7.0,,,,,,,,5.72,,
1966-09,,6.405,,,,6.8,,,,,,,,5.86,,
1966-10,,6.3825,,,,7.88,,,,,,,,5.83,,
1966-11,,6.47,,,,7.73,,,,,,,,5.79,,
1966-12,,6.6025,,,,7.57,,,,,,,,5.65,,
1967-01,,6.44,,,,5.69,,,,,,,,5.4,,
1967-02,,6.0375,,,,5.56,,,,,,,,5.18,,
1967-03,,5.566,,,,5.04,,,,,,,,5.01,,
1967-04,,5.01,,,,4.48,,,,,,,,4.43,,
1967-05,,5.046,,,,3.69,,,,,,,,4.49,,
1967-06,,5.4225,,,,3.98,,,,,,,,4.66,,
1967-07,,5.5875,,,,3.51,,,,,,,,5.0,,
1967-08,,5.63,,,,3.56,,,,,,,,4.93,,
1967-09,,5.825,,,,3.43,,,,,,,,4.91,,
1967-10,,6.5025,,,,4.2,,,,,,,,5.22,,
1967-11,,6.524,,,,4.0,,,,,,,,5.4,,
1967-12,,6.575,,,,4.07,,,,,,,,5.62,,
1968-01,5.1,6.578,,,,3.32,,,,,,,,5.48,,
1968-02,5.15,6.8,,,,3.45,,,,,,,,5.33,,
1968-03,5.15,7.1375,,,,3.52,,,,,,,,5.58,,
1968-04,5.15,7.2575,,,,3.64,,,,,,,,5.78,,
1968-05,5.3,7.35,,,,3.68,,,,,,,,6.14,,
1968-06,5.5,7.3275,,,,3.72,,,,,,,,6.12,,
1968-07,5.1,7.118,,,,3.59,,,,,,,,6.03,,
1968-08,5.1,6.7225,,,,3.55,,,,,,,,5.85,,
1968-09,5.05,6.215,,,,3.54,,,,,,,,5.78,,
1968-10,5.0,6.318,,,,4.75,,,,,,,,5.9,,
1968-11,4.9,6.4475,,,,4.5,,,,,,,,6.05,,
1968-12,4.9,6.55,,,,4.44,,,,,,,,6.27,,
1969-01,5.1,6.858,,,,3.87,,,,,,,,6.5,,
1969-02,5.1,6.885,,,,3.91,,,,,,,,6.52,,
1969-03,5.15,6.9525,,,,4.21,,,,,,,,6.65,,
1969-04,5.4,7.064,,,,4.4,,,,,,,,6.84,,
1969-05,5.5,7.1325,,,,4.38,,,,,,,,7.28,,
1969-06,5.9,7.5975,,,,5.5,,,,,,,,8.01,,
1969-07,5.8,8.082,,,,5.78,,,,,,,,8.69,,
1969-08,6.1,8.355,,,,6.5,,,,,,,,8.38,,
1969-09,5.8,8.43,,,,6.94,,,,,,,,8.47,,
1969-10,5.6,8.55,,,,7.42,,,,,,,,8.56,,
1969-11,5.7,8.6025,,,,7.69,,,,,,,,8.46,,
1969-12,5.65,9.03,,,,8.83,,,,,,,,8.77,,
1970-01,5.8,9.065,,,,9.29,10.35,,,,,,,8.91,,
1970-02,6.3,8.575,,,,9.51,9.86,,,,,,,8.58,,
1970-03,7.15,8.2375,,,,9.81,9.55,,,,,,,8.08,,
1970-04,8.6,7.738,,,,9.86,8.95,,,,,,,7.51,,
1970-05,9.1,7.855,,,,9.93,9.02,,,,,,,8.08,,
1970-06,8.7,7.3275,,,,9.88,9.59,,,,,,,8.07,,
1970-07,7.4,7.624,,,,9.59,9.1,,,,,,,8.01,,
1970-08,6.8,7.6275,,,,9.16,8.64,,,,,,,7.72,,
1970-09,6.35,6.86,,,,9.36,8.28,,,,,,,7.3,,
1970-10,6.4,6.835,,,,9.53,8.28,,,,,,,6.76,,
1970-11,6.2,6.12,,,,8.84,7.96,,,,,,,6.08,,
1970-12,6.5,5.582,,,,8.12,7.52,,,,,,,5.67,,
1971-01,6.6,5.775,,,,7.5,6.67,,,,,,,5.09,,
1971-02,7.6,5.4725,,,,7.47,6.29,,,,,,,4.38,,
1971-03,8.0,4.092,,,,7.46,6.17,,,,,,,3.85,,
1971-04,7.8,3.745,,,,6.36,5.99,,,,,,,4.45,,
1971-05,7.8,3.9025,,,,6.16,6.53,,,,,,,4.98,,
1971-06,8.15,3.91,,,,6.8,6.95,,,,,,,5.4,,
1971-07,6.8,4.4375,,,,7.66,6.29,,,,,,,5.75,,
1971-08,6.7,4.545,,,,7.56,6.41,,,,,,,5.74,,
1971-09,6.45,4.796,,,,7.59,6.41,,,,,,,5.63,,
1971-10,6.3,5.155,,,,7.8,6.18,,,,,,,5.27,,
1971-11,6.0,4.605,,,,6.79,5.87,,,,,,,4.87,,
1971-12,5.9,4.396,,,,6.63,5.68,,,,,,,4.65,,
1972-01,5.6,4.0625,,,,5.19,5.39,,,,,,,3.95,,
1972-02,5.5,4.4975,,,,4.88,5.41,,,,,,,3.61,,
1972-03,5.5,5.256,,,,4.8,4.97,,,,,,,4.08,,
1972-04,5.5,5.7525,,,,4.78,5.11,,,,,,,4.6,,
1972-05,5.6,6.018,,,,4.71,5.42,,,,,,,4.41,,
1972-06,5.75,5.515,,,,4.65,4.89,,,,,,,4.64,,
1972-07,4.6,4.98,,,,4.65,4.85,,,,,,,4.82,,
1972-08,4.6,4.836,,,,4.8,4.73,,,,,,,4.85,,
1972-09,4.5,5.025,,,,5.32,4.78,,,,,,,5.13,,
1972-10,4.3,5.025,,,,6.88,5.82,,,,,,,5.25,,
1972-11,5.1,5.124,,,,8.07,6.81,,,,,,,5.22,,
1972-12,4.45,5.085,,,,8.6,7.9,,,,,,,5.43,,
1973-01,4.7,5.116,,,,7.89,7.72,,,,,,,5.81,,
1973-02,4.8,4.9375,,,,7.96,7.89,,,,,,,6.34,,
1973-03,5.45,5.1025,,,,8.77,7.8,,,,,,,7.05,,
1973-04,5.8,5.5825,,,,10.62,7.68,,,,,,,7.31,,
1973-05,6.4,6.35,,,,12.42,7.84,,,,,,,7.55,,
1973-06,6.4,7.085,,,,13.62,8.0,,,,,,,8.16,,
1973-07,6.5,7.705,,,,14.3,8.94,,,,,,,9.7,,
1973-08,6.4,8.31,,,,14.57,9.41,,,,,,,10.77,,
1973-09,9.25,8.8025,,,,14.25,10.37,,,,,,,10.59,,
1973-10,9.65,9.35,,,,14.49,11.36,,,,,,,9.2,,
1973-11,9.2,9.35,,,,13.62,11.18,,,,,,,9.24,,
1973-12,9.25,9.925,,,,13.2,11.36,,,,,7.88,,9.27,,
1974-01,9.25,9.468,11.5417,,,12.09,13.43,,,,,8.38,,9.0,,
1974-02,9.5,8.745,9.9938,,,10.67,12.49,,,,,8.75,,8.08,,
1974-03,10.1,8.9075,10.994,,,11.2,12.33,,,,,9.0,,8.84,,
1974-04,16.25,10.4175,9.1938,,,10.07,12.27,,,,,9.0,,10.25,,
1974-05,21.75,11.782,9.1548,,,9.1,12.78,,,,,9.13,,11.2,,
1974-06,18.8,11.375,10.2105,,,9.46,13.74,,,,,9.41,,11.38,,
1974-07,15.0,11.648,11.894,,,9.48,14.13,,,,,10.0,,12.25,,
1974-08,14.2,11.805,10.7857,,,9.65,13.97,,,,,11.25,,12.23,,
1974-09,12.6,11.54,10.5119,,,9.69,13.92,,,,,12.38,,11.6,,
1974-10,10.4,10.752,9.5788,,,9.78,13.38,,,,,13.75,,9.78,,
1974-11,10.3,9.795,8.4792,,,9.04,12.26,,,,,12.75,,9.09,,
1974-12,9.75,10.4175,9.6447,,,8.6,11.53,,,,,11.0,,9.23,,
1975-01,8.95,8.476,6.8899,,,7.74,11.03,,,,,9.75,,7.48,,
1975-02,9.0,6.895,4.7219,,,6.43,9.79,,,,,9.88,,6.41,,
1975-03,8.75,6.77,4.5789,,,5.71,8.94,,,,,11.0,,6.18,,
1975-04,9.8,7.094,4.733,,,4.89,8.24,,,,,9.25,,6.26,,
1975-05,8.9,7.51,4.1908,,,4.99,7.58,,,,,8.25,,5.79,,
1975-06,8.8,7.2825,3.619,,,4.88,7.26,,,,,8.0,,5.82,,
1975-07,8.15,7.484,4.2228,,,4.66,7.33,,,,,7.0,,6.55,,
1975-08,8.15,8.355,3.1781,,,3.88,7.12,,,,,7.13,,6.87,,
1975-09,8.1,8.94,2.6648,,,3.93,7.05,,,,,7.63,,7.03,,
1975-10,7.95,8.888,3.2228,,,4.07,7.01,,,,,7.25,,6.56,,
1975-11,8.05,9.1725,3.2625,,,4.12,6.98,,,,,7.13,,6.26,,
1975-12,7.7,9.418,3.4906,,,4.21,6.75,,,,,7.18,,6.03,,
1976-01,7.65,9.04,1.6656,,,3.93,6.41,,,,,6.25,,5.14,,
1976-02,8.35,8.9075,1.3531,,,3.72,7.43,,,,,7.38,,5.18,,
1976-03,8.4,9.806,1.5951,,,3.74,7.84,,,,,8.25,,5.34,,
1976-04,9.61,9.73,1.2281,,,3.62,7.68,,,,,8.13,,5.12,,
1976-05,10.24,9.435,1.4375,,,3.77,7.8,,,,,7.75,,5.56,,
1976-06,10.27,9.39,1.0595,,,4.14,7.99,,,,,7.25,,5.84,,
1976-07,9.67,9.34,1.267,,,4.47,8.48,,,,,8.4,,5.52,,
1976-08,9.36,9.34,1.2216,,,4.56,9.61,,,,,8.45,,5.39,,
1976-09,9.31,9.47,1.4176,,,4.56,9.59,,,,,9.75,,5.33,,
1976-10,9.06,9.27,1.8929,,,4.85,10.34,,,,,9.63,,5.12,,
1976-11,9.52,9.04,2.2557,,,4.69,10.54,,,,,9.25,,5.01,,
1976-12,9.44,8.55,1.9049,,,4.93,10.57,,,,,10.38,,4.67,,
1977-01,8.93,8.1275,1.2887,,,4.78,10.02,,,,,12.0,,4.83,,
1977-02,9.31,7.835,1.675,,,4.71,9.84,,,,,13.13,,4.83,,
1977-03,9.73,7.77,2.9647,,,4.73,9.96,,,,,15.0,,4.84,,
1977-04,10.86,7.64,2.6513,,,4.62,9.39,,,,,14.5,,4.8,,
1977-05,10.94,7.38,4.0375,,,4.44,9.14,,,,,14.63,,5.36,,
1977-06,10.95,7.042,3.875,,,4.28,9.04,,,,,13.5,,5.42,,
1977-07,10.72,7.185,3.0417,,,4.29,8.72,,,,,14.3,,5.46,,
1977-08,10.9,7.51,2.429,,,4.12,8.49,,,,,15.63,,5.9,,
1977-09,10.43,7.315,2.4119,,,4.15,8.38,,,,,14.25,,6.19,,
1977-10,10.02,7.38,2.2232,,,4.13,8.45,,,,,13.75,,6.67,,
1977-11,10.01,7.458,2.3466,,,4.15,9.31,,,,,12.13,,6.68,,
1977-12,9.75,7.2725,2.128,,,3.98,9.85,,,,,11.5,,6.71,,
1978-01,9.49,7.1675,0.994,,,3.58,9.26,,,,,11.5,,6.94,,
1978-02,9.55,7.2675,0.5,,,3.46,10.47,,,,,12.13,,6.9,,
1978-03,10.04,7.57,0.5089,,,3.51,9.91,,,,,12.13,,6.86,,
1978-04,10.86,8.3575,0.5,,,3.56,8.44,,,,,11.5,,7.03,,
1978-05,10.6,8.172,1.2313,,,3.6,8.24,,,,,11.0,,7.4,,
1978-06,10.63,8.3575,1.4006,,,3.68,7.93,,,,,10.25,,7.83,,
1978-07,9.84,8.4475,1.7798,,,3.75,7.63,,,,,10.0,,8.12,,
1978-08,9.7,8.942,0.6449,,,3.7,7.45,,,,,10.2,,8.06,,
1978-09,9.72,9.27,0.5685,,,3.7,7.4,,,,,10.25,,8.64,,
1978-10,9.74,9.78,0.233,,,3.95,7.37,,,,,10.5,,9.44,,
1978-11,9.19,10.626,0.2559,,,3.85,7.11,,,,,10.62,,10.72,,
1978-12,8.76,10.6075,0.1612,,,4.06,6.67,,,,,11.63,,10.72,,
1979-01,8.51,10.97,0.0149,,,3.89,6.57,,,,9.0,12.38,,10.51,,
1979-02,8.6,11.005,0.1315,,,4.15,6.88,,,,8.7,12.87,,10.19,,
1979-03,9.16,11.11,0.2699,,,4.47,7.1,,,,9.3,13.12,,10.13,,
1979-04,10.42,11.24,1.0987,,,5.54,7.0,,,,9.4,14.25,,10.06,,
1979-05,10.54,11.286,1.5446,,,5.92,7.61,,,,8.9,14.5,,10.16,,
1979-06,10.26,11.19,1.5094,,,6.46,8.68,,,,9.0,14.5,,9.95,,
1979-07,9.86,11.2625,1.1311,,,6.84,9.94,,,,8.9,14.93,,10.11,,
1979-08,9.78,11.79,1.6506,,,7.09,10.84,,,,10.5,14.93,,10.71,,
1979-09,9.87,12.0,1.9313,,,7.89,11.69,,,,13.0,15.45,,11.89,,
1979-10,10.04,13.47,2.5245,,,8.76,12.13,,,,15.6,16.07,,13.66,,
1979-11,10.12,14.1625,3.946,,,9.65,12.77,,,,13.6,16.2,,13.9,,
1979-12,10.12,14.05,5.6507,,,9.58,12.59,,,,12.7,16.32,,13.43,,
1980-01,10.03,13.91,5.4613,,,8.86,12.37,,,,11.8,15.82,,13.39,,
1980-02,10.06,14.0375,5.0714,,,8.97,12.63,,,,12.1,15.82,,14.3,,
1980-03,11.47,14.725,6.5833,,,9.64,13.99,,,,14.2,15.55,,17.57,,
1980-04,13.28,16.13,6.8156,,,10.22,12.94,,,,14.4,14.92,,16.14,,
1980-05,13.83,12.975,5.8388,,,10.26,12.65,,,,12.7,14.25,,9.79,,
1980-06,13.83,11.6375,5.5804,,,10.11,12.35,,,,10.3,13.25,,8.49,,
1980-07,12.87,11.03,5.2582,,,9.7,11.93,,,,10.2,13.27,,8.65,,
1980-08,12.33,10.5625,5.5031,,,8.98,11.27,,,,11.9,13.37,,9.91,,
1980-09,11.69,10.7625,5.5511,,,8.97,11.83,,,,13.0,13.85,,11.29,,
1980-10,11.22,11.67,5.3995,,,9.08,11.73,,,,11.7,13.95,,12.94,,
1980-11,11.27,13.0875,5.575,,,9.45,11.26,,,,12.7,14.05,,15.68,,
1980-12,12.45,17.02,6.6071,,,10.2,11.56,,,,11.8,14.3,,18.65,,
1981-01,12.61,17.0125,5.65,,,9.47,11.43,,,,11.4,14.22,,17.19,,6.49
1981-02,13.36,17.475,7.0813,,,10.67,11.9,,,,12.8,14.8,,16.14,,7.36
1981-03,14.63,16.9625,8.321,,,13.6,12.57,,,,12.3,15.15,,14.43,,7.54
1981-04,16.69,17.22,8.6625,,,13.19,13.0,,,,11.9,15.02,,15.08,,7.74
1981-05,16.28,18.975,9.8454,,,13.2,15.9,,,,12.7,14.3,,18.27,,8.54
1981-06,15.58,19.25,10.0119,,,13.09,18.92,,,,13.0,14.15,,16.9,,9.2
1981-07,15.39,19.66,9.7011,,,12.96,17.29,,,,12.8,15.25,,17.76,,10.37
1981-08,15.72,22.0125,9.0982,,,12.9,17.44,,,,13.7,15.8,,17.96,,11.27
1981-09,15.35,20.54,10.5625,,,12.5,17.59,,,,13.6,15.9,,16.84,,11.3
1981-10,14.69,18.7875,10.7443,,,11.78,16.46,,,,13.9,16.4,,15.39,,11.51
1981-11,14.62,16.6125,9.7917,,,11.08,15.35,,,,14.0,16.25,,12.48,,12.16
1981-12,15.54,16.0,9.6733,,,10.82,15.26,,,,15.4,15.85,,12.49,,13.2
1982-01,16.21,15.025,8.6594,,,10.46,15.07,,,,13.8,16.62,,13.51,,14.27
1982-02,17.12,15.325,8.2438,,,10.27,14.52,,,,14.0,17.0,,15.0,,15.18
1982-03,18.89,15.74,6.3097,,,9.87,15.25,,,,15.2,17.87,,14.21,,15.79
1982-04,21.39,15.7375,4.8906,,,9.33,16.36,,,,16.9,18.0,,14.44,,15.73
1982-05,18.45,15.5375,3.8092,,,9.18,16.19,,,,17.1,16.63,,13.8,,15.87
1982-06,18.57,16.88,5.2614,,,9.28,15.7,,,,15.5,16.63,,14.46,,16.07
1982-07,17.29,16.2625,4.2585,,,9.46,14.63,,,,16.5,16.63,,13.44,,16.43
1982-08,17.17,14.7625,4.1023,,,9.0,14.48,,,,14.9,16.63,,10.61,,16.24
1982-09,15.46,13.61,4.0426,,,8.18,14.06,,,,14.8,17.1,,10.66,,16.29
1982-10,14.57,12.0125,3.631,,,7.58,13.45,,,,15.6,17.42,,9.51,,15.75
1982-11,14.76,11.05,3.8011,,,7.31,12.97,,,,15.4,17.13,,8.95,,14.9
1982-12,12.13,10.56,3.6848,,,6.62,12.71,,,,14.7,16.43,,8.66,,14.44
1983-01,10.65,9.8875,2.7219,,,5.82,12.58,,,,13.6,15.35,,8.36,,13.12
1983-02,13.77,9.75,2.9375,,,5.83,12.9,,,,13.7,14.5,,8.54,,10.73
1983-03,15.26,9.37,3.6223,,,5.45,12.65,,,,14.0,14.05,,8.69,,9.78
1983-04,13.92,9.3625,4.2368,,,5.2,12.13,,,,13.4,14.45,,8.63,,11.21
1983-05,12.15,9.225,4.4688,,,5.33,12.56,,,,13.7,15.5,,8.49,,11.25
1983-06,14.24,9.35,4.9233,,,5.57,12.63,,,,13.2,14.5,,9.2,,12.55
1983-07,12.8,9.35,4.75,,,5.57,12.37,,,,13.1,12.75,,9.5,,13.8
1983-08,12.16,9.44,4.6165,,,5.71,12.37,,,,13.0,11.27,,9.77,,15.19
1983-09,11.06,9.325,4.3693,,,5.88,12.43,,,,13.1,10.12,,9.39,,14.96
1983-10,10.94,9.3,4.0744,,,6.18,12.45,,,,13.2,11.12,,9.18,,15.15
1983-11,10.55,9.38,4.0852,,,6.3,12.35,,,,13.0,11.55,,9.36,,15.62
1983-12,8.89,9.85,4.2946,,,6.48,12.19,,,,12.6,11.87,,9.69,,17.33
1984-01,9.76,9.8375,3.6637,,,6.12,12.25,,,,13.0,13.5,,9.42,,17.68
1984-02,12.04,9.83,3.4821,,,5.95,12.45,,,,13.1,13.88,,9.54,,17.68
1984-03,13.77,10.35,3.554,,,5.86,12.54,,,,13.4,13.25,,10.08,,17.74
1984-04,13.88,10.7,3.6151,,,5.84,12.48,,,,13.3,14.1,,10.41,,17.78
1984-05,13.78,11.43,3.8661,,,6.1,12.2,,,,12.9,14.25,,11.11,,17.81
1984-06,12.81,11.775,4.1531,,,6.13,12.23,,,,12.6,16.0,,11.34,,17.61
1984-07,12.3,12.9125,4.7188,,,6.13,11.78,,,,12.6,15.38,,11.56,,18.45
1984-08,11.56,12.38,4.8153,,,6.02,11.41,,,,12.6,15.25,,11.47,,21.5
1984-09,10.53,12.175,5.0987,,,5.82,11.05,,,,13.3,16.02,,11.29,,21.77
1984-10,11.17,11.95,5.2582,,,6.07,10.8,,,,13.2,17.6,,10.38,,21.77
1984-11,11.26,10.9875,5.017,,,5.96,10.55,,,,13.1,15.79,,9.18,,21.18
1984-12,12.34,10.3375,4.9485,,,5.83,10.69,,,,13.1,15.25,,8.6,,20.71
1985-01,13.35,9.67,5.1131,,,5.87,10.46,,,,12.6,17.31,,8.14,,21.89
1985-02,13.81,10.575,5.6625,,,6.16,10.63,,,,12.3,20.27,,8.69,,21.9
1985-03,15.29,11.3,5.744,,,6.39,10.73,,,,12.6,26.47,,9.02,,21.77
1985-04,15.79,10.1625,5.375,,,6.02,10.48,,,,12.6,22.07,,8.49,,21.02
1985-05,15.53,9.75,5.0969,,,5.84,10.18,,,,12.7,24.25,,7.92,,19.76
1985-06,15.75,9.4875,5.15,,,5.68,10.2,,,,12.5,23.73,,7.44,,17.42
1985-07,15.14,9.26,5.0489,,,5.34,9.98,,,,12.6,24.02,,7.64,,16.57
1985-08,16.25,9.1125,4.6193,,,4.79,9.81,,,,12.5,26.13,,7.81,,16.73
1985-09,16.78,9.0625,4.5536,,,4.71,9.62,,,,12.5,27.2,,7.93,,15.22
1985-10,16.36,8.71,4.5082,,,4.84,9.32,,,,12.5,26.57,,7.88,,14.34
1985-11,18.18,8.825,4.0417,,,4.88,8.96,,,,12.4,22.03,,7.81,,13.02
1985-12,19.56,9.2375,4.1688,,,4.86,8.95,,,,12.5,19.61,,7.8,,13.01
1986-01,18.97,10.16,4.0923,,,4.72,8.96,12.863,,,13.07,22.26,,7.82,,12.28
1986-02,18.29,11.725,3.8813,,,4.54,8.81,12.71875,,,13.39,23.52,,7.69,,12.05
1986-03,16.44,11.025,3.8882,,,4.56,8.31,11.77679,,,13.24,22.39,,7.24,,12.0
1986-04,15.76,9.55,4.0852,,,4.53,7.61,10.5767,,,13.61,21.54,,6.6,,11.47
1986-05,14.73,8.575,4.3882,,,4.62,7.24,10.26705,,,15.01,17.77,,6.65,,11.01
1986-06,14.68,8.7,5.0238,,,4.65,7.24,9.82292,,,14.26,15.31,,6.73,,10.89
1986-07,14.85,8.47,4.8451,,,4.65,7.13,10.03805,,,14.54,16.45,,6.37,,10.66
1986-08,17.37,8.5125,4.2781,,,4.61,7.11,9.89435,,,14.47,16.49,,5.92,,9.94
1986-09,18.08,8.35,4.1399,,,4.53,7.08,10.18892,,,14.36,16.03,,5.71,,9.19
1986-10,16.82,8.44,3.9266,,,4.64,7.41,11.1644,,,14.73,16.28,,5.69,,9.28
1986-11,15.9,8.3875,3.85,,,4.73,7.51,11.24609,,,15.15,18.19,,5.76,,8.98
1986-12,15.53,8.36,4.2202,,,4.84,8.104,11.40421,,,16.87,22.67,,6.04,,8.46
1987-01,15.86,7.925,3.6313,,,4.54,8.5817,11.10085,,,16.5,23.51,,5.87,,8.9
1987-02,16.7,7.4375,3.5906,,,4.03,8.4777,10.89219,,,15.13,25.23,,6.1,,8.83
1987-03,16.41,7.175,3.9148,,,4.04,7.9622,10.0142,,,14.67,26.06,,6.17,,8.65
1987-04,15.08,7.62,3.6438,,,3.91,8.0,9.83097,,,14.58,26.35,,6.52,,8.64
1987-05,14.14,8.25,3.727,,,3.81,8.2203,8.86792,,,14.58,22.51,,6.99,,8.8
1987-06,13.68,8.4625,3.9107,,,3.73,8.3318,8.93608,,,14.44,19.22,,6.94,,8.7
1987-07,12.99,8.64,3.7364,,,3.86,7.9541,9.24796,,,14.26,18.46,,6.7,,8.83
1987-08,12.54,9.1375,3.6994,,,4.0,8.004,10.0997,,,14.2,18.1,,6.75,,8.72
1987-09,11.7,9.36,3.6989,,,4.04,7.9766,10.19602,,,13.94,19.09,,7.37,,8.74
1987-10,11.99,9.1625,4.2614,,,4.74,8.3276,10.0277,,,14.04,19.77,,8.02,,8.74
1987-11,12.45,8.775,3.8363,,,3.98,8.787,8.99851,,,14.92,18.21,,7.24,,8.72
1987-12,11.46,8.97,3.6449,,,3.71,8.6043,7.97283,,,15.29,16.81,,7.66,,9.15
1988-01,11.05,8.7125,2.2063,,,3.46,8.3286,8.88691,,,14.61,16.97,,6.92,,9.48
1988-02,10.95,8.55,1.6339,,,3.37,7.6767,9.28795,,,14.25,16.76,,6.6,,9.82
1988-03,10.95,8.59,1.7636,,,3.44,8.0388,8.91304,,,14.24,15.99,,6.63,,10.49
1988-04,11.39,8.8625,2.0263,,,3.43,8.1286,8.37426,,,14.06,15.9,,6.92,,10.87
1988-05,12.28,9.0375,2.4125,,,3.58,7.9335,8.06676,,,13.51,16.21,,7.24,,11.84
1988-06,13.1,9.37,3.0466,,,3.93,7.3927,8.97514,,,13.03,15.86,,7.51,,12.0
1988-07,13.08,9.4125,3.8571,,,4.93,7.4456,10.57366,,,13.28,14.99,,7.94,,12.17
1988-08,13.32,9.91,3.6477,,,5.37,7.746,11.44429,,,13.35,14.5,,8.35,,12.78
1988-09,13.64,10.475,3.4659,,,5.02,7.9904,12.19034,,,13.52,14.42,,8.23,,13.27
1988-10,14.0,10.4375,3.7202,,,5.1,8.0152,12.0439,,,13.08,14.26,,8.36,,13.7
1988-11,14.73,10.85,4.2557,,,4.95,8.1401,12.31818,,,13.21,14.34,,8.78,,14.96
1988-12,15.11,11.1125,4.9226,,,5.39,8.4698,13.15767,,,11.98,14.51,,9.25,,15.53
1989-01,15.56,11.2875,5.875,,,5.7,8.6835,13.16122,,,11.49,13.8,,9.2,,15.29
1989-02,16.54,11.5625,6.125,,,6.43,9.2355,13.06406,,,11.29,13.4,,9.51,,15.4
1989-03,17.25,12.21,5.875,,,6.67,9.158,13.0625,,,11.36,13.32,,10.09,,16.26
1989-04,17.46,12.475,6.625,,,6.48,8.7464,13.18359,,,11.32,13.34,,9.94,,16.44
1989-05,17.52,12.402,8.25,,,7.02,8.9219,13.22215,,,10.99,13.49,,9.59,,17.17
1989-06,18.37,12.3125,7.5,,,7.02,8.9995,14.18253,,,11.02,13.52,,9.2,,17.31
1989-07,18.06,12.225,7.0,,,7.09,9.1782,13.96317,,,11.12,13.4,,8.76,,17.2
1989-08,17.96,12.292,7.5,,,7.07,9.0973,13.89572,,,11.21,12.98,,8.64,,17.16
1989-09,18.12,12.3275,7.9375,,,7.41,9.3491,14.07217,,,10.99,13.42,,8.78,,17.2
1989-10,18.36,12.33,8.0,,,8.13,10.0217,15.06818,,,11.41,13.85,,8.6,,17.78
1989-11,18.25,12.352,7.9375,,,8.29,10.5083,15.15412,,,11.9,13.88,,8.39,,18.0
1989-12,17.89,12.345,9.1875,,,8.11,10.8863,15.15179,,,12.45,14.07,,8.32,,18.0
1990-01,17.33,12.244,9.6875,,,8.3,11.3332,15.19837,,,11.95,13.9,,8.16,,18.0
1990-02,16.2,12.8425,9.3125,,,8.31,11.046,15.14922,,,11.55,13.83,,8.22,,18.0
1990-03,15.84,13.3575,9.0,,,8.48,10.6716,15.31676,,,11.96,13.69,,8.35,,17.96
1990-04,15.14,13.515,9.375,,,8.27,10.0167,15.25744,,,12.31,13.59,,8.42,,17.99
1990-05,15.05,13.76,8.8125,,,8.33,9.8143,15.19429,,,11.76,13.48,,8.35,,18.0
1990-06,15.02,13.8175,9.0,,,8.3,10.0737,15.01302,,,11.46,13.82,,8.23,,17.98
1990-07,14.83,13.675,8.95313,,,8.26,10.0501,14.9858,,,11.12,13.74,,8.1,,17.86
1990-08,13.92,13.256,8.625,,,8.45,10.1915,15.01664,,,11.07,14.49,,7.97,,17.68
1990-09,13.52,12.755,8.25,,,8.47,10.3466,14.95117,,,10.82,14.63,,8.06,,17.54
1990-10,13.07,12.578,8.3125,,,8.6,10.0364,14.06216,,,11.35,14.53,,8.06,,17.54
1990-11,12.41,12.405,8.9375,,,8.88,10.003,13.68111,,,11.46,13.98,,8.03,,17.71
1990-12,12.19,12.05,8.75,,,9.21,10.2737,13.8817,,,11.66,13.03,,7.82,,17.41
1991-01,11.93,11.366,8.125,,,9.35,10.2747,14.01087,,17.3,11.51,12.37,,7.17,,17.3
1991-02,11.62,10.52,8.25,,,9.08,9.7937,13.29532,,16.9,10.97,11.95,,6.52,,17.14
1991-03,11.49,9.9575,8.625,,,9.09,9.4259,12.4628,,17.6,10.71,11.95,,6.45,,16.95
1991-04,11.36,9.7075,8.625,,,9.18,9.3466,12.01492,,18.65,10.41,11.35,,6.06,,16.81
1991-05,10.72,9.198,8.0,,,9.08,9.2344,11.56522,,19.01,10.11,10.08,,5.91,,16.66
1991-06,10.39,8.8325,8.0,,,9.06,9.7066,11.29844,,19.02,10.23,9.85,,6.07,,16.68
1991-07,10.34,8.76,7.9375,,,9.15,9.593,11.12976,,18.3,10.41,9.65,,5.98,,16.71
1991-08,10.13,8.7225,8.0625,,,9.31,9.5992,10.93324,,18.54,10.3,9.44,,5.65,,16.68
1991-09,9.58,8.59,8.25,,,9.27,9.4302,10.33408,,19.01,10.54,8.9,,5.47,,16.57
1991-10,8.97,8.366,8.375,,,9.38,9.325,10.45823,,18.89,10.46,8.04,,5.33,,16.39
1991-11,8.34,7.8475,8.125,,,9.43,9.5406,10.52977,,18.01,10.32,8.18,,4.94,,16.23
1991-12,7.84,7.455,8.1875,,,9.58,10.1104,10.84837,,18.38,10.8,7.83,,4.47,,16.15
1992-01,7.45,7.31,7.5,,,9.53,9.9822,10.71773,,17.19,10.62,7.43,,4.05,,16.03
1992-02,7.52,7.2525,7.6875,,,9.61,10.0471,10.42031,,16.42,10.53,7.48,,4.07,,15.86
1992-03,7.51,7.54,8.9375,,,9.7,10.1195,10.67045,,16.9,10.36,7.34,,4.25,,15.49
1992-04,7.18,7.118,8.875,,,9.75,10.0409,10.65483,,17.28,10.35,7.07,,4.0,,15.02
1992-05,6.56,6.6175,9.4375,,,9.79,9.9674,10.109,,17.54,10.41,6.83,,3.82,,14.43
1992-06,6.42,6.0325,9.25,,,9.75,10.1126,10.05078,,17.31,10.37,6.77,,3.86,,14.02
1992-07,5.64,5.574,8.625,,,9.78,10.2229,10.20245,,16.73,10.52,6.18,,3.37,,13.47
1992-08,5.73,5.1725,7.875,,,9.88,10.3892,10.4122,,17.16,11.15,6.14,,3.31,,12.72
1992-09,5.94,5.038,6.98438,,,9.5,11.0405,10.03729,,17.21,15.13,6.26,,3.13,,12.06
1992-10,5.86,7.6375,6.375,,,8.94,11.1165,8.39347,,14.25,12.5,6.23,,3.26,,12.09
1992-11,5.88,6.9325,6.70313,,,8.94,9.7556,7.26711,,13.77,14.63,6.16,,3.58,,12.02
1992-12,5.9,7.9,6.0,,,9.04,11.341,7.23132,,15.19,15.42,6.87,,3.48,,12.04
1993-01,5.88,6.9925,5.4375,,,8.59,12.1036,6.98363,,13.86,10.59,7.87,,3.19,,11.86
1993-02,5.82,6.395,5.5,,,8.4,12.0578,6.23086,,12.51,9.32,7.53,,3.12,,11.39
1993-03,5.38,5.61,5.1875,,,7.98,11.292,6.03193,,11.74,8.79,7.24,,3.11,,11.34
1993-04,5.27,5.275,5.125,,,7.92,9.0996,6.02379,,11.46,8.35,7.15,,3.09,,11.14
1993-05,5.15,5.325,5.15625,,,7.51,7.6392,6.04427,,11.53,7.32,6.58,,3.1,,11.5
1993-06,5.22,4.88,5.03125,,,7.6,7.3169,5.9517,,12.55,6.83,6.42,,3.21,,11.88
1993-07,5.05,4.4725,4.6875,,,7.24,8.0968,6.00355,,13.25,6.48,5.7,,3.16,,11.76
1993-08,4.78,4.3075,4.8125,,,6.61,7.9281,5.91406,,14.87,5.96,5.62,,3.14,,11.69
1993-09,4.86,4.786,4.75,,,6.63,7.2893,5.95987,,14.71,6.34,5.3,,3.12,,11.61
1993-10,4.81,4.7375,4.5625,,,6.64,6.9791,5.81362,,13.89,6.18,5.45,,3.24,,11.29
1993-11,4.78,4.3625,4.5,,,6.31,6.721,5.6076,,12.9,5.45,5.85,,3.35,,10.21
1993-12,4.82,4.092,4.125,,,6.11,6.5189,5.38281,,12.27,5.57,5.25,,3.26,,10.19
1994-01,4.81,3.8725,4.07813,,,5.89,6.3185,5.44345,,11.68,5.36,4.66,,3.15,,10.15
1994-02,4.8,3.805,4.17188,,,5.91,6.2992,5.26328,,11.6,5.09,4.64,,3.43,,10.16
1994-03,4.88,4.206,4.1875,,,5.84,6.247,5.22758,,12.72,5.25,5.43,,3.77,,10.13
1994-04,4.92,5.8875,4.0,,,5.59,6.0139,5.28981,,12.47,5.46,6.39,,4.01,,10.31
1994-05,4.85,6.285,4.25,,,5.2,5.642,5.22727,,12.38,5.15,5.99,,4.51,,10.69
1994-06,5.12,6.394,4.32813,,,5.07,5.5647,5.18786,,12.49,5.43,6.07,,4.52,,10.85
1994-07,5.41,6.3625,4.375,,,4.97,5.6413,5.26637,,12.83,5.53,7.08,,4.73,,10.74
1994-08,5.6,5.68,4.3125,,,5.0,5.5989,5.57745,,15.0,5.86,7.06,,4.81,,10.75
1994-09,5.93,5.6425,4.1875,,,5.07,5.6268,5.76811,,15.04,6.68,7.49,,5.03,,10.84
1994-10,6.45,5.44,4.0625,,,5.22,5.6477,5.9747,,14.39,6.89,8.01,,5.51,,11.78
1994-11,7.16,5.68,4.01563,,,5.21,5.6119,6.12536,,14.0,7.27,8.47,,5.79,,12.19
1994-12,7.95,6.5975,4.29688,,,5.4,5.9482,6.42685,,14.85,6.24,9.53,,6.29,,12.47
1995-01,8.37,7.838,4.0,,,5.16,5.9223,6.63778,,15.72,5.76,9.29,,6.24,,12.7
1995-02,8.08,8.118,3.875,,,5.1,5.8157,6.80391,,16.65,5.46,9.37,,6.16,,12.9
1995-03,8.13,8.314782,3.5,,,5.07,8.0643,6.72554,,15.33,5.39,9.42,,6.15,,13.01
1995-04,7.89,8.148421,3.5,,,4.68,7.7796,6.73633,,14.56,5.36,9.23,,6.11,,12.96
1995-05,7.7,7.561364,3.26563,,,4.59,7.4723,6.77616,,14.87,5.67,9.1,,6.02,,13.72
1995-06,7.55,7.047727,3.125,,,4.53,7.1956,6.71484,,14.73,5.79,9.04,,5.9,,13.81
1995-07,7.56,6.666,2.73438,,,4.56,6.4612,6.87686,,14.24,5.62,8.84,,5.77,,13.98
1995-08,7.58,6.586818,2.875,,,4.46,5.942,6.87568,,13.45,5.34,9.03,,5.77,,13.87
1995-09,7.49,6.6875,2.48438,,,4.19,5.9635,6.79539,,13.1,5.36,9.22,,5.73,,13.99
1995-10,7.47,6.697619,2.07813,,,4.09,6.8688,6.81783,,12.32,5.34,8.69,,5.79,,13.83
1995-11,7.46,6.008095,2.125,,,4.01,5.8904,6.72088,,11.95,5.22,8.31,,5.74,,13.63
1995-12,7.43,5.895263,1.8125,,,3.94,5.5625,6.54985,,11.73,5.43,8.56,,5.62,,13.94
1996-01,7.46,5.546818,1.76563,,,3.61,4.6996,6.44718,,11.65,5.48,8.61,,5.39,,14.02
1996-02,7.47,5.222857,1.625,,,3.35,4.4096,6.24554,,11.67,5.26,8.51,,5.15,,13.92
1996-03,7.53,5.214762,1.79688,,,3.36,4.2709,6.13988,,11.55,4.92,8.86,,5.29,,14.14
1996-04,7.57,5.008572,1.875,,,3.33,3.9982,6.08452,,10.46,4.7,9.22,,5.36,,14.3
1996-05,7.55,4.809091,2.625,,,3.29,3.9046,6.11651,,10.87,4.76,9.82,,5.36,,15.87
1996-06,7.57,4.849,2.5625,,,3.39,3.9671,5.93477,,12.18,4.93,10.04,,5.46,,15.8
1996-07,7.56,4.732727,2.5625,,,3.38,3.8392,5.82167,,12.84,4.99,10.12,,5.53,,15.02
1996-08,6.92,4.267619,2.17188,,,3.29,3.9608,5.83647,,14.79,5.02,9.87,,5.4,,15.88
1996-09,6.91,4.0785,1.5,,,3.12,3.7494,5.86365,,14.3,5.09,9.9,,5.51,,15.28
1996-10,6.7,3.516818,1.8125,,,3.12,3.5144,6.01953,,14.11,5.04,9.61,,5.41,,15.02
1996-11,6.45,3.0195,2.0625,,,3.19,3.4691,6.38579,,13.66,4.39,8.97,,5.38,,15.26
1996-12,6.13,3.1225,1.875,,,3.23,3.4446,6.43164,,13.53,4.14,8.08,,5.44,,15.93
1997-01,5.82,3.152727,1.73438,,,3.14,3.3532,6.41491,,12.66,3.52,7.55,34.9,5.43,,16.23
1997-02,5.91,3.116,1.75,,,3.19,3.3303,6.28848,,12.28,3.52,7.46,33.1,5.37,,15.79
1997-03,6.05,3.2175,1.875,,,3.26,3.3646,6.30413,,13.23,3.51,7.58,30.6,5.53,,15.81
1997-04,6.04,3.460454,1.8125,,,3.23,3.3996,6.45437,,13.11,3.5,7.49,28.9,5.71,,15.77
1997-05,5.87,3.321905,1.125,,,3.17,3.4778,6.53214,,12.75,3.46,7.02,30.4,5.7,,15.68
1997-06,5.35,3.265238,1.4375,,10.75,3.14,3.4323,6.66462,,11.79,3.51,6.96,22.8,5.66,,15.46
1997-07,5.19,3.531818,1.5625,12.54,9.7355,3.14,3.3907,7.04144,,11.91,4.0,7.79,30.5,5.6,,15.08
1997-08,4.9,3.638,1.375,13.77,9.6809,3.26,3.4274,7.24349,,12.65,4.04,8.34,22.4,5.6,,14.79
1997-09,4.77,3.626667,1.59375,13.47,9.6,3.31,3.4098,7.29687,,13.39,3.94,8.06,15.8,5.6,,14.72
1997-10,4.83,3.799546,1.96094,14.82,8.5686,3.58,3.5904,7.35615,,13.79,3.97,7.76,19.7,5.65,,14.56
1997-11,4.95,3.994737,1.92969,13.04,8.707,3.74,3.6873,7.62617,,14.47,3.95,7.6,19.7,5.74,,14.55
1997-12,5.07,4.567143,1.5,10.63,9.0,3.74,3.6906,7.7179,,18.55,3.87,8.3,15.7,5.8,,14.65
1998-01,4.99,4.651905,1.1875,19.17,8.719,3.57,3.6184,7.5854,,23.1,3.82,8.89,25.4,5.54,,14.43
1998-02,4.97,4.9775,1.0,18.23,8.5962,3.51,3.5686,7.54395,,22.46,3.84,8.95,28.6,5.54,,14.02
1998-03,4.96,4.874091,1.48438,14.36,8.7092,3.52,3.5694,7.56676,,22.61,4.08,9.0,25.8,5.58,,13.22
1998-04,4.92,4.898095,1.53125,15.72,6.88,3.63,3.6273,7.53533,,20.26,4.15,9.26,26.1,5.58,,12.9
1998-05,4.96,5.02,1.6875,14.75,7.4466,3.63,3.6073,7.4881,,18.28,4.47,8.88,45.3,5.59,,13.02
1998-06,5.32,5.016818,2.15625,14.86,6.9244,3.56,3.5716,7.71396,,16.93,4.82,9.15,31.5,5.6,,16.04
1998-07,5.17,5.051363,1.94141,16.48,5.9877,3.54,3.5634,7.80622,,13.95,5.35,7.75,39.4,5.59,,18.99
1998-08,5.19,5.3055,1.61328,18.65,6.752,3.5,3.5578,7.72824,,11.19,6.74,6.79,35.5,5.58,,19.74
1998-09,5.03,5.600476,1.57422,,5.355,3.49,3.5374,7.46768,,10.38,8.03,5.79,12.1,5.41,,21.64
1998-10,4.83,5.275238,1.25625,18.78,5.2292,3.57,3.5555,7.22061,,8.08,7.92,4.85,33.0,5.21,,19.45
1998-11,4.88,5.147,1.75,14.89,6.7931,3.63,3.5856,6.97448,,7.7,7.96,4.5,35.8,5.24,,17.76
1998-12,4.8,5.002857,1.40828,13.49,4.8665,3.38,3.323,6.46034,,7.7,8.24,4.38,20.0,5.14,,17.2
1999-01,4.79,5.0045,1.27167,12.75,4.5161,3.1321,3.1321,5.92171,,7.0,7.72,4.47,43.9,4.89,,16.4
1999-02,4.77,5.0335,1.26167,10.04,6.2767,3.0934,3.0934,5.53197,,6.7,7.27,4.3,23.3,4.9,,15.54
1999-03,4.81,5.057391,1.24833,11.09,4.3972,3.0467,3.0467,5.42287,,6.56,6.88,4.59,21.6,4.91,,14.62
1999-04,4.76,4.716667,0.99333,13.59,4.3383,2.6965,2.6965,5.31773,,6.16,6.55,4.64,20.6,4.88,,13.75
1999-05,4.86,4.6155,1.02333,11.71,4.2458,2.579,2.579,5.34875,,6.17,6.66,4.67,21.0,4.92,,13.52
1999-06,4.93,4.815454,1.22167,9.28,3.4632,2.6267,2.6267,5.22114,,6.28,6.48,4.74,20.4,5.13,,13.26
1999-07,4.89,4.792857,1.12333,9.76,2.8688,2.6765,2.6765,5.16688,,6.75,6.35,4.72,16.9,5.24,,12.1
1999-08,4.92,4.924762,1.09667,9.93,2.8003,2.695,2.695,5.25409,,7.19,6.09,4.77,19.5,5.41,,11.68
1999-09,5.01,4.830476,1.915,9.91,2.7752,2.7267,2.7267,5.4107,,7.54,5.97,4.94,17.7,5.5,,11.17
1999-10,5.31,5.014,2.045,10.68,2.7973,3.3757,3.3757,6.02564,,7.29,6.37,5.1,19.9,6.13,,10.76
1999-11,5.44,5.040952,1.86167,11.63,2.7629,3.4677,3.4677,5.8725,,6.91,6.15,5.35,22.2,6.0,,10.71
1999-12,5.65,5.135238,1.84667,11.09,2.6592,3.446,3.446,6.05531,,7.16,5.97,5.67,28.6,6.05,,10.7
2000-01,5.66,5.2605,2.13167,10.05,2.7155,3.3431,3.3431,6.13632,,7.28,5.88,5.68,27.4,5.95,,10.16
2000-02,5.8,5.312381,2.44167,12.17,2.7268,3.5368,3.5368,6.23781,,7.13,5.89,5.93,17.8,6.01,,9.78
2000-03,5.89,5.405652,2.855,13.43,2.6435,3.747,3.747,6.22838,,7.0,6.0,6.26,14.7,6.14,,9.85
2000-04,6.04,5.516316,3.24333,11.76,2.6423,3.9253,3.9253,6.29647,,7.06,6.23,6.49,13.5,6.28,,9.88
2000-05,6.31,5.861818,3.16,10.67,2.5682,4.362,4.362,6.30356,,7.14,6.5,6.77,10.9,6.71,,10.22
2000-06,6.23,5.917273,3.39667,9.72,2.4485,4.5017,4.5017,6.22682,,7.17,6.72,6.88,12.2,6.73,,10.28
2000-07,6.2,5.8785,3.44,9.9,2.5058,4.5829,4.5829,6.19247,,7.15,6.91,6.83,9.1,6.67,,10.23
2000-08,6.49,5.892727,3.48667,9.37,2.4385,4.7771,4.7771,6.21754,,7.04,7.12,6.74,9.6,6.61,,10.15
2000-09,6.57,5.8515,3.585,10.32,2.4197,4.8528,4.8528,6.20569,,7.05,7.33,6.66,11.4,6.6,,10.16
2000-10,6.41,5.844762,3.49167,11.5,2.4964,5.0413,5.0413,6.16274,,7.04,7.52,6.65,9.3,6.67,,10.19
2000-11,6.33,5.876667,3.47833,10.9,2.3392,5.092,5.092,6.08629,,6.99,7.43,6.64,8.9,6.65,,10.22
2000-12,6.2,5.763684,3.37,9.3,3.2674,4.9392,4.9392,5.95539,,6.89,7.42,6.71,9.1,6.45,,10.2
2001-01,5.91,5.456364,3.42,8.3,2.8258,4.7707,4.7707,5.84578,,6.43,7.41,6.53,8.1,5.62,,10.15
2001-02,5.59,5.2075,3.42833,8.06,2.8275,4.7558,4.7558,5.75655,,5.73,7.32,6.48,12.1,5.26,,10.12
2001-03,5.14,4.748182,3.325,6.14,2.6494,4.7086,4.7086,5.55126,,5.68,7.39,6.25,8.5,4.89,,10.17
2001-04,4.86,4.6025,3.175,8.62,2.5887,4.682,4.682,5.40449,,5.84,7.48,5.97,10.3,4.53,,10.34
2001-05,4.89,4.445909,3.205,8.69,2.5457,4.6367,4.6367,5.24858,,5.85,7.45,5.79,10.6,4.02,,10.38
2001-06,4.97,4.419524,3.23667,6.74,2.5516,4.4536,4.4536,5.25854,,5.65,7.42,5.82,9.0,3.74,,9.99
2001-07,5.04,4.304286,3.19,6.44,2.4958,4.4671,4.4671,5.25436,,5.32,7.37,5.79,10.4,3.66,,9.53
2001-08,4.95,4.062727,3.15667,7.07,2.4372,4.3535,4.3535,4.99658,,4.92,7.31,5.83,10.1,3.48,,9.37
2001-09,4.55,3.497895,2.28333,7.18,2.3849,3.9829,3.9829,4.72946,,4.66,7.14,5.57,7.5,2.87,,9.24
2001-10,4.36,2.896364,2.09,6.61,2.3417,3.5999,3.5999,4.42821,,4.36,6.94,5.15,9.9,2.31,,8.87
2001-11,4.28,2.284762,2.00333,6.44,2.3371,3.3857,3.3857,3.99675,,4.53,6.9,4.87,13.2,2.03,,8.76
2001-12,4.25,2.117368,1.83833,6.51,2.2688,3.3449,3.3449,4.0506,,4.84,6.59,4.86,10.1,1.83,,9.2
2002-01,4.26,2.014091,1.69667,6.0,2.2796,3.3388,3.3388,4.04677,,4.79,6.32,4.86,14.7,1.74,,9.44
2002-02,4.31,2.116,1.73833,5.56,2.1624,3.3571,3.3571,4.05268,,4.54,6.57,4.93,13.7,1.82,,9.43
2002-03,4.46,2.2405,1.635,4.73,2.0207,3.3908,3.3908,4.13055,,4.64,6.72,5.31,14.2,1.91,,9.92
2002-04,4.59,2.402727,1.57,4.39,1.99,3.4069,3.4069,4.17319,0.1,4.79,6.77,5.68,13.5,1.87,,10.6
2002-05,4.84,2.610909,1.23167,4.15,1.982,3.4671,3.4671,4.1537,0.08,4.81,6.9,5.83,12.8,1.82,,11.16
2002-06,5.07,2.789,1.24333,4.03,1.97,3.464,3.464,4.17758,0.09,4.85,7.12,5.96,12.3,1.81,,11.44
2002-07,4.98,2.875909,0.82167,3.51,2.03,3.41,3.41,4.06054,0.09,4.91,7.25,6.0,13.1,1.79,,11.37
2002-08,4.96,2.945714,0.75167,2.96,2.12,3.3519,3.3519,3.98654,0.07,4.8,7.26,5.87,11.8,1.73,,11.43
2002-09,4.92,2.9155,0.74833,2.99,2.23,3.3101,3.3101,3.98872,0.08,4.81,7.15,5.86,9.6,1.76,,12.11
2002-10,4.9,2.880909,0.74333,3.03,2.34,3.2613,3.2613,3.96401,0.08,4.91,7.12,5.88,10.5,1.73,,12.61
2002-11,4.84,2.836,0.745,2.87,2.33,3.1241,3.1241,3.97142,0.08,4.91,7.09,5.9,10.6,1.39,,12.17
2002-12,4.83,2.857,0.61667,2.88,2.37,2.941,2.941,4.01777,0.1,4.9,6.62,5.92,11.9,1.34,,12.27
2003-01,4.8,2.87,0.60333,2.97,2.39,2.8318,2.8318,3.98263,0.1,4.7,5.99,5.86,10.4,1.29,,12.34
2003-02,4.75,2.921,0.57167,2.94,2.31,2.6875,2.6875,3.75425,0.09,4.54,5.69,5.82,8.8,1.27,,12.63
2003-03,4.76,3.201905,0.31333,2.65,2.24,2.53,2.53,3.65503,0.08,4.76,5.49,5.81,7.2,1.23,,12.73
2003-04,4.79,3.301905,0.30833,2.48,2.17,2.5333,2.5333,3.64598,0.08,4.62,5.26,5.73,6.7,1.24,,12.74
2003-05,4.78,3.322857,0.28167,2.59,2.16,2.4005,2.4005,3.63252,0.08,4.39,4.92,5.38,5.6,1.22,,12.55
2003-06,4.67,3.215714,0.28833,2.78,2.28,2.1519,2.1519,3.63966,0.09,4.28,4.04,5.23,7.3,1.04,,11.21
2003-07,4.72,3.010455,0.28667,2.97,2.34,2.13,2.13,3.49022,0.09,4.15,3.45,5.11,7.0,1.05,,10.89
2003-08,4.82,2.854211,0.26667,2.94,2.36,2.1404,2.1404,3.52249,0.09,3.9,3.14,5.11,7.4,1.08,,10.25
2003-09,4.91,2.712857,0.25417,2.84,3.68,2.1473,2.1473,3.6967,0.09,3.83,2.81,5.15,11.3,1.08,,9.42
2003-10,4.97,2.695,0.24917,2.75,3.45,2.1436,2.1436,3.80338,0.09,3.93,2.86,5.19,8.8,1.1,,8.22
2003-11,5.31,2.76,0.26667,2.72,3.1,2.159,2.159,3.98043,0.08,4.23,2.89,5.37,9.2,1.11,,7.69
2003-12,5.47,2.707143,0.26,2.58,2.94,2.1463,2.1463,4.01864,0.1,4.34,2.64,5.32,7.8,1.1,,7.31
2004-01,5.55,2.508095,0.24667,1.8,2.84,2.0895,2.0895,4.05531,0.09,4.26,2.26,5.35,5.1,1.06,,7.6
2004-02,5.57,2.323,0.25833,1.58,2.33,2.0705,2.0705,4.16654,0.09,4.08,2.01,5.59,6.3,1.05,,7.51
2004-03,5.51,2.159565,0.25,1.57,2.27,2.0288,2.0288,4.29673,0.08,3.93,1.84,5.54,5.4,1.05,,7.72
2004-04,5.54,2.068571,0.27167,1.49,2.61,2.0488,2.0488,4.39472,0.08,3.91,1.97,5.59,6.7,1.08,,7.77
2004-05,5.51,2.0675,0.26,1.31,2.81,2.0859,2.0859,4.52872,0.08,3.9,1.99,5.9,9.4,1.2,,7.71
2004-06,5.49,2.101818,0.49833,1.53,3.11,2.1127,2.1127,4.78974,0.09,3.91,2.03,6.07,10.4,1.46,,7.83
2004-07,5.46,2.105238,0.53,1.66,3.03,2.116,2.116,4.85702,0.09,3.91,2.02,6.25,8.7,1.57,,7.89
2004-08,5.44,2.145238,0.62,1.68,3.0,2.1143,2.1143,4.96284,0.09,3.7,2.02,6.44,7.0,1.68,,7.44
2004-09,5.42,2.412857,0.7,2.33,2.93,2.1186,2.1186,4.9469,0.09,3.52,1.96,6.64,7.8,1.86,,7.12
2004-10,5.41,2.575,0.72667,2.35,2.94,2.1473,2.1473,4.90071,0.09,3.52,2.0,6.75,5.8,2.04,,7.28
2004-11,5.43,2.703809,0.74,2.34,2.91,2.1703,2.1703,4.88359,0.09,3.42,1.99,6.72,7.8,2.26,,7.25
2004-12,5.41,2.571905,0.71667,2.32,2.73,2.1732,2.1732,4.87103,0.1,3.39,1.99,6.71,4.86,2.45,,7.27
2005-01,5.42,2.564,0.75,2.49,2.49,2.1454,2.1454,4.87316,0.1,3.47,1.96,6.76,5.62,2.61,,7.28
2005-02,5.63,2.5825,0.75833,2.95,2.38,2.1383,2.1383,4.89069,0.1,3.59,1.92,6.83,5.98,2.77,,7.23
2005-03,5.81,2.625909,0.775,2.83,2.51,2.1372,2.1372,4.98736,0.08,3.55,2.02,6.99,4.56,2.97,,7.2
2005-04,5.75,2.584762,0.76,2.92,2.21,2.1372,2.1372,4.94336,0.08,3.52,2.05,7.05,5.61,3.09,,6.95
2005-05,5.68,2.58619,0.75,3.24,1.52,2.1256,2.1256,4.89375,0.08,3.51,2.08,7.05,5.8,3.22,,6.75
2005-06,5.66,2.583182,0.74833,2.85,1.5,2.111,2.111,4.84144,0.09,3.51,2.15,7.03,6.39,3.38,,6.76
2005-07,5.65,2.631,0.755,3.01,1.54,2.1194,2.1194,4.65794,0.09,3.51,2.22,7.03,4.97,3.57,,6.73
2005-08,5.62,2.77,0.76,3.83,1.49,2.1325,2.1325,4.59465,0.09,3.5,2.25,7.03,5.4,3.77,,6.72
2005-09,5.62,2.89,0.79,4.25,1.52,2.1391,2.1391,4.59686,0.09,3.7,2.35,7.09,5.66,3.87,,6.74
2005-10,5.63,3.099,0.85,4.52,1.83,2.1966,2.1966,4.58701,0.09,3.93,2.45,7.28,5.56,4.13,,6.79
2005-11,5.63,3.295714,1.01,4.73,1.53,2.3609,2.3609,4.61847,0.09,3.96,2.54,7.54,7.4,4.31,,6.89
2005-12,5.63,3.469,1.01,4.75,1.77,2.4729,2.4729,4.63732,0.1,4.04,2.55,7.66,7.1,4.45,,6.82
2006-01,5.63,3.618572,1.02417,4.64,,2.5117,2.5117,4.60368,0.1036,4.15,2.52,7.64,6.3,4.56,,6.74
2006-02,5.61,3.763,1.17583,4.39,1.78,2.6004,2.6004,4.58199,0.11,4.25,2.57,7.53,5.52,4.72,,6.68
2006-03,5.61,3.94087,1.24917,4.48,1.89,2.7226,2.7226,4.58741,0.1255,4.27,2.72,7.49,5.8,4.88,,6.53
2006-04,5.69,4.122632,1.34,4.5,2.24,2.7938,2.7938,4.6296,0.14,4.33,2.82,7.47,6.51,5.03,,6.65
2006-05,5.87,4.258636,1.42333,4.64,2.27,2.889,2.889,4.7015,0.27,4.36,2.94,7.49,5.19,5.15,,6.8
2006-06,5.96,4.417727,1.52,4.82,2.51,2.9857,2.9857,4.73498,0.35,4.47,3.03,7.47,5.48,5.35,,7.11
2006-07,6.05,4.378,1.55,4.92,3.12,3.1022,3.1022,4.73322,0.44,4.63,3.09,7.48,5.57,5.46,,7.28
2006-08,6.19,4.344091,1.68,5.2,2.85,3.2265,3.2265,4.94425,0.432,4.68,3.23,7.49,5.34,5.38,,7.69
2006-09,6.21,4.3215,1.81083,5.21,2.72,3.3354,3.3354,5.02501,0.436,4.64,3.37,7.56,6.2,5.34,,7.75
2006-10,6.28,4.327619,1.86,4.95,2.7,3.502,3.502,5.13176,0.447,4.57,3.48,7.66,6.56,5.33,,8.22
2006-11,6.37,4.312381,1.95,5.06,2.98,3.5972,3.5972,5.22544,0.502,4.6,3.62,7.61,6.9,5.32,,8.23
2006-12,6.39,4.320588,2.1025,5.1,2.84,3.6842,3.6842,5.29167,0.54,4.76,3.8,7.66,7.05,5.32,,8.39
2007-01,6.43,4.333636,2.19,5.04,2.63,3.7519,3.7519,5.48623,0.54,4.92,3.98,7.7,5.71,5.32,,8.7
2007-02,6.37,4.348,2.22,4.84,2.82,3.8182,3.8182,5.5657,0.66,4.95,4.2,7.75,6.51,5.31,,8.66
2007-03,6.43,4.345909,2.295,4.61,2.63,3.8909,3.8909,5.54946,0.66,4.94,4.43,7.88,5.7,5.3,,8.28
2007-04,6.48,4.35,2.35,4.75,3.91,3.9753,3.9753,5.64899,0.65,4.95,4.54,7.98,6.17,5.31,,8.28
2007-05,6.37,4.368636,2.47,4.86,3.58,4.0714,4.0714,5.76742,0.67,5.04,4.6,8.09,6.0,5.31,,8.5
2007-06,6.42,4.529524,2.7,4.75,3.14,4.1478,4.1478,5.88018,0.73,5.03,4.75,8.32,5.67,5.33,,9.02
2007-07,6.47,4.68,2.7075,4.87,3.14,4.2162,4.2162,6.02396,0.77,5.05,4.89,8.44,6.26,5.32,,9.03
2007-08,6.75,4.947273,2.89667,5.45,3.2,4.5436,4.5436,6.41946,0.84,5.21,5.18,8.72,6.45,5.49,,9.13
2007-09,6.94,5.119473,2.785,5.5,3.64,4.7417,4.7417,6.64694,0.85,5.34,5.51,8.81,7.7,5.46,,9.31
2007-10,6.91,4.915,2.75333,5.41,3.88,4.6874,4.6874,6.27014,0.85,5.34,5.67,8.68,8.04,5.08,,9.77
2007-11,7.15,4.767619,2.745,5.92,5.02,4.6385,4.6385,6.40858,0.87,5.43,5.78,8.73,8.27,4.97,,10.22
2007-12,7.29,4.796316,2.75667,6.15,4.55,4.8484,4.8484,6.35943,0.86,5.73,5.96,8.9,7.45,5.02,,10.48
2008-01,7.18,4.246364,2.65333,6.5,4.27,4.4815,4.4815,5.65965,0.85,5.81,5.79,8.75,6.04,3.84,,10.37
2008-02,7.69,3.82,2.79667,6.6,4.26,4.3621,4.3621,5.64202,0.85,5.28,5.91,8.82,8.08,3.06,,10.28
2008-03,7.9,3.583,2.885,6.61,4.39,4.5964,4.5964,5.89929,0.84,5.25,6.18,8.91,6.94,2.79,,10.14
2008-04,7.84,3.457,2.80833,6.61,4.51,4.7835,4.7835,5.91881,0.84,5.38,6.3,8.87,7.99,2.85,,10.25
2008-05,7.75,3.1505,2.7775,6.68,4.38,4.8574,4.8574,5.82639,0.84,5.36,6.48,8.71,8.0,2.66,,11.55
2008-06,7.81,3.177647,2.79,7.32,4.2,4.9405,4.9405,5.92944,0.86,5.36,6.41,8.68,8.02,2.76,,11.47
2008-07,7.75,3.267,2.75583,7.57,4.47,4.961,4.961,5.8322,0.85,5.52,6.46,8.46,7.73,2.79,,11.37
2008-08,7.31,3.23,2.745,,4.08,4.9652,4.9652,5.76619,0.85,5.77,6.53,8.2,8.31,2.79,,11.34
2008-09,7.27,3.716667,2.955,,4.14,5.0192,5.0192,5.9106,0.87,5.79,6.82,7.95,9.68,3.59,,11.14
2008-10,6.03,3.318636,2.71833,,4.25,5.1131,5.1131,6.13304,0.89,6.03,6.92,7.43,17.17,4.32,,10.91
2008-11,4.76,2.776316,1.255,8.36,3.55,4.2383,4.2383,4.44684,0.88,5.62,6.18,6.25,18.2,2.36,,10.8
2008-12,4.39,2.344286,0.66167,8.18,1.9,3.2926,3.2926,3.17247,0.74,4.68,4.64,5.23,23.1,1.77,,10.87
2009-01,3.74,1.589048,0.52667,6.74,2.3,2.4565,2.4565,2.34276,0.72,3.22,3.7,4.38,27.83,1.02,,10.6562
2009-02,3.16,1.231053,0.495,4.43,1.09,1.9431,1.9431,2.09038,0.71,2.7,3.48,3.4,20.8,1.16,,9.2242
2009-03,3.16,1.062727,0.40333,2.62,1.27,1.6355,1.6355,1.83139,0.65,2.45,3.17,3.24,14.8,1.07,,8.6224
2009-04,3.1,0.8980953,0.40333,1.89,1.12,1.4223,1.4223,1.53413,0.6,2.42,2.87,3.12,12.83,0.89,,8.28
2009-05,3.13,0.6365,0.39833,1.2,1.14,1.2817,1.2817,1.35795,0.57,2.41,2.4,2.82,11.2,0.57,,7.6788
2009-06,3.25,0.56,0.395,1.08,1.2,1.2279,1.2279,1.24117,0.56,2.41,2.1,2.78,12.2,0.39,,7.2264
2009-07,3.14,0.3836364,0.36,0.6,1.68,0.975,0.975,1.00113,0.55,2.41,1.87,2.79,10.4,0.35,,7.3867
2009-08,3.3,0.4205,0.31667,0.46,1.7,0.8605,0.8605,0.77369,0.54,2.48,1.88,2.76,9.29,0.3,,7.1616
2009-09,3.37,0.3980953,0.28833,0.49,1.78,0.7721,0.7721,0.6056,0.54,2.64,1.93,2.77,10.91,0.25,,6.9392
2009-10,3.78,0.3866667,0.26183,0.49,1.81,0.7375,0.7375,0.57087,0.53,2.79,2.03,2.79,9.54,0.24,,6.94192
2009-11,3.95,0.3805,0.25,0.48,2.08,0.7162,0.7162,0.60936,0.51,2.79,2.05,2.8,8.14,0.21,,7.01
2009-12,4.13,0.3790476,0.25167,0.48,1.86,0.712,0.712,0.60541,0.46,2.82,2.08,2.78,8.66,0.22,,7.07
2010-01,4.2,0.38,0.25,0.46,1.85,0.6797,0.6797,0.61265,0.45,2.88,2.25,2.78,7.17,0.2,,7.11
2010-02,4.16,0.3757895,0.25,0.49,1.94,0.6617,0.6617,0.6331,0.44,2.88,2.27,2.73,7.31,0.19,,7.08
2010-03,4.33,0.3856522,0.24667,0.5,1.91,0.645,0.645,0.64549,0.43,2.83,2.3,2.67,6.3,0.23,,6.95
2010-04,4.55,0.487619,0.24583,,1.73,0.6447,0.6447,0.65592,0.4,2.51,2.39,2.69,5.3,0.3,,6.59
2010-05,4.81,0.6035,0.10833,,2.02,0.6865,0.6865,0.69713,0.39,2.45,2.5,2.89,4.7,0.45,,6.58
2010-06,4.89,0.7240909,0.11167,1.44,3.69,0.7276,0.7276,0.72839,0.38,2.45,2.67,3.07,4.6,0.52,,6.54
2010-07,4.84,0.8328571,0.17167,1.85,2.48,0.8488,0.8488,0.73603,0.37,2.58,2.69,3.23,4.2,0.41,,6.48
2010-08,4.74,0.9028571,0.165,2.47,2.44,0.8955,0.8955,0.73296,0.36,2.63,2.65,3.25,4.2,0.32,,6.42
2010-09,4.82,1.114286,0.17833,2.99,2.56,0.8805,0.8805,0.72859,0.36,2.66,2.64,3.18,4.3,0.28,,6.08
2010-10,4.81,1.157,0.16833,3.21,2.75,0.9977,0.9977,0.7384,0.34,2.66,2.56,3.18,4.49,0.27,,5.97
2010-11,5.02,1.167143,0.17167,3.26,3.38,1.042,1.042,0.73901,0.34,2.73,2.51,3.17,4.64,0.27,,5.65
2010-12,5.03,1.179524,0.17,3.4,4.94,1.0217,1.0217,0.74962,0.34,2.8,2.59,3.17,4.69,0.3,,5.59
2011-01,4.96,1.18,0.17,3.6,4.98,1.0172,1.0172,0.76866,0.34,2.93,2.59,3.19,4.633,0.29,,5.54
2011-02,4.92,1.188421,0.17,3.88,4.84,1.0867,1.0867,0.79962,0.34,3.13,2.61,3.13,4.599,0.28,,5.53
2011-03,4.92,1.183913,0.18,4.26,4.02,1.1755,1.1755,0.80913,0.33615,3.35,2.62,2.69,4.54,0.28,,5.5
2011-04,4.9,1.184,0.185,5.01,3.94,1.3212,1.3212,0.82096,0.33286,3.4,2.69,2.65,4.78,0.23,,5.46
2011-05,5.0,1.187143,0.17583,5.37,4.24,1.4251,1.4251,0.82344,0.33214,3.46,2.72,2.66,4.374,0.21,,5.45
2011-06,4.99,1.169545,0.175,5.55,5.91,1.4886,1.4886,0.82512,0.33214,3.53,2.85,2.65,4.857,0.22,,5.46
2011-07,4.96,1.17,0.175,5.56,5.89,1.5976,1.5976,0.8289,0.33214,3.59,2.94,2.71,5.84,0.24,,5.49
2011-08,4.86,1.151818,0.005,5.35,5.19,1.5521,1.5521,0.85782,0.32857,3.59,3.1,2.9,5.056,0.29,,5.49
2011-09,4.81,1.15,0.02333,5.28,5.69,1.5365,1.5365,0.9181,0.32929,3.58,3.08,2.88,5.813,0.33,,5.49
2011-10,4.73,1.1515,0.04333,5.14,5.67,1.5759,1.5759,0.96991,0.32929,3.58,3.08,2.76,6.932,0.37,,5.49
2011-11,4.62,1.159524,0.05167,5.11,5.73,1.4847,1.4847,1.01182,0.32929,3.56,3.16,2.69,7.05,0.41,,5.49
2011-12,4.51,1.156,0.05167,,5.57,1.4261,1.4261,1.06148,0.32929,3.55,3.02,2.69,7.42,0.49,8.552,5.45
2012-01,4.41,1.158571,0.07,4.84,6.8,1.2222,1.2222,1.08709,0.33077,3.55,2.7,2.74,7.569,0.4,8.615,5.47
2012-02,4.37,1.16,0.08667,4.98,5.36,1.0483,1.0483,1.07249,0.33167,3.53,2.67,2.75,7.25,0.3,8.9175,5.5
2012-03,4.44,1.152273,0.11,5.07,4.72,0.8585,0.8585,1.03757,0.33167,3.54,2.43,2.74,6.932,0.29,9.02,5.54
2012-04,4.2,1.147,0.11167,5.05,4.37,0.7443,0.7443,1.01792,0.33167,3.54,2.32,2.74,7.3,0.29,8.57,5.57
2012-05,3.66,1.179545,0.0975,5.16,4.04,0.6849,0.6849,1.005,0.33167,3.54,2.32,2.59,7.166,0.29,8.415,5.56
2012-06,3.49,1.160952,0.087,,3.7,0.6589,0.6589,0.94978,0.33455,3.54,2.34,2.61,7.4,0.32,8.284,5.58
2012-07,3.55,1.16,0.06,,3.46,0.497,0.497,0.81735,0.32727,3.34,2.24,2.67,6.895,0.3,8.2075,5.38
2012-08,3.62,1.16,0.046,,3.59,0.3324,0.3324,0.70481,0.32727,3.19,2.13,2.64,7.16,0.26,8.238,5.05
2012-09,3.49,1.16,0.044,4.96,4.12,0.2463,0.2463,0.64803,0.32727,3.14,1.96,2.64,7.166,0.24,8.13,4.94
2012-10,3.16,1.16,0.032,,3.78,0.2079,0.2079,0.54397,0.32636,2.93,1.92,2.65,7.509,0.23,8.09,4.94
2012-11,3.24,1.16,0.03,,3.82,0.192,0.192,0.52452,0.31818,2.85,1.92,2.64,7.631,0.23,8.17,4.93
2012-12,3.11,1.16,0.012,,3.97,0.1855,0.1855,0.51848,0.30818,2.88,1.87,2.65,7.507,0.24,8.1775,4.99
2013-01,3.0,1.16,0.022,5.08,3.77,0.2049,0.2049,0.51228,0.29182,2.86,1.86,2.66,7.3,0.23,8.03,5.06
2013-02,2.95,1.16,0.022,,3.71,0.2234,0.2234,0.50988,0.26909,2.83,1.9005,2.66,7.546,0.22,7.98,5.04
2013-03,3.05,1.16,0.022,,3.52,0.2061,0.2061,0.50688,0.25,2.81,1.848947,2.64,7.8,0.21,8.102,5.05
2013-04,3.02,1.16,0.02,5.03,3.63,0.2089,0.2089,0.50557,0.22818,2.8,1.821429,2.65,7.3,0.2,7.7575,5.11
2013-05,2.82,1.16,0.016,4.98,3.84,0.2012,0.2012,0.50563,0.22818,2.72,1.763684,2.64,7.328,0.2,7.386,5.03
2013-06,2.8,1.162,0.019,4.91,6.65,0.2103,0.2103,0.50794,0.22818,2.69,1.7335,2.64,7.7,0.19,7.4375,5.12
2013-07,2.76,1.167273,0.018,4.88,5.09,0.2214,0.2214,0.50944,0.228,2.68,1.688261,2.64,7.7,0.14,8.666667,5.12
2013-08,2.6,1.17,0.018,,5.4,0.2259,0.2259,0.51262,0.228,2.66,1.723182,2.64,7.7,0.12,11.336,5.09
2013-09,2.58,1.168,0.022,4.75,5.58,0.2232,0.2232,0.51688,0.228,2.66,1.713809,2.65,7.7,0.11,10.515,5.06
2013-10,2.58,1.166818,0.019,,5.14,0.2258,0.2258,0.51663,0.221,2.66,1.685217,2.67,7.186,0.12,9.025,5.04
2013-11,2.59,1.17,0.015,,6.43,0.2234,0.2234,0.52344,0.22,2.65,1.663333,2.66,7.2,0.12,8.804,5.07
2013-12,2.61,1.169,0.023,,6.96,0.2735,0.2735,0.52474,0.22,2.65,1.658947,2.73,7.413,0.14,8.69,5.14
2014-01,2.62,1.17,0.018,4.45,6.76,0.292,0.292,0.52093,0.22,2.65,1.649091,2.88,7.235,0.12,8.756,5.23
2014-02,2.63,1.17,0.022,4.19,5.14,0.2881,0.2881,0.52153,0.212,2.65,1.699,2.93,7.386,0.13,9.0875,5.56
2014-03,2.66,1.17,0.022,4.04,4.84,0.3053,0.3053,0.52157,0.212,2.65,1.707619,3.05,8.9,0.12,9.1275,5.73
2014-04,2.68,1.17,0.017,3.72,4.64,0.3297,0.3297,0.52665,0.212,2.65,1.752105,3.24,8.46,0.12,8.8875,5.73
2014-05,2.69,1.177619,0.012,,4.5,0.3246,0.3246,0.52744,0.21,2.65,1.819,3.38,9.24,0.11,8.766,5.74
2014-06,2.7,1.174286,0.008,3.95,4.59,0.2414,0.2414,0.54394,0.21,2.65,1.804,3.52,8.68,0.11,8.55,5.79
2014-07,2.65,1.17,0.018,3.77,4.57,0.205,0.205,0.55641,0.21,2.65,1.715217,3.67,8.73,0.13,8.57,6.03
2014-08,2.63,1.17,0.018,,4.47,0.1916,0.1916,0.56119,0.21,2.517,1.722381,3.69,8.73,0.13,8.64,6.01
2014-09,2.66,1.17,0.006,,4.44,0.0971,0.0971,0.56291,0.21,2.35,1.700909,3.71,9.0,0.12,8.58,6.0
2014-10,2.72,1.17,0.015,,4.26,0.0826,0.0826,0.55836,0.192,2.21,1.625652,3.68,9.23,0.12,8.472,5.9
2014-11,2.75,1.175263,0.001,,4.22,0.0809,0.0809,0.55628,0.182,2.14,1.659,3.67,10.77,0.13,8.29,5.83
2014-12,2.75,1.188571,-0.063,,5.22,0.0809,0.0809,0.55818,0.179,2.13,1.5345,3.67,16.4,0.15,8.29,6.04
2015-01,2.7,1.122857,-0.854,2.81,4.98,0.0627,0.0627,0.5626,0.173,2.13,1.388095,3.67,21.91,0.16,8.302,6.01
2015-02,2.36,0.8863158,-0.85,3.08,5.41,0.0482,0.0482,0.56363,0.171,2.12,1.38,3.63,17.48,0.15,8.32,5.89
2015-03,2.3,0.8936363,-0.814,1.53,5.18,0.0272,0.0272,0.56436,0.17,1.95,1.38,3.63,15.81,0.14,8.28,5.8
2015-04,2.25,0.8961905,-0.794,3.03,4.1,0.0047,0.0047,0.5695,0.17,1.81,1.47,3.63,15.25,0.13,7.863333,5.79
2015-05,2.15,0.89,-0.788,,3.11,-0.0104,-0.0104,0.56798,0.169,1.8,1.49,3.53,13.48,0.15,7.928,5.72
2015-06,2.15,0.89,-0.789,2.85,,-0.0139,-0.0139,0.57188,0.169,1.7,1.35,3.33,13.46,0.18,7.69,5.76
2015-07,2.14,0.7404546,-0.739,,,-0.0187,-0.0187,0.58084,0.169,1.65,1.27,3.13,13.35,0.19,7.512,6.03
2015-08,2.14,0.61,-0.724,,,-0.0277,-0.0277,0.5867,0.169,1.64,1.2,2.95,13.89,0.26,7.3975,6.16
2015-09,2.17,0.6519048,-0.733,,,-0.037,-0.037,0.58576,0.169,1.6,1.16,2.85,12.52,0.27,7.4375,6.24
2015-10,2.15,0.7147619,-0.732,,,-0.0536,-0.0536,0.58006,0.169,1.58,1.11,2.86,13.84,0.25,7.076,6.15
2015-11,2.22,0.7585,-0.832,,,-0.0876,-0.0876,0.57371,0.169,1.59,1.15,2.89,13.29,0.3,7.13,6.33
2015-12,2.34,0.8171428,-0.756,,,-0.1263,-0.1263,0.58277,0.169,1.67,1.14,2.79,12.8,0.54,7.1975,6.74
2016-01,2.3,0.7965,-0.757,3.5,,-0.1461,-0.1461,0.58976,0.169,1.67,1.16,2.73,12.68,0.57,5.8,6.86
2016-02,2.28,0.799,-0.8046,3.62,,-0.1836,-0.1836,0.59073,0.098,1.64,1.09,2.62,12.75,0.54,5.5125,6.93
2016-03,2.31,0.8,-0.7292,3.6,,-0.2285,-0.2285,0.58825,0.098,1.63,1.02,2.43,12.34,0.55,7.26,7.04
2016-04,2.26,0.8361905,-0.7294,3.5,,-0.2492,-0.2492,0.5889,0.06,1.61,0.98,2.34,12.15,0.55,6.91,7.18
2016-05,2.01,0.8366666,-0.7352,3.54,,-0.2572,-0.2572,0.58929,0.06,1.58,0.98,2.38,12.67,0.57,6.705,7.16
2016-06,1.99,0.8277273,-0.7798,3.52,,-0.2679,-0.2679,0.57468,0.059,1.43,1.02,2.37,11.72,0.55,6.8,7.19
2016-07,1.93,0.8105,-0.7476,3.5,,-0.2945,-0.2945,0.5136,0.058,1.36,1.01,2.37,10.79,0.62,6.602,7.35
2016-08,1.76,0.82,-0.7364,3.48,,-0.2982,-0.2982,0.40613,0.058,1.35,1.08,2.24,11.46,0.73,6.56,7.3
2016-09,1.73,0.8109524,-0.75,3.5,,-0.3016,-0.3016,0.37907,0.056,1.34,1.09,2.23,10.7,0.75,6.536,7.29
2016-10,1.75,0.816,-0.73,3.48,,-0.309,-0.309,0.3975,0.056,1.35,1.11,2.15,11.09,0.72,6.37,7.34
2016-11,1.76,0.82,-0.749,,,-0.3127,-0.3127,0.39773,0.056,1.42,1.1,2.07,10.43,0.71,6.1275,7.48
2016-12,1.78,0.823,-0.7292,,,-0.3158,-0.3158,0.37226,0.056,1.54,1.16,2.03,10.45,0.87,6.114,7.61
2017-01,1.78,0.872381,-0.7286,3.22,,-0.3255,-0.3255,0.3621,0.056,1.5,1.08,1.98,10.32,0.9,6.24,7.46
2017-02,1.78,0.8768421,-0.7262,,,-0.3286,-0.3286,0.35674,0.056,1.49,1.02,2.02,10.82,0.87,6.16,7.26
2017-03,1.79,0.8456522,-0.7296,,,-0.3293,-0.3293,0.34567,0.056,1.48,0.96,1.98,10.58,0.98,5.926,7.23
2017-04,1.77,0.8431579,-0.73,2.72,,-0.3304,-0.3304,0.33513,0.056,1.43,0.98,1.97,10.51,1.03,6.035,7.41
2017-05,1.73,0.7977273,-0.7296,2.54,,-0.3295,-0.3295,0.31081,0.056,1.39,0.9,1.98,8.17,1.05,6.405,7.43
2017-06,1.72,0.8286363,-0.73,2.49,,-0.33,-0.33,0.29442,0.056,1.38,0.87,1.95,8.75,1.16,6.278,7.34
2017-07,1.7,1.123,-0.7256,2.45,,-0.3304,-0.3304,0.2931,0.075,1.39,0.84,1.96,8.72,1.22,6.2,7.33
2017-08,1.7,1.198636,-0.7262,2.47,,-0.3291,-0.3291,0.28119,0.056,1.39,0.8,1.95,8.79,1.25,6.14,7.17
2017-09,1.72,1.321,-0.726,2.49,,-0.3294,-0.3294,0.30911,0.056,1.38,0.8,1.95,8.67,1.25,6.102,7.1
2017-10,1.7,1.329048,-0.7268,2.5,,-0.3295,-0.3295,0.38187,0.063,1.38,0.82,1.94,8.28,1.26,6.09,7.25
2017-11,1.72,1.328095,-0.752,2.49,,-0.329,-0.329,0.51857,0.063,1.45,0.78,1.93,8.32,1.32,6.11,7.45
2017-12,1.77,1.372105,-0.7462,,,-0.3279,-0.3279,0.51871,0.063,1.66,0.83,1.88,7.52,1.54,6.166,7.54
2018-01,1.79,1.552727,-0.745,2.5,,-0.3285,-0.3285,0.5225,0.068,1.66,0.84,1.88,7.2,1.63,6.335,7.32
2018-02,1.77,1.547895,-0.7446,2.52,,-0.3285,-0.3285,0.54683,0.068,1.65,0.93,1.91,7.07,1.78,6.38,7.12
2018-03,1.93,1.59619,-0.7354,2.62,,-0.3279,-0.3279,0.62842,0.097,1.65,1.07,1.93,7.07,2.08,6.232,7.06
2018-04,2.06,1.639048,-0.7282,2.62,,-0.3285,-0.3285,0.75629,0.097,1.65,1.14,2.01,7.22,2.2,6.13,6.98
2018-05,1.96,1.65,-0.7348,2.59,,-0.3252,-0.3252,0.64355,0.078,1.65,1.07,2.02,6.99,2.16,6.3025,7.01
2018-06,2.07,1.65,-0.7316,2.63,,-0.322,-0.322,0.63868,0.078,1.65,1.01,2.01,7.2,2.19,6.488,7.03
2018-07,2.02,1.796191,-0.7278,2.63,,-0.3207,-0.3207,0.74619,0.091,1.65,1.04,1.94,7.1,2.17,6.5525,7.07
2018-08,1.96,1.842727,-0.7284,2.63,,-0.319,-0.319,0.80519,0.091,1.65,1.04,1.91,7.6,2.19,6.762,7.12
2018-09,1.93,1.874737,-0.7358,2.65,,-0.3188,-0.3188,0.80093,0.05,1.65,1.09,1.9,8.2,2.24,7.02,7.14
2018-10,1.93,2.013182,-0.7454,2.77,,-0.3177,-0.3177,0.80618,0.05,1.68,1.09,1.89,8.1,2.37,6.99,7.19
2018-11,1.94,2.131905,-0.7382,,,-0.3164,-0.3164,0.87483,0.05,1.71,1.2,1.98,8.28,2.56,6.872,7.32
2018-12,2.02,2.192631,-0.7134,2.9,,-0.3119,-0.3119,0.90444,0.05,1.91,1.28,1.98,8.72,2.69,6.6675,7.49
2019-01,2.07,2.15,-0.713,2.95,,-0.308,-0.308,0.91822,0.03,1.87,1.26,1.91,8.73,2.59,6.6375,7.51
2019-02,1.96,1.99,-0.7156,3.06,,-0.3084,-0.3084,0.87598,0.03,1.87,1.27,1.9,8.49,2.49,6.48,7.25
2019-03,1.83,1.86,-0.7122,,,-0.3092,-0.3092,0.84,0.05,1.9,1.34,1.88,8.39,2.48,6.356,7.04
2019-04,1.68,1.86,-0.7138,3.02,,-0.3105,-0.3105,0.82,0.05,1.86,1.4,1.81,8.4,2.47,6.3025,7.1
2019-05,1.54,1.87,-0.71,,,-0.3119,-0.3119,0.8,,1.84,1.46,1.72,,2.44,,7.17
