,close,volume,dollar_transaction,triple_ret,triple_bin,met_ret,met_bin,met_side
2016-11-21,1724.25,0.0,0.0,,,,,
2016-11-22,1764.25,0.0,0.0,,,,,
2016-11-23,1778.5,0.0,0.0,,,,,
2016-11-24,1772.5,0.0,0.0,,,,,
2016-11-25,1758.75,0.0,0.0,,,,,
2016-11-26,1758.75,0.0,0.0,,,,,
2016-11-27,1758.75,0.0,0.0,,,,,
2016-11-28,1747.75,0.0,0.0,,,,,
2016-11-29,1722.25,0.0,0.0,,,,,
2016-11-30,1733.25,0.0,0.0,,,,,
2016-12-01,1722.5,0.0,0.0,,,,,
2016-12-02,1716.5,0.0,0.0,,,,,
2016-12-03,1716.5,0.0,0.0,,,,,
2016-12-04,1716.5,0.0,0.0,,,,,
2016-12-05,1737.25,0.0,0.0,,,,,
2016-12-06,1712.5,0.0,0.0,,,,,
2016-12-07,1712.25,0.0,0.0,,,,,
2016-12-08,1731.25,0.0,0.0,,,,,
2016-12-09,1755.5,0.0,0.0,,,,,
2016-12-10,1755.5,0.0,0.0,,,,,
2016-12-11,1755.5,0.0,0.0,,,,,
2016-12-12,1736.75,0.0,0.0,,,,,
2016-12-13,1749.25,0.0,0.0,,,,,
2016-12-14,1753.75,0.0,0.0,,,,,
2016-12-15,1743.0,0.0,0.0,,,,,
2016-12-16,1724.5,60.0,103470.0,,,,,
2016-12-17,1724.5,0.0,0.0,,,,,
2016-12-18,1724.5,0.0,0.0,,,,,
2016-12-19,1711.25,0.0,0.0,,,,,
2016-12-20,1720.25,20.0,34405.0,,,,,
2016-12-21,1728.0,0.0,0.0,,,,,
2016-12-22,1724.75,0.0,0.0,,,,,
2016-12-23,1721.25,0.0,0.0,,,,,
2016-12-24,1721.25,0.0,0.0,,,,,
2016-12-25,1721.25,0.0,0.0,,,,,
2016-12-26,1721.25,0.0,0.0,,,,,
2016-12-27,1721.25,0.0,0.0,,,,,
2016-12-28,1705.75,140.0,238805.0,,,,,
2016-12-29,1680.0,0.0,0.0,,,,,
2016-12-30,1694.0,0.0,0.0,,,,,
2016-12-31,1694.0,0.0,0.0,,,,,
2017-01-01,1694.0,0.0,0.0,,,,,
2017-01-02,1694.0,0.0,0.0,,,,,
2017-01-03,1688.0,0.0,0.0,,,,,
2017-01-04,1687.5,0.0,0.0,,,,,
2017-01-05,1703.75,0.0,0.0,,,,,
2017-01-06,1715.0,0.0,0.0,,,,,
2017-01-07,1715.0,0.0,0.0,,,,,
2017-01-08,1715.0,0.0,0.0,,,,,
2017-01-09,1728.75,0.0,0.0,,,,,
2017-01-10,1751.5,0.0,0.0,,,,,
2017-01-11,1759.5,0.0,0.0,,,,,
2017-01-12,1789.0,0.0,0.0,,,,,
2017-01-13,1809.0,0.0,0.0,,,,,
2017-01-14,1809.0,0.0,0.0,,,,,
2017-01-15,1809.0,0.0,0.0,,,,,
2017-01-16,1787.5,0.0,0.0,,,,,
2017-01-17,1793.75,0.0,0.0,,,,,
2017-01-18,1831.0,0.0,0.0,,,,,
2017-01-19,1824.0,0.0,0.0,,,,,
2017-01-20,1843.75,0.0,0.0,,,,,
2017-01-21,1843.75,0.0,0.0,,,,,
2017-01-22,1843.75,0.0,0.0,,,,,
2017-01-23,1845.75,0.0,0.0,,,,,
2017-01-24,1861.75,0.0,0.0,,,,,
2017-01-25,1825.75,0.0,0.0,,,,,
2017-01-26,1809.25,0.0,0.0,,,,,
2017-01-27,1805.25,0.0,0.0,,,,,
2017-01-28,1805.25,0.0,0.0,,,,,
2017-01-29,1805.25,0.0,0.0,,,,,
2017-01-30,1789.75,0.0,0.0,,,,,
2017-01-31,1807.0,0.0,0.0,,,,,
2017-02-01,1806.0,0.0,0.0,,,,,
2017-02-02,1815.75,0.0,0.0,,,,,
2017-02-03,1819.75,0.0,0.0,,,,,
2017-02-04,1819.75,0.0,0.0,,,,,
2017-02-05,1819.75,0.0,0.0,,,,,
2017-02-06,1819.0,0.0,0.0,,,,,
2017-02-07,1813.5,0.0,0.0,,,,,
2017-02-08,1830.5,0.0,0.0,,,,,
2017-02-09,1835.5,0.0,0.0,,,,,
2017-02-10,1866.5,0.0,0.0,,,,,
2017-02-11,1866.5,0.0,0.0,,,,,
2017-02-12,1866.5,0.0,0.0,,,,,
2017-02-13,1864.0,800.0,1491200.0,,,,,
2017-02-14,1879.0,760.0,1428040.0,,,,,
2017-02-15,1904.5,0.0,0.0,,,,,
2017-02-16,1887.75,0.0,0.0,,,,,
2017-02-17,1871.25,0.0,0.0,,,,,
2017-02-18,1871.25,0.0,0.0,,,,,
2017-02-19,1871.25,0.0,0.0,,,,,
2017-02-20,1892.0,0.0,0.0,,,,,
2017-02-21,1878.5,0.0,0.0,,,,,
2017-02-22,1878.5,0.0,0.0,,,,,
2017-02-23,1862.0,0.0,0.0,,,,,
2017-02-24,1884.75,0.0,0.0,,,,,
2017-02-25,1884.75,0.0,0.0,,,,,
2017-02-26,1884.75,0.0,0.0,,,,,
2017-02-27,1899.5,250.0,474875.0,,,,,
2017-02-28,1921.25,0.0,0.0,,,,,
2017-03-01,1944.25,0.0,0.0,,,,,
2017-03-02,1904.25,0.0,0.0,,,,,
2017-03-03,1884.75,200.0,376950.0,,,,,
2017-03-04,1884.75,0.0,0.0,,,,,
2017-03-05,1884.75,0.0,0.0,,,,,
2017-03-06,1866.75,0.0,0.0,,,,,
2017-03-07,1866.5,0.0,0.0,,,,,
2017-03-08,1868.25,0.0,0.0,,,,,
2017-03-09,1855.75,0.0,0.0,,,,,
2017-03-10,1873.5,0.0,0.0,,,,,
2017-03-11,1873.5,0.0,0.0,,,,,
2017-03-12,1873.5,0.0,0.0,,,,,
2017-03-13,1873.5,0.0,0.0,,,,,
2017-03-14,1852.75,0.0,0.0,,,,,
2017-03-15,1881.25,0.0,0.0,,,,,
2017-03-16,1894.0,230.0,435620.0,,,,,
2017-03-17,1908.5,0.0,0.0,,,,,
2017-03-18,1908.5,0.0,0.0,,,,,
2017-03-19,1908.5,0.0,0.0,,,,,
2017-03-20,1916.25,0.0,0.0,,,,,
2017-03-21,1921.0,0.0,0.0,,,,,
2017-03-22,1918.75,50.0,95937.5,,,,,
2017-03-23,1929.0,0.0,0.0,,,,,
2017-03-24,1934.75,0.0,0.0,,,,,
2017-03-25,1934.75,0.0,0.0,,,,,
2017-03-26,1934.75,0.0,0.0,,,,,
2017-03-27,1924.75,0.0,0.0,,,,,
2017-03-28,1938.5,0.0,0.0,,,,,
2017-03-29,1955.0,0.0,0.0,,,,,
2017-03-30,1965.0,150.0,294750.0,,,,,
2017-03-31,1954.75,0.0,0.0,,,,,
2017-04-01,1954.75,0.0,0.0,,,,,
2017-04-02,1954.75,0.0,0.0,,,,,
2017-04-03,1942.75,0.0,0.0,,,,,
2017-04-04,1927.75,90.0,173497.5,,,,,
2017-04-05,1950.0,0.0,0.0,,,,,
2017-04-06,1941.25,70.0,135887.5,,,,,
2017-04-07,1948.5,0.0,0.0,,,,,
2017-04-08,1948.5,0.0,0.0,,,,,
2017-04-09,1948.5,0.0,0.0,,,,,
2017-04-10,1912.75,0.0,0.0,,,,,
2017-04-11,1906.75,0.0,0.0,,,,,
2017-04-12,1884.25,110.0,207267.5,,,,,
2017-04-13,1900.75,0.0,0.0,,,,,
2017-04-14,1900.75,0.0,0.0,,,,,
2017-04-15,1900.75,0.0,0.0,,,,,
2017-04-16,1900.75,0.0,0.0,,,,,
2017-04-17,1900.75,0.0,0.0,,,,,
2017-04-18,1881.75,640.0,1204320.0,,,,,
2017-04-19,1894.0,790.0,1496260.0,,,,,
2017-04-20,1935.75,20.0,38715.0,,,,,
2017-04-21,1925.25,0.0,0.0,,,,,
2017-04-22,1925.25,0.0,0.0,,,,,
2017-04-23,1925.25,0.0,0.0,,,,,
2017-04-24,1937.25,10.0,19372.5,,,,,
2017-04-25,1955.75,190.0,371592.5,,,,,
2017-04-26,1957.0,0.0,0.0,,,,,
2017-04-27,1916.25,160.0,306600.0,,,,,
2017-04-28,1904.0,0.0,0.0,,,,,
2017-04-29,1904.0,0.0,0.0,,,,,
2017-04-30,1904.0,0.0,0.0,,,,,
2017-05-01,1904.0,0.0,0.0,,,,,
2017-05-02,1922.75,740.0,1422835.0,,,,,
2017-05-03,1916.5,0.0,0.0,,,,,
2017-05-04,1905.5,120.0,228660.0,,,,,
2017-05-05,1895.25,0.0,0.0,,,,,
2017-05-06,1895.25,0.0,0.0,,,,,
2017-05-07,1895.25,0.0,0.0,,,,,
2017-05-08,1872.75,0.0,0.0,,,,,
2017-05-09,1864.25,0.0,0.0,,,,,
2017-05-10,1859.25,0.0,0.0,,,,,
2017-05-11,1869.5,0.0,0.0,,,,,
2017-05-12,1885.5,0.0,0.0,,,,,
2017-05-13,1885.5,0.0,0.0,,,,,
2017-05-14,1885.5,0.0,0.0,,,,,
2017-05-15,1899.25,0.0,0.0,,,,,
2017-05-16,1917.75,660.0,1265715.0,,,,,
2017-05-17,1917.75,0.0,0.0,,,,,
2017-05-18,1917.5,0.0,0.0,,,,,
2017-05-19,1917.5,0.0,0.0,,,,,
2017-05-20,1917.5,0.0,0.0,,,,,
2017-05-21,1917.5,0.0,0.0,,,,,
2017-05-22,1932.0,0.0,0.0,,,,,
2017-05-23,1937.5,0.0,0.0,,,,,
2017-05-24,1939.0,0.0,0.0,,,,,
2017-05-25,1954.0,0.0,0.0,,,,,
2017-05-26,1944.25,0.0,0.0,,,,,
2017-05-27,1944.25,0.0,0.0,,,,,
2017-05-28,1944.25,0.0,0.0,,,,,
2017-05-29,1944.25,0.0,0.0,,,,,
2017-05-30,1944.25,0.0,0.0,,,,,
2017-05-31,1920.25,0.0,0.0,,,,,
2017-06-01,1919.0,0.0,0.0,,,,,
2017-06-02,1924.25,0.0,0.0,,,,,
2017-06-03,1924.25,0.0,0.0,,,,,
2017-06-04,1924.25,0.0,0.0,,,,,
2017-06-05,1924.25,0.0,0.0,,,,,
2017-06-06,1894.0,0.0,0.0,,,,,
2017-06-07,1898.5,0.0,0.0,,,,,
2017-06-08,1894.25,0.0,0.0,,,,,
2017-06-09,1897.25,0.0,0.0,,,,,
2017-06-10,1897.25,0.0,0.0,,,,,
2017-06-11,1897.25,0.0,0.0,,,,,
2017-06-12,1876.0,0.0,0.0,,,,,
2017-06-13,1876.0,0.0,0.0,,,,,
2017-06-14,1870.0,0.0,0.0,,,,,
2017-06-15,1859.25,0.0,0.0,,,,,
2017-06-16,1855.0,0.0,0.0,,,,,
2017-06-17,1855.0,0.0,0.0,,,,,
2017-06-18,1855.0,0.0,0.0,,,,,
2017-06-19,1878.0,0.0,0.0,,,,,
2017-06-20,1877.5,0.0,0.0,,,,,
2017-06-21,1858.25,0.0,0.0,,,,,
2017-06-22,1861.5,0.0,0.0,,,,,
2017-06-23,1857.25,0.0,0.0,,,,,
2017-06-24,1857.25,0.0,0.0,,,,,
2017-06-25,1857.25,0.0,0.0,,,,,
2017-06-26,1853.5,0.0,0.0,,,,,
2017-06-27,1875.0,0.0,0.0,,,,,
2017-06-28,1888.0,0.0,0.0,,,,,
2017-06-29,1906.75,0.0,0.0,,,,,
2017-06-30,1910.5,0.0,0.0,,,,,
2017-07-01,1910.5,0.0,0.0,,,,,
2017-07-02,1910.5,0.0,0.0,,,,,
2017-07-03,1918.0,0.0,0.0,,,,,
2017-07-04,1919.25,0.0,0.0,,,,,
2017-07-05,1919.75,420.0,806295.0,,,,,
2017-07-06,1934.75,0.0,0.0,,,,,
2017-07-07,1921.0,0.0,0.0,,,,,
2017-07-08,1921.0,0.0,0.0,,,,,
2017-07-09,1921.0,0.0,0.0,,,,,
2017-07-10,1886.0,190.0,358340.0,,,,,
2017-07-11,1886.75,0.0,0.0,,,,,
2017-07-12,1875.0,0.0,0.0,,,,,
2017-07-13,1907.25,0.0,0.0,,,,,
2017-07-14,1908.75,0.0,0.0,,,,,
2017-07-15,1908.75,0.0,0.0,,,,,
2017-07-16,1908.75,0.0,0.0,,,,,
2017-07-17,1905.75,0.0,0.0,,,,,
2017-07-18,1916.75,0.0,0.0,,,,,
2017-07-19,1905.0,0.0,0.0,,,,,
2017-07-20,1901.25,0.0,0.0,,,,,
2017-07-21,1899.75,0.0,0.0,,,,,
2017-07-22,1899.75,0.0,0.0,,,,,
2017-07-23,1899.75,0.0,0.0,,,,,
2017-07-24,1896.25,0.0,0.0,,,,,
2017-07-25,1914.25,0.0,0.0,,,,,
2017-07-26,1926.25,0.0,0.0,,,,,
2017-07-27,1921.25,0.0,0.0,,,,,
2017-07-28,1921.25,0.0,0.0,,,,,
2017-07-29,1921.25,0.0,0.0,,,,,
2017-07-30,1921.25,0.0,0.0,,,,,
2017-07-31,1899.75,0.0,0.0,,,,,
2017-08-01,1888.25,0.0,0.0,,,,,
2017-08-02,1907.0,0.0,0.0,,,,,
2017-08-03,1897.5,0.0,0.0,,,,,
2017-08-04,1897.5,0.0,0.0,,,,,
2017-08-05,1897.5,0.0,0.0,,,,,
2017-08-06,1897.5,0.0,0.0,,,,,
2017-08-07,1948.25,0.0,0.0,,,,,
2017-08-08,2019.25,0.0,0.0,,,,,
2017-08-09,2020.5,0.0,0.0,,,,,
2017-08-10,2032.75,0.0,0.0,,,,,
2017-08-11,2038.25,0.0,0.0,,,,,
2017-08-12,2038.25,0.0,0.0,,,,,
2017-08-13,2038.25,0.0,0.0,,,,,
2017-08-14,2038.25,0.0,0.0,,,,,
2017-08-15,2038.25,0.0,0.0,,,,,
2017-08-16,2084.0,0.0,0.0,,,,,
2017-08-17,2084.0,0.0,0.0,,,,,
2017-08-18,2051.5,210.0,430815.0,,,,,
2017-08-19,2051.5,0.0,0.0,,,,,
2017-08-20,2051.5,0.0,0.0,,,,,
2017-08-21,2069.25,0.0,0.0,,,,,
2017-08-22,2069.25,0.0,0.0,,,,,
2017-08-23,2084.25,0.0,0.0,,,,,
2017-08-24,2093.5,0.0,0.0,,,,,
2017-08-25,2057.25,0.0,0.0,,,,,
2017-08-26,2057.25,0.0,0.0,,,,,
2017-08-27,2057.25,0.0,0.0,,,,,
2017-08-28,2057.25,0.0,0.0,,,,,
2017-08-29,2081.75,0.0,0.0,,,,,
2017-08-30,2081.75,0.0,0.0,,,,,
2017-08-31,2103.25,0.0,0.0,,,,,
2017-09-01,2103.25,0.0,0.0,,,,,
2017-09-02,2103.25,0.0,0.0,,,,,
2017-09-03,2103.25,0.0,0.0,,,,,
2017-09-04,2103.25,0.0,0.0,,,,,
2017-09-05,2079.5,0.0,0.0,,,,,
2017-09-06,2087.75,0.0,0.0,,,,,
2017-09-07,2087.75,0.0,0.0,,,,,
2017-09-08,2076.5,0.0,0.0,,,,,
2017-09-09,2076.5,0.0,0.0,,,,,
2017-09-10,2076.5,0.0,0.0,,,,,
2017-09-11,2076.5,0.0,0.0,,,,,
2017-09-12,2106.5,0.0,0.0,,,,,
2017-09-13,2080.0,0.0,0.0,,,,,
2017-09-14,2068.25,0.0,0.0,,,,,
2017-09-15,2068.25,0.0,0.0,,,,,
2017-09-16,2068.25,0.0,0.0,,,,,
2017-09-17,2068.25,0.0,0.0,,,,,
2017-09-18,2068.25,0.0,0.0,,,,,
2017-09-19,2103.75,0.0,0.0,,,,,
2017-09-20,2157.25,800.0,1725800.0,,,,,
2017-09-21,2151.75,0.0,0.0,,,,,
2017-09-22,2141.5,0.0,0.0,,,,,
2017-09-23,2141.5,0.0,0.0,,,,,
2017-09-24,2141.5,0.0,0.0,,,,,
2017-09-25,2129.5,0.0,0.0,,,,,
2017-09-26,2105.0,0.0,0.0,,,,,
2017-09-27,2110.0,10.0,21100.0,,,,,
2017-09-28,2109.75,0.0,0.0,,,,,
2017-09-29,2081.0,0.0,0.0,,,,,
2017-09-30,2081.0,0.0,0.0,,,,,
2017-10-01,2081.0,0.0,0.0,,,,,
2017-10-02,2085.75,0.0,0.0,,,,,
2017-10-03,2116.25,0.0,0.0,,,,,
2017-10-04,2147.75,0.0,0.0,,,,,
2017-10-05,2151.5,0.0,0.0,,,,,
2017-10-06,2151.5,0.0,0.0,,,,,
2017-10-07,2151.5,0.0,0.0,,,,,
2017-10-08,2151.5,0.0,0.0,,,,,
2017-10-09,2153.0,0.0,0.0,,,,,
2017-10-10,2140.75,0.0,0.0,,,,,
2017-10-11,2107.25,0.0,0.0,,,,,
2017-10-12,2122.75,0.0,0.0,,,,,
2017-10-13,2110.25,0.0,0.0,,,,,
2017-10-14,2110.25,0.0,0.0,,,,,
2017-10-15,2110.25,0.0,0.0,,,,,
2017-10-16,2119.5,0.0,0.0,,,,,
2017-10-17,2123.75,0.0,0.0,,,,,
2017-10-18,2123.75,0.0,0.0,,,,,
2017-10-19,2123.75,0.0,0.0,,,,,
2017-10-20,2125.25,0.0,0.0,,,,,
2017-10-21,2125.25,0.0,0.0,,,,,
2017-10-22,2125.25,0.0,0.0,,,,,
2017-10-23,2125.25,0.0,0.0,,,,,
2017-10-24,2144.5,0.0,0.0,,,,,
2017-10-25,2176.75,0.0,0.0,,,,,
2017-10-26,2180.5,0.0,0.0,,,,,
2017-10-27,2156.25,0.0,0.0,,,,,
2017-10-28,2156.25,0.0,0.0,,,,,
2017-10-29,2156.25,0.0,0.0,,,,,
2017-10-30,2149.25,10.0,21492.5,,,,,
2017-10-31,2146.25,320.0,686800.0,,,,,
2017-11-01,2172.5,0.0,0.0,,,,,
2017-11-02,2159.1,70.0,151137.0,,,,,
2017-11-03,2170.0,0.0,0.0,,,,,
2017-11-04,2170.0,0.0,0.0,,,,,
2017-11-05,2170.0,0.0,0.0,,,,,
2017-11-06,2155.0,0.0,0.0,,,,,
2017-11-07,2115.75,0.0,0.0,,,,,
2017-11-08,2093.25,0.0,0.0,,,,,
2017-11-09,2077.0,550.0,1142350.0,,,,,
2017-11-10,2090.0,120.0,250800.0,,,,,
2017-11-11,2090.0,0.0,0.0,,,,,
2017-11-12,2090.0,0.0,0.0,,,,,
2017-11-13,2097.1,650.0,1363115.0,,,,,
2017-11-14,2070.0,170.0,351900.0,,,,,
2017-11-15,2094.0,0.0,0.0,,,,,
2017-11-16,2091.0,410.0,857310.0,,,,,
2017-11-17,2092.5,0.0,0.0,,,,,
2017-11-18,2092.5,0.0,0.0,,,,,
2017-11-19,2092.5,0.0,0.0,,,,,
2017-11-20,2074.5,0.0,0.0,,,,,
2017-11-21,2070.5,0.0,0.0,,,,,
2017-11-22,2095.25,80.0,167620.0,,,,,
2017-11-23,2101.5,0.0,0.0,,,,,
2017-11-24,2120.75,150.0,318112.5,,,,,
2017-11-25,2120.75,0.0,0.0,,,,,
2017-11-26,2120.75,0.0,0.0,,,,,
2017-11-27,2122.75,220.0,467005.0,,,,,
2017-11-28,2089.5,0.0,0.0,,,,,
2017-11-29,2054.5,2110.0,4334995.0,,,,,
2017-11-30,2033.0,1540.0,3130820.0,,,,,
2017-12-01,2059.5,0.0,0.0,,,,,
2017-12-02,2059.5,0.0,0.0,,,,,
2017-12-03,2059.5,0.0,0.0,,,,,
2017-12-04,2052.75,0.0,0.0,,,,,
2017-12-05,2036.0,0.0,0.0,,,,,
2017-12-06,2002.5,160.0,320400.0,,,,,
2017-12-07,1993.0,0.0,0.0,,,,,
2017-12-08,1993.25,0.0,0.0,,,,,
2017-12-09,1993.25,0.0,0.0,,,,,
2017-12-10,1993.25,0.0,0.0,,,,,
2017-12-11,2002.5,0.0,0.0,,,,,
2017-12-12,1996.75,0.0,0.0,,,,,
2017-12-13,1990.75,0.0,0.0,,,,,
2017-12-14,2033.75,310.0,630462.5,,,,,
2017-12-15,2055.5,0.0,0.0,,,,,
2017-12-16,2055.5,0.0,0.0,,,,,
2017-12-17,2055.5,0.0,0.0,,,,,
2017-12-18,2062.5,0.0,0.0,,,,,
2017-12-19,2086.75,350.0,730362.5,,,,,
2017-12-20,2110.25,0.0,0.0,,,,,
2017-12-21,2136.75,350.0,747862.5,,,,,
2017-12-22,2183.75,0.0,0.0,,,,,
2017-12-23,2183.75,0.0,0.0,,,,,
2017-12-24,2183.75,0.0,0.0,,,,,
2017-12-25,2183.75,0.0,0.0,,,,,
2017-12-26,2183.75,0.0,0.0,,,,,
2017-12-27,2244.5,40.0,89780.0,,,,,
2017-12-28,2276.0,0.0,0.0,,,,,
2017-12-29,2258.25,0.0,0.0,,,,,
2017-12-30,2258.25,0.0,0.0,,,,,
2017-12-31,2258.25,0.0,0.0,,,,,
2018-01-01,2258.25,0.0,0.0,,,,,
2018-01-02,2253.75,0.0,0.0,,,,,
2018-01-03,2215.25,0.0,0.0,,,,,
2018-01-04,2237.0,0.0,0.0,,,,,
2018-01-05,2190.25,0.0,0.0,,,,,
2018-01-06,2190.25,0.0,0.0,,,,,
2018-01-07,2190.25,0.0,0.0,,,,,
2018-01-08,2161.25,0.0,0.0,,,,,
2018-01-09,2138.0,0.0,0.0,,,,,
2018-01-10,2170.5,0.0,0.0,,,,,
2018-01-11,2165.25,0.0,0.0,,,,,
2018-01-12,2210.25,0.0,0.0,,,,,
2018-01-13,2210.25,0.0,0.0,,,,,
2018-01-14,2210.25,0.0,0.0,,,,,
2018-01-15,2224.75,0.0,0.0,,,,,
2018-01-16,2186.5,0.0,0.0,,,,,
2018-01-17,2196.75,0.0,0.0,,,,,
2018-01-18,2247.0,0.0,0.0,,,,,
2018-01-19,2222.0,10.0,22220.0,,,,,
2018-01-20,2222.0,0.0,0.0,,,,,
2018-01-21,2222.0,0.0,0.0,,,,,
2018-01-22,2249.5,0.0,0.0,,,,,
2018-01-23,2230.5,0.0,0.0,,,,,
2018-01-24,2251.5,0.0,0.0,,,,,
2018-01-25,2243.25,0.0,0.0,,,,,
2018-01-26,2259.75,0.0,0.0,,,,,
2018-01-27,2259.75,0.0,0.0,,,,,
2018-01-28,2259.75,0.0,0.0,,,,,
2018-01-29,2226.5,0.0,0.0,,,,,
2018-01-30,2208.0,0.0,0.0,,,,,
2018-01-31,2223.5,680.0,1511980.0,,,,,
2018-02-01,2228.0,0.0,0.0,,,,,
2018-02-02,2212.5,0.0,0.0,,,,,
2018-02-03,2212.5,0.0,0.0,,,,,
2018-02-04,2212.5,0.0,0.0,,,,,
2018-02-05,2212.75,0.0,0.0,,,,,
2018-02-06,2174.75,0.0,0.0,,,,,
2018-02-07,2165.0,990.0,2143350.0,,,,,
2018-02-08,2178.5,600.0,1307100.0,,,,,
2018-02-09,2124.25,0.0,0.0,,,,,
2018-02-10,2124.25,0.0,0.0,,,,,
2018-02-11,2124.25,0.0,0.0,,,,,
2018-02-12,2123.75,110.0,233612.5,,,,,
2018-02-13,2133.75,0.0,0.0,,,,,
2018-02-14,2175.5,0.0,0.0,,,,,
2018-02-15,2163.75,0.0,0.0,,,,,
2018-02-16,2207.0,0.0,0.0,,,,,
2018-02-17,2207.0,0.0,0.0,,,,,
2018-02-18,2207.0,0.0,0.0,,,,,
2018-02-19,2214.0,0.0,0.0,,,,,
2018-02-20,2186.0,0.0,0.0,,,,,
2018-02-21,2199.25,0.0,0.0,,,,,
2018-02-22,2181.5,430.0,938045.0,,,,,
2018-02-23,2134.0,850.0,1813900.0,,,,,
2018-02-24,2134.0,0.0,0.0,,,,,
2018-02-25,2134.0,0.0,0.0,,,,,
2018-02-26,2131.25,0.0,0.0,,,,,
2018-02-27,2139.5,0.0,0.0,,,,,
2018-02-28,2129.5,390.0,830505.0,,,,,
2018-03-01,2143.25,0.0,0.0,,,,,
2018-03-02,2144.25,380.0,814815.0,,,,,
2018-03-03,2144.25,0.0,0.0,,,,,
2018-03-04,2144.25,0.0,0.0,,,,,
2018-03-05,2138.0,280.0,598640.0,,,,,
2018-03-06,2135.5,340.0,726070.0,,,,,
2018-03-07,2082.5,620.0,1291150.0,,,,,
2018-03-08,2090.75,110.0,229982.5,,,,,
2018-03-09,2104.5,50.0,105225.0,,,,,
2018-03-10,2104.5,0.0,0.0,,,,,
2018-03-11,2104.5,0.0,0.0,,,,,
2018-03-12,2072.5,0.0,0.0,,,,,
2018-03-13,2072.5,0.0,0.0,,,,,
2018-03-14,2071.5,0.0,0.0,,,,,
2018-03-15,2064.25,0.0,0.0,,,,,
2018-03-16,2073.5,190.0,393965.0,,,,,
2018-03-17,2073.5,0.0,0.0,,,,,
2018-03-18,2073.5,0.0,0.0,,,,,
2018-03-19,2076.5,110.0,228415.0,,,,,
2018-03-20,2063.75,0.0,0.0,,,,,
2018-03-21,2069.5,0.0,0.0,,,,,
2018-03-22,2062.0,0.0,0.0,,,,,
2018-03-23,2036.75,0.0,0.0,,,,,
2018-03-24,2036.75,0.0,0.0,,,,,
2018-03-25,2036.75,0.0,0.0,,,,,
2018-03-26,2036.25,0.0,0.0,,,,,
2018-03-27,2027.25,0.0,0.0,,,,,
2018-03-28,2011.75,0.0,0.0,,,,,
2018-03-29,1990.75,0.0,0.0,,,,,
2018-03-30,1990.75,0.0,0.0,,,,,
2018-03-31,1990.75,0.0,0.0,,,,,
2018-04-01,1990.75,0.0,0.0,,,,,
2018-04-02,1990.75,0.0,0.0,,,,,
2018-04-03,1965.25,410.0,805752.5,,,,,
2018-04-04,1965.25,0.0,0.0,,,,,
2018-04-05,1965.25,0.0,0.0,,,,,
2018-04-06,2026.25,0.0,0.0,,,,,
2018-04-07,2026.25,0.0,0.0,,,,,
2018-04-08,2026.25,0.0,0.0,,,,,
2018-04-09,2151.0,0.0,0.0,,,,,
2018-04-10,2208.25,0.0,0.0,,,,,
2018-04-11,2257.0,0.0,0.0,,,,,
2018-04-12,2371.0,0.0,0.0,,,,,
2018-04-13,2291.0,640.0,1466240.0,,,,,
2018-04-14,2291.0,0.0,0.0,,,,,
2018-04-15,2291.0,0.0,0.0,,,,,
2018-04-16,2410.0,0.0,0.0,,,,,
2018-04-17,2412.0,0.0,0.0,,,,,
2018-04-18,2548.0,0.0,0.0,,,,,
2018-04-19,2498.5,0.0,0.0,-0.01942700156985866,-1.0,,,
2018-04-20,2485.0,0.0,0.0,-0.005403241945167059,-1.0,,,
2018-04-21,2485.0,0.0,0.0,,,,,
2018-04-22,2485.0,0.0,0.0,,,,,
2018-04-23,2485.0,0.0,0.0,,,,,
2018-04-24,2224.5,0.0,0.0,,,,,
2018-04-25,2244.5,0.0,0.0,0.008990784445942923,1.0,,,
2018-04-26,2244.5,0.0,0.0,,,,,
2018-04-27,2227.0,20.0,44540.0,,,,,
2018-04-28,2227.0,0.0,0.0,,,,,
2018-04-29,2227.0,0.0,0.0,,,,,
2018-04-30,2227.0,0.0,0.0,,,,,
2018-05-01,2266.5,0.0,0.0,,,,,
2018-05-02,2333.0,0.0,0.0,0.029340392675932137,1.0,,,
2018-05-03,2275.0,0.0,0.0,-0.02486069438491212,-1.0,,,
2018-05-04,2374.0,0.0,0.0,0.043516483516483406,1.0,,,
2018-05-05,2374.0,0.0,0.0,0.0,0.0,0.0,0.0,1.0
2018-05-06,2374.0,0.0,0.0,,,,,
2018-05-07,2374.0,0.0,0.0,,,,,
2018-05-08,2384.75,0.0,0.0,,,,,
2018-05-09,2377.0,0.0,0.0,,,,,
2018-05-10,2377.0,0.0,0.0,,,,,
2018-05-11,2278.75,0.0,0.0,,,,,
2018-05-12,2278.75,0.0,0.0,0.0,0.0,,,
2018-05-13,2278.75,0.0,0.0,,,,,
2018-05-14,2330.0,0.0,0.0,,,,,
2018-05-15,2343.0,0.0,0.0,0.005579399141630859,1.0,,,
2018-05-16,2349.0,0.0,0.0,,,,,
2018-05-17,2315.0,0.0,0.0,,,,,
2018-05-18,2315.0,0.0,0.0,0.0,0.0,,,
2018-05-19,2315.0,0.0,0.0,,,,,
2018-05-20,2315.0,0.0,0.0,,,,,
2018-05-21,2290.75,0.0,0.0,,,,,
2018-05-22,2275.25,0.0,0.0,,,,,
2018-05-23,2276.5,0.0,0.0,0.0005493901769035858,1.0,,,
2018-05-24,2292.75,0.0,0.0,,,,,
2018-05-25,2267.5,0.0,0.0,,,,,
2018-05-26,2267.5,0.0,0.0,,,,,
2018-05-27,2267.5,0.0,0.0,,,,,
2018-05-28,2267.5,0.0,0.0,,,,,
2018-05-29,2278.25,530.0,1207472.5,,,,,
2018-05-30,2274.5,0.0,0.0,,,,,
2018-05-31,2274.5,0.0,0.0,,,,,
2018-06-01,2318.0,0.0,0.0,,,,,
2018-06-02,2318.0,0.0,0.0,0.0,0.0,,,
2018-06-03,2318.0,0.0,0.0,,,,,
2018-06-04,2327.0,0.0,0.0,,,,,
2018-06-05,2316.75,0.0,0.0,,,,,
2018-06-06,2351.0,0.0,0.0,,,,,
2018-06-07,2309.25,0.0,0.0,,,,,
2018-06-08,2302.0,0.0,0.0,,,,,
2018-06-09,2302.0,0.0,0.0,,,,,
2018-06-10,2302.0,0.0,0.0,,,,,
2018-06-11,2308.0,0.0,0.0,,,,,
2018-06-12,2309.0,0.0,0.0,,,,,
2018-06-13,2285.25,0.0,0.0,,,,,
2018-06-14,2263.75,0.0,0.0,,,,,
2018-06-15,2206.0,0.0,0.0,,,,,
2018-06-16,2206.0,0.0,0.0,,,,,
2018-06-17,2206.0,0.0,0.0,,,,,
2018-06-18,2238.25,0.0,0.0,,,,,
2018-06-19,2187.25,0.0,0.0,,,,,
2018-06-20,2182.5,0.0,0.0,,,,,
2018-06-21,2195.0,0.0,0.0,,,,,
2018-06-22,2193.25,0.0,0.0,,,,,
2018-06-23,2193.25,0.0,0.0,,,,,
2018-06-24,2193.25,0.0,0.0,,,,,
2018-06-25,2174.0,0.0,0.0,,,,,
2018-06-26,2177.75,0.0,0.0,,,,,
2018-06-27,2199.0,0.0,0.0,,,,,
2018-06-28,2181.25,0.0,0.0,,,,,
2018-06-29,2164.0,480.0,1038720.0,,,,,
2018-06-30,2164.0,0.0,0.0,,,,,
2018-07-01,2164.0,0.0,0.0,,,,,
2018-07-02,2164.0,0.0,0.0,,,,,
2018-07-03,2164.0,0.0,0.0,,,,,
2018-07-04,2118.0,0.0,0.0,,,,,
2018-07-05,2105.0,0.0,0.0,,,,,
2018-07-06,2111.25,0.0,0.0,,,,,
2018-07-07,2111.25,0.0,0.0,,,,,
2018-07-08,2111.25,0.0,0.0,,,,,
2018-07-09,2146.5,0.0,0.0,,,,,
2018-07-10,2117.0,60.0,127020.0,,,,,
2018-07-11,2100.5,0.0,0.0,,,,,
2018-07-12,2092.75,0.0,0.0,,,,,
2018-07-13,2066.75,0.0,0.0,,,,,
2018-07-14,2066.75,0.0,0.0,,,,,
2018-07-15,2066.75,0.0,0.0,,,,,
2018-07-16,2066.75,0.0,0.0,,,,,
2018-07-17,2016.5,0.0,0.0,,,,,
2018-07-18,2011.75,0.0,0.0,,,,,
2018-07-19,1986.75,0.0,0.0,,,,,
2018-07-20,2024.0,0.0,0.0,,,,,
2018-07-21,2024.0,0.0,0.0,,,,,
2018-07-22,2024.0,0.0,0.0,,,,,
2018-07-23,2057.75,0.0,0.0,,,,,
2018-07-24,2072.0,0.0,0.0,,,,,
2018-07-25,2047.5,0.0,0.0,,,,,
2018-07-26,2053.0,0.0,0.0,,,,,
2018-07-27,2058.5,0.0,0.0,,,,,
2018-07-28,2058.5,0.0,0.0,,,,,
2018-07-29,2058.5,0.0,0.0,,,,,
2018-07-30,2080.5,0.0,0.0,,,,,
2018-07-31,2067.25,0.0,0.0,,,,,
2018-08-01,2036.0,0.0,0.0,,,,,
2018-08-02,2015.25,0.0,0.0,,,,,
2018-08-03,2007.25,0.0,0.0,,,,,
2018-08-04,2007.25,0.0,0.0,,,,,
2018-08-05,2007.25,0.0,0.0,,,,,
2018-08-06,2020.5,0.0,0.0,,,,,
2018-08-07,2017.25,0.0,0.0,,,,,
2018-08-08,2087.75,30.0,62632.5,,,,,
2018-08-09,2062.25,220.0,453695.0,,,,,
2018-08-10,2088.0,0.0,0.0,,,,,
2018-08-11,2088.0,0.0,0.0,,,,,
2018-08-12,2088.0,0.0,0.0,,,,,
2018-08-13,2082.5,0.0,0.0,,,,,
2018-08-14,2064.0,0.0,0.0,,,,,
2018-08-15,2015.5,0.0,0.0,,,,,
2018-08-16,2038.0,0.0,0.0,,,,,
2018-08-17,2018.25,0.0,0.0,,,,,
2018-08-18,2018.25,0.0,0.0,,,,,
2018-08-19,2018.25,0.0,0.0,,,,,
2018-08-20,2044.0,0.0,0.0,,,,,
2018-08-21,2041.5,0.0,0.0,,,,,
2018-08-22,2052.0,0.0,0.0,,,,,
2018-08-23,2061.75,0.0,0.0,,,,,
2018-08-24,2081.75,0.0,0.0,,,,,
2018-08-25,2081.75,0.0,0.0,,,,,
2018-08-26,2081.75,0.0,0.0,,,,,
2018-08-27,2081.75,0.0,0.0,,,,,
2018-08-28,2119.0,800.0,1695200.0,,,,,
2018-08-29,2156.75,0.0,0.0,,,,,
2018-08-30,2118.25,0.0,0.0,,,,,
2018-08-31,2109.5,0.0,0.0,,,,,
2018-09-01,2109.5,0.0,0.0,,,,,
2018-09-02,2109.5,0.0,0.0,,,,,
2018-09-03,2076.25,210.0,436012.5,,,,,
2018-09-04,2039.75,0.0,0.0,,,,,
2018-09-05,2044.25,0.0,0.0,,,,,
2018-09-06,2008.0,0.0,0.0,,,,,
2018-09-07,2036.25,0.0,0.0,,,,,
2018-09-08,2036.25,0.0,0.0,,,,,
2018-09-09,2036.25,0.0,0.0,,,,,
2018-09-10,2060.25,0.0,0.0,,,,,
2018-09-11,2008.5,0.0,0.0,,,,,
2018-09-12,2028.0,0.0,0.0,,,,,
2018-09-13,2029.0,0.0,0.0,,,,,
2018-09-14,2007.0,0.0,0.0,,,,,
2018-09-15,2007.0,0.0,0.0,,,,,
2018-09-16,2007.0,0.0,0.0,,,,,
2018-09-17,2012.25,560.0,1126860.0,,,,,
2018-09-18,2012.5,140.0,281750.0,,,,,
2018-09-19,2003.0,0.0,0.0,,,,,
2018-09-20,2023.5,0.0,0.0,,,,,
2018-09-21,2074.5,0.0,0.0,,,,,
2018-09-22,2074.5,0.0,0.0,,,,,
2018-09-23,2074.5,0.0,0.0,,,,,
2018-09-24,2041.5,0.0,0.0,,,,,
2018-09-25,2054.0,0.0,0.0,,,,,
2018-09-26,2053.75,0.0,0.0,,,,,
2018-09-27,2020.0,0.0,0.0,,,,,
2018-09-28,2056.0,0.0,0.0,,,,,
2018-09-29,2056.0,0.0,0.0,,,,,
2018-09-30,2056.0,0.0,0.0,,,,,
2018-10-01,2079.0,0.0,0.0,,,,,
2018-10-02,2109.5,0.0,0.0,,,,,
2018-10-03,2205.0,800.0,1764000.0,,,,,
2018-10-04,2171.5,0.0,0.0,,,,,
2018-10-05,2132.0,0.0,0.0,,,,,
2018-10-06,2132.0,0.0,0.0,,,,,
2018-10-07,2132.0,0.0,0.0,,,,,
2018-10-08,2067.5,0.0,0.0,,,,,
2018-10-09,2053.0,0.0,0.0,,,,,
2018-10-10,2044.0,0.0,0.0,,,,,
2018-10-11,2014.5,0.0,0.0,,,,,
2018-10-12,2034.5,0.0,0.0,,,,,
2018-10-13,2034.5,0.0,0.0,,,,,
2018-10-14,2034.5,0.0,0.0,,,,,
2018-10-15,2031.0,360.0,731160.0,,,,,
2018-10-16,2039.0,0.0,0.0,,,,,
2018-10-17,2030.75,0.0,0.0,,,,,
2018-10-18,2023.25,0.0,0.0,,,,,
2018-10-19,2010.5,290.0,583045.0,,,,,
2018-10-20,2010.5,0.0,0.0,,,,,
2018-10-21,2010.5,0.0,0.0,,,,,
2018-10-22,2010.0,0.0,0.0,,,,,
2018-10-23,1997.0,0.0,0.0,,,,,
2018-10-24,1992.0,0.0,0.0,,,,,
2018-10-25,1985.75,0.0,0.0,,,,,
2018-10-26,1994.25,0.0,0.0,,,,,
2018-10-27,1994.25,0.0,0.0,,,,,
2018-10-28,1994.25,0.0,0.0,,,,,
2018-10-29,1975.75,0.0,0.0,,,,,
2018-10-30,1959.5,30.0,58785.0,,,,,
2018-10-31,1947.0,0.0,0.0,,,,,
2018-11-01,1958.25,0.0,0.0,,,,,
2018-11-02,1968.5,0.0,0.0,,,,,
2018-11-03,1968.5,0.0,0.0,,,,,
2018-11-04,1968.5,0.0,0.0,,,,,
2018-11-05,1964.0,0.0,0.0,,,,,
2018-11-06,1942.0,0.0,0.0,,,,,
2018-11-07,1977.75,0.0,0.0,,,,,
2018-11-08,1984.5,30.0,59535.0,,,,,
2018-11-09,1950.5,0.0,0.0,,,,,
2018-11-10,1950.5,0.0,0.0,,,,,
2018-11-11,1950.5,0.0,0.0,,,,,
2018-11-12,1934.0,0.0,0.0,,,,,
2018-11-13,1926.0,0.0,0.0,,,,,
2018-11-14,1929.5,0.0,0.0,,,,,
2018-11-15,1908.5,0.0,0.0,,,,,
2018-11-16,1937.0,0.0,0.0,,,,,
2018-11-17,1937.0,0.0,0.0,,,,,
2018-11-18,1937.0,0.0,0.0,,,,,
2018-11-19,1932.5,0.0,0.0,,,,,
2018-11-20,1944.25,260.0,505505.0,,,,,
2018-11-21,1958.25,0.0,0.0,,,,,
2018-11-22,1950.25,0.0,0.0,,,,,
2018-11-23,1951.25,0.0,0.0,,,,,
2018-11-24,1951.25,0.0,0.0,,,,,
2018-11-25,1951.25,0.0,0.0,,,,,
2018-11-26,1952.5,0.0,0.0,,,,,
2018-11-27,1932.0,0.0,0.0,,,,,
2018-11-28,1936.75,210.0,406717.5,,,,,
2018-11-29,1946.75,0.0,0.0,,,,,
2018-11-30,1966.75,200.0,393350.0,,,,,
2018-12-01,1966.75,0.0,0.0,,,,,
2018-12-02,1966.75,0.0,0.0,,,,,
2018-12-03,1981.75,0.0,0.0,,,,,
2018-12-04,1981.25,0.0,0.0,,,,,
2018-12-05,1977.25,0.0,0.0,,,,,
2018-12-06,1943.0,450.0,874350.0,,,,,
2018-12-07,1956.5,0.0,0.0,,,,,
2018-12-08,1956.5,0.0,0.0,,,,,
2018-12-09,1956.5,0.0,0.0,,,,,
2018-12-10,1933.75,0.0,0.0,,,,,
2018-12-11,1931.5,0.0,0.0,,,,,
2018-12-12,1925.25,0.0,0.0,,,,,
2018-12-13,1915.0,0.0,0.0,,,,,
2018-12-14,1901.25,0.0,0.0,,,,,
2018-12-15,1901.25,0.0,0.0,,,,,
2018-12-16,1901.25,0.0,0.0,,,,,
2018-12-17,1918.25,0.0,0.0,,,,,
2018-12-18,1899.75,0.0,0.0,,,,,
2018-12-19,1902.5,0.0,0.0,,,,,
2018-12-20,1888.25,0.0,0.0,,,,,
2018-12-21,1885.75,0.0,0.0,,,,,
2018-12-22,1885.75,0.0,0.0,,,,,
2018-12-23,1885.75,0.0,0.0,,,,,
2018-12-24,1869.75,0.0,0.0,,,,,
2018-12-25,1869.75,0.0,0.0,,,,,
2018-12-26,1869.75,0.0,0.0,,,,,
2018-12-27,1827.5,0.0,0.0,,,,,
2018-12-28,1827.5,0.0,0.0,,,,,
2018-12-29,1827.5,0.0,0.0,,,,,
2018-12-30,1827.5,0.0,0.0,,,,,
2018-12-31,1822.75,0.0,0.0,,,,,
2019-01-01,1822.75,0.0,0.0,,,,,
2019-01-02,1773.0,0.0,0.0,,,,,
2019-01-03,1817.5,0.0,0.0,,,,,
2019-01-04,1850.25,0.0,0.0,,,,,
2019-01-05,1850.25,0.0,0.0,,,,,
2019-01-06,1850.25,0.0,0.0,,,,,
2019-01-07,1860.25,0.0,0.0,,,,,
2019-01-08,1842.25,0.0,0.0,,,,,
2019-01-09,1831.25,0.0,0.0,,,,,
2019-01-10,1840.75,0.0,0.0,,,,,
2019-01-11,1813.5,0.0,0.0,,,,,
2019-01-12,1813.5,0.0,0.0,,,,,
2019-01-13,1813.5,0.0,0.0,,,,,
2019-01-14,1818.0,380.0,690840.0,,,,,
2019-01-15,1840.25,0.0,0.0,,,,,
2019-01-16,1852.25,0.0,0.0,,,,,
2019-01-17,1853.25,0.0,0.0,,,,,
2019-01-18,1870.0,0.0,0.0,,,,,
2019-01-19,1870.0,0.0,0.0,,,,,
2019-01-20,1870.0,0.0,0.0,,,,,
2019-01-21,1850.5,0.0,0.0,,,,,
2019-01-22,1883.5,20.0,37670.0,,,,,
2019-01-23,1907.25,0.0,0.0,,,,,
2019-01-24,1884.75,0.0,0.0,,,,,
2019-01-25,1912.75,0.0,0.0,,,,,
2019-01-26,1912.75,0.0,0.0,,,,,
2019-01-27,1912.75,0.0,0.0,,,,,
2019-01-28,1856.5,0.0,0.0,,,,,
2019-01-29,1882.25,0.0,0.0,,,,,
2019-01-30,1899.75,0.0,0.0,,,,,
2019-01-31,1901.0,0.0,0.0,,,,,
2019-02-01,1867.25,0.0,0.0,,,,,
2019-02-02,1867.25,0.0,0.0,,,,,
2019-02-03,1867.25,0.0,0.0,,,,,
2019-02-04,1903.5,0.0,0.0,,,,,
2019-02-05,1907.25,0.0,0.0,,,,,
2019-02-06,1890.0,70.0,132300.0,,,,,
2019-02-07,1878.0,0.0,0.0,,,,,
2019-02-08,1879.75,0.0,0.0,,,,,
2019-02-09,1879.75,0.0,0.0,,,,,
2019-02-10,1879.75,0.0,0.0,,,,,
2019-02-11,1860.75,0.0,0.0,,,,,
2019-02-12,1836.75,0.0,0.0,,,,,
2019-02-13,1836.5,0.0,0.0,,,,,
2019-02-14,1821.5,0.0,0.0,,,,,
2019-02-15,1825.75,100.0,182575.0,,,,,
2019-02-16,1825.75,0.0,0.0,,,,,
2019-02-17,1825.75,0.0,0.0,,,,,
2019-02-18,1837.75,0.0,0.0,,,,,
2019-02-19,1840.0,0.0,0.0,,,,,
2019-02-20,1855.0,0.0,0.0,,,,,
2019-02-21,1893.25,0.0,0.0,,,,,
2019-02-22,1897.5,0.0,0.0,,,,,
2019-02-23,1897.5,0.0,0.0,,,,,
2019-02-24,1897.5,0.0,0.0,,,,,
2019-02-25,1888.5,0.0,0.0,,,,,
2019-02-26,1893.0,160.0,302880.0,,,,,
2019-02-27,1904.5,0.0,0.0,,,,,
2019-02-28,1894.75,0.0,0.0,,,,,
2019-03-01,1900.75,0.0,0.0,,,,,
2019-03-02,1900.75,0.0,0.0,,,,,
2019-03-03,1900.75,0.0,0.0,,,,,
2019-03-04,1855.0,0.0,0.0,,,,,
2019-03-05,1851.75,0.0,0.0,,,,,
2019-03-06,1842.75,0.0,0.0,,,,,
2019-03-07,1840.0,0.0,0.0,,,,,
2019-03-08,1845.25,0.0,0.0,,,,,
2019-03-09,1845.25,0.0,0.0,,,,,
2019-03-10,1845.25,0.0,0.0,,,,,
2019-03-11,1819.75,0.0,0.0,,,,,
2019-03-12,1850.0,0.0,0.0,,,,,
2019-03-13,1883.25,0.0,0.0,,,,,
2019-03-14,1878.25,0.0,0.0,,,,,
2019-03-15,1886.5,0.0,0.0,,,,,
2019-03-16,1886.5,0.0,0.0,,,,,
2019-03-17,1886.5,0.0,0.0,,,,,
2019-03-18,1911.25,0.0,0.0,,,,,
2019-03-19,1935.5,0.0,0.0,,,,,
2019-03-20,1926.0,0.0,0.0,,,,,
2019-03-21,1885.25,790.0,1489347.5,,,,,
2019-03-22,1888.0,0.0,0.0,,,,,
2019-03-23,1888.0,0.0,0.0,,,,,
2019-03-24,1888.0,0.0,0.0,,,,,
2019-03-25,1865.25,0.0,0.0,,,,,
2019-03-26,1875.75,0.0,0.0,,,,,
2019-03-27,1902.5,0.0,0.0,,,,,
2019-03-28,1893.75,0.0,0.0,,,,,
2019-03-29,1900.25,0.0,0.0,,,,,
2019-03-30,1900.25,0.0,0.0,,,,,
2019-03-31,1900.25,0.0,0.0,,,,,
2019-04-01,1883.0,0.0,0.0,,,,,
2019-04-02,1869.5,0.0,0.0,,,,,
2019-04-03,1878.5,0.0,0.0,,,,,
2019-04-04,1877.5,0.0,0.0,,,,,
2019-04-05,1882.75,0.0,0.0,,,,,
2019-04-06,1882.75,0.0,0.0,,,,,
2019-04-07,1882.75,0.0,0.0,,,,,
2019-04-08,1848.25,0.0,0.0,,,,,
2019-04-09,1854.5,0.0,0.0,,,,,
2019-04-10,1842.0,250.0,460500.0,,,,,
2019-04-11,1841.25,0.0,0.0,,,,,
2019-04-12,1844.5,0.0,0.0,,,,,
2019-04-13,1844.5,0.0,0.0,,,,,
2019-04-14,1844.5,0.0,0.0,,,,,
2019-04-15,1845.0,0.0,0.0,,,,,
2019-04-16,1837.75,0.0,0.0,,,,,
2019-04-17,1832.75,0.0,0.0,,,,,
2019-04-18,1850.25,0.0,0.0,,,,,
2019-04-19,1850.25,0.0,0.0,,,,,
2019-04-20,1850.25,0.0,0.0,,,,,
2019-04-21,1850.25,0.0,0.0,,,,,
2019-04-22,1850.25,0.0,0.0,,,,,
2019-04-23,1847.5,0.0,0.0,,,,,
2019-04-24,1854.0,0.0,0.0,,,,,
2019-04-25,1839.0,0.0,0.0,,,,,
2019-04-26,1818.0,0.0,0.0,,,,,
2019-04-27,1818.0,0.0,0.0,,,,,
2019-04-28,1818.0,0.0,0.0,,,,,
2019-04-29,1803.75,0.0,0.0,,,,,
2019-04-30,1773.0,0.0,0.0,,,,,
2019-05-01,1791.0,0.0,0.0,,,,,
2019-05-02,1790.5,40.0,71620.0,,,,,
2019-05-03,1769.5,0.0,0.0,,,,,
2019-05-04,1769.5,0.0,0.0,,,,,
2019-05-05,1769.5,0.0,0.0,,,,,
2019-05-06,1769.5,0.0,0.0,,,,,
2019-05-07,1788.5,0.0,0.0,,,,,
2019-05-08,1768.0,0.0,0.0,,,,,
2019-05-09,1768.75,0.0,0.0,,,,,
2019-05-10,1777.25,0.0,0.0,,,,,
2019-05-11,1777.25,0.0,0.0,,,,,
2019-05-12,1777.25,0.0,0.0,,,,,
2019-05-13,1790.5,0.0,0.0,,,,,
2019-05-14,1826.5,0.0,0.0,,,,,
2019-05-15,1837.25,0.0,0.0,,,,,
2019-05-16,1842.75,130.0,239557.5,,,,,
2019-05-17,1819.0,30.0,54570.0,,,,,
2019-05-18,1819.0,0.0,0.0,,,,,
2019-05-19,1819.0,0.0,0.0,,,,,
2019-05-20,1777.5,0.0,0.0,,,,,
2019-05-21,1775.25,0.0,0.0,,,,,
2019-05-22,1757.5,0.0,0.0,,,,,
2019-05-23,1776.25,0.0,0.0,,,,,
2019-05-24,1780.0,0.0,0.0,,,,,
2019-05-25,1780.0,0.0,0.0,,,,,
2019-05-26,1780.0,0.0,0.0,,,,,
2019-05-27,1780.0,0.0,0.0,,,,,
2019-05-28,1786.5,0.0,0.0,,,,,
2019-05-29,1774.25,0.0,0.0,,,,,
2019-05-30,1781.5,0.0,0.0,,,,,
2019-05-31,1777.5,0.0,0.0,,,,,
2019-06-01,1777.5,0.0,0.0,,,,,
2019-06-02,1777.5,0.0,0.0,,,,,
2019-06-03,1757.75,0.0,0.0,,,,,
2019-06-04,1766.25,0.0,0.0,,,,,
2019-06-05,1748.75,0.0,0.0,,,,,
2019-06-06,1750.75,0.0,0.0,,,,,
2019-06-07,1737.5,0.0,0.0,,,,,
2019-06-08,1737.5,0.0,0.0,,,,,
2019-06-09,1737.5,0.0,0.0,,,,,
2019-06-10,1749.0,0.0,0.0,,,,,
2019-06-11,1752.0,0.0,0.0,,,,,
2019-06-12,1762.25,10.0,17622.5,,,,,
2019-06-13,1757.0,0.0,0.0,,,,,
2019-06-14,1733.5,0.0,0.0,,,,,
2019-06-15,1733.5,0.0,0.0,,,,,
2019-06-16,1733.5,0.0,0.0,,,,,
2019-06-17,1738.25,0.0,0.0,,,,,
2019-06-18,1761.75,0.0,0.0,,,,,
2019-06-19,1767.0,0.0,0.0,,,,,
2019-06-20,1764.5,0.0,0.0,,,,,
2019-06-21,1750.25,0.0,0.0,,,,,
2019-06-22,1750.25,0.0,0.0,,,,,
2019-06-23,1750.25,0.0,0.0,,,,,
2019-06-24,1776.0,10.0,17760.0,,,,,
2019-06-25,1797.25,0.0,0.0,,,,,
2019-06-26,1802.25,430.0,774967.5,,,,,
2019-06-27,1772.5,0.0,0.0,,,,,
2019-06-28,1782.25,0.0,0.0,,,,,
2019-06-29,1782.25,0.0,0.0,,,,,
2019-06-30,1782.25,0.0,0.0,,,,,
2019-07-01,1775.0,0.0,0.0,,,,,
2019-07-02,1761.75,0.0,0.0,,,,,
2019-07-03,1770.25,0.0,0.0,,,,,
2019-07-04,1787.75,0.0,0.0,,,,,
2019-07-05,1787.0,0.0,0.0,,,,,
2019-07-06,1787.0,0.0,0.0,,,,,
2019-07-07,1787.0,0.0,0.0,,,,,
2019-07-08,1792.5,0.0,0.0,,,,,
2019-07-09,1809.5,0.0,0.0,,,,,
2019-07-10,1835.5,0.0,0.0,,,,,
2019-07-11,1808.5,0.0,0.0,,,,,
2019-07-12,1802.75,0.0,0.0,,,,,
2019-07-13,1802.75,0.0,0.0,,,,,
2019-07-14,1802.75,0.0,0.0,,,,,
2019-07-15,1834.25,0.0,0.0,,,,,
2019-07-16,1841.5,0.0,0.0,,,,,
2019-07-17,1839.0,0.0,0.0,,,,,
2019-07-18,1843.75,0.0,0.0,,,,,
2019-07-19,1834.25,140.0,256795.0,,,,,
2019-07-20,1834.25,0.0,0.0,,,,,
2019-07-21,1834.25,0.0,0.0,,,,,
2019-07-22,1814.0,0.0,0.0,,,,,
